-- 重庆邮电大学智慧访客预约与出入校管理系统演示数据
-- 本脚本使用 CURRENT_DATE()/NOW() 生成动态日期，适合最终演示、截图和报告。
USE cqupt_visitor_system;
SET NAMES utf8mb4;
SET FOREIGN_KEY_CHECKS = 0;
TRUNCATE TABLE report_record;
TRUNCATE TABLE screenshot_record;
TRUNCATE TABLE operation_log;
TRUNCATE TABLE notice;
TRUNCATE TABLE blacklist;
TRUNCATE TABLE access_record;
TRUNCATE TABLE pass_code;
TRUNCATE TABLE approval_record;
TRUNCATE TABLE visitor_companion;
TRUNCATE TABLE visit_apply;
TRUNCATE TABLE visitor_vehicle;
TRUNCATE TABLE visitor;
TRUNCATE TABLE sys_role_permission;
TRUNCATE TABLE sys_user_role;
TRUNCATE TABLE sys_user;
TRUNCATE TABLE dict_item;
TRUNCATE TABLE dict_type;
TRUNCATE TABLE campus_gate;
TRUNCATE TABLE sys_permission;
TRUNCATE TABLE sys_role;
TRUNCATE TABLE department;
SET FOREIGN_KEY_CHECKS = 1;

INSERT INTO department (id, parent_id, dept_code, dept_name, leader_user_id, phone, sort_order, status) VALUES
(1, NULL, 'CQUPT', '重庆邮电大学', NULL, '023-62460000', 1, 'ENABLED'),
(2, 1, 'TXGC', '信息与通信工程学院', NULL, '023-62460101', 2, 'ENABLED'),
(3, 1, 'JSJ', '计算机科学与技术学院', NULL, '023-62460102', 3, 'ENABLED'),
(4, 1, 'ZDH', '自动化学院', NULL, '023-62460103', 4, 'ENABLED'),
(5, 1, 'GDGC', '光电工程学院', NULL, '023-62460104', 5, 'ENABLED'),
(6, 1, 'WLAQ', '网络空间安全与信息法学院', NULL, '023-62460105', 6, 'ENABLED'),
(7, 1, 'JJGL', '经济管理学院', NULL, '023-62460106', 7, 'ENABLED'),
(8, 1, 'CMYS', '传媒艺术学院', NULL, '023-62460107', 8, 'ENABLED'),
(9, 1, 'RGZN', '人工智能学院', NULL, '023-62460108', 9, 'ENABLED'),
(10, 1, 'YJSY', '研究生院', NULL, '023-62460109', 10, 'ENABLED'),
(11, 1, 'JWC', '教务处', NULL, '023-62460110', 11, 'ENABLED'),
(12, 1, 'BWC', '保卫处', NULL, '023-62460119', 12, 'ENABLED'),
(13, 1, 'HQGL', '后勤管理处', NULL, '023-62460120', 13, 'ENABLED');

INSERT INTO sys_role (id, role_code, role_name, role_desc, status) VALUES
(1, 'VISITOR', '访客', '校外访客自助预约与查看预约进度', 'ENABLED'),
(2, 'HOST', '被访人', '校内教师或职工确认本人相关预约', 'ENABLED'),
(3, 'DEPT_APPROVER', '部门审批人员', '负责本部门预约审批', 'ENABLED'),
(4, 'GATE_GUARD', '门岗安保人员', '负责门岗核验和出入校登记', 'ENABLED'),
(5, 'ADMIN', '系统管理员', '维护系统基础数据、用户和权限', 'ENABLED'),
(6, 'SCHOOL_MANAGER', '校级管理人员', '查看全校访客统计和运行报表', 'ENABLED');

INSERT INTO sys_permission (id, permission_code, permission_name, permission_type, parent_id, route_path, component_path, api_path, sort_order, status) VALUES
(1, 'dashboard:view', '首页驾驶舱', 'MENU', NULL, '/dashboard', 'views/Dashboard.vue', NULL, 1, 'ENABLED'),
(2, 'visit:apply', '访客预约申请', 'MENU', NULL, '/visit/apply', 'views/visit/Apply.vue', NULL, 2, 'ENABLED'),
(3, 'visit:mine', '我的预约', 'MENU', NULL, '/visit/mine', 'views/visit/MyApply.vue', NULL, 3, 'ENABLED'),
(4, 'host:confirm', '待确认预约', 'MENU', NULL, '/approval/host', 'views/approval/HostConfirm.vue', NULL, 4, 'ENABLED'),
(5, 'dept:approve', '部门审批', 'MENU', NULL, '/approval/department', 'views/approval/DepartmentApproval.vue', NULL, 5, 'ENABLED'),
(6, 'gate:verify', '门岗核验', 'MENU', NULL, '/gate/verify', 'views/gate/Verify.vue', NULL, 6, 'ENABLED'),
(7, 'access:entry', '入校登记', 'MENU', NULL, '/access/entry', 'views/access/Entry.vue', NULL, 7, 'ENABLED'),
(8, 'access:exit', '离校登记', 'MENU', NULL, '/access/leave', 'views/access/Leave.vue', NULL, 8, 'ENABLED'),
(9, 'access:current', '当前在校访客', 'MENU', NULL, '/access/current', 'views/access/CurrentVisitors.vue', NULL, 9, 'ENABLED'),
(10, 'access:overtime', '超时未离校访客', 'MENU', NULL, '/access/overtime', 'views/access/OvertimeVisitors.vue', NULL, 10, 'ENABLED'),
(11, 'blacklist:manage', '黑名单管理', 'MENU', NULL, '/blacklist', 'views/blacklist/Blacklist.vue', NULL, 11, 'ENABLED'),
(12, 'visit:record', '访客记录查询', 'MENU', NULL, '/records', 'views/records/VisitRecords.vue', NULL, 12, 'ENABLED'),
(13, 'statistics:view', '统计报表', 'MENU', NULL, '/reports', 'views/reports/Statistics.vue', NULL, 13, 'ENABLED'),
(14, 'user:manage', '用户管理', 'MENU', NULL, '/system/users', 'views/system/UserManage.vue', NULL, 14, 'ENABLED'),
(15, 'role:permission', '角色权限管理', 'MENU', NULL, '/system/roles', 'views/system/RolePermission.vue', NULL, 15, 'ENABLED'),
(16, 'dept:manage', '部门管理', 'MENU', NULL, '/system/departments', 'views/system/DepartmentManage.vue', NULL, 16, 'ENABLED'),
(17, 'gate:manage', '校门管理', 'MENU', NULL, '/system/gates', 'views/system/GateManage.vue', NULL, 17, 'ENABLED'),
(18, 'log:view', '系统日志', 'MENU', NULL, '/system/logs', 'views/system/SystemLog.vue', NULL, 18, 'ENABLED'),
(19, 'auth:login', '登录接口', 'API', NULL, NULL, NULL, '/api/auth/login', 19, 'ENABLED'),
(20, 'workflow:operate', '访客流程接口', 'API', NULL, NULL, NULL, '/api/workflow/**', 20, 'ENABLED'),
(21, 'statistics:api', '统计报表接口', 'API', NULL, NULL, NULL, '/api/statistics/**', 21, 'ENABLED');

INSERT INTO dict_type (id, type_code, type_name, remark, status) VALUES
(1, 'apply_status', '预约状态', '访客预约审批状态', 'ENABLED'),
(2, 'access_status', '访问状态', '访客出入校状态', 'ENABLED'),
(3, 'pass_status', '通行凭证状态', '通行码生命周期状态', 'ENABLED'),
(4, 'approval_result', '审批结果', '审批动作结果', 'ENABLED'),
(5, 'visitor_type', '访客类型', '演示数据访客来源类型', 'ENABLED'),
(6, 'blacklist_level', '黑名单等级', '风险等级', 'ENABLED');
INSERT INTO dict_item (id, type_id, item_code, item_name, item_value, sort_order, status, remark) VALUES
(1, 1, 'PENDING_HOST', '待被访人确认', 'PENDING_HOST', 1, 'ENABLED', '演示字典项'),
(2, 1, 'HOST_CONFIRMED', '被访人已确认', 'HOST_CONFIRMED', 2, 'ENABLED', '演示字典项'),
(3, 1, 'PENDING_DEPT', '待部门审批', 'PENDING_DEPT', 3, 'ENABLED', '演示字典项'),
(4, 1, 'APPROVED', '审批通过', 'APPROVED', 4, 'ENABLED', '演示字典项'),
(5, 1, 'REJECTED', '审批拒绝', 'REJECTED', 5, 'ENABLED', '演示字典项'),
(6, 1, 'HOST_REJECTED', '被访人已拒绝', 'HOST_REJECTED', 6, 'ENABLED', '演示字典项'),
(7, 1, 'CANCELED', '已取消', 'CANCELED', 7, 'ENABLED', '演示字典项'),
(8, 1, 'REJECTED_BLACKLIST', '黑名单拦截', 'REJECTED_BLACKLIST', 8, 'ENABLED', '演示字典项'),
(9, 2, 'NOT_ENTERED', '未入校', 'NOT_ENTERED', 1, 'ENABLED', '演示字典项'),
(10, 2, 'ENTERED', '已入校', 'ENTERED', 2, 'ENABLED', '演示字典项'),
(11, 2, 'EXITED', '已离校', 'EXITED', 3, 'ENABLED', '演示字典项'),
(12, 2, 'OVERTIME', '超时未离校', 'OVERTIME', 4, 'ENABLED', '演示字典项'),
(13, 2, 'ABNORMAL', '异常处理', 'ABNORMAL', 5, 'ENABLED', '演示字典项'),
(14, 3, 'VALID', '有效', 'VALID', 1, 'ENABLED', '演示字典项'),
(15, 3, 'USED', '已使用', 'USED', 2, 'ENABLED', '演示字典项'),
(16, 3, 'EXPIRED', '已过期', 'EXPIRED', 3, 'ENABLED', '演示字典项'),
(17, 3, 'DISABLED', '已作废', 'DISABLED', 4, 'ENABLED', '演示字典项'),
(18, 4, 'APPROVED', '同意', 'APPROVED', 1, 'ENABLED', '演示字典项'),
(19, 4, 'REJECTED', '拒绝', 'REJECTED', 2, 'ENABLED', '演示字典项'),
(20, 4, 'PENDING', '待处理', 'PENDING', 3, 'ENABLED', '演示字典项'),
(21, 4, 'RETURNED', '退回修改', 'RETURNED', 4, 'ENABLED', '演示字典项'),
(22, 5, 'PARENT', '学生家长', 'PARENT', 1, 'ENABLED', '演示字典项'),
(23, 5, 'ENTERPRISE', '企业合作人员', 'ENTERPRISE', 2, 'ENABLED', '演示字典项'),
(24, 5, 'MAINTENANCE', '后勤维修人员', 'MAINTENANCE', 3, 'ENABLED', '演示字典项'),
(25, 5, 'ACADEMIC', '学术交流人员', 'ACADEMIC', 4, 'ENABLED', '演示字典项'),
(26, 5, 'INTERVIEW', '面试人员', 'INTERVIEW', 5, 'ENABLED', '演示字典项'),
(27, 5, 'DELIVERY', '快递或配送人员', 'DELIVERY', 6, 'ENABLED', '演示字典项'),
(28, 5, 'ALUMNI', '校友', 'ALUMNI', 7, 'ENABLED', '演示字典项'),
(29, 5, 'EXPERT', '外聘专家', 'EXPERT', 8, 'ENABLED', '演示字典项'),
(30, 6, 'WARNING', '提醒关注', 'WARNING', 1, 'ENABLED', '演示字典项'),
(31, 6, 'LIMITED', '限制通行', 'LIMITED', 2, 'ENABLED', '演示字典项'),
(32, 6, 'FORBIDDEN', '禁止通行', 'FORBIDDEN', 3, 'ENABLED', '演示字典项');

INSERT INTO campus_gate (id, gate_code, gate_name, gate_location, gate_type, status, remark) VALUES
(1, 'TFM', '腾飞门', '南岸校区腾飞广场入口', 'PEDESTRIAN', 'ENABLED', '演示数据校门'),
(2, 'BM', '北门', '南岸校区北侧主入口', 'VEHICLE', 'ENABLED', '演示数据校门'),
(3, 'CWM', '崇文门', '崇文路校园入口', 'PEDESTRIAN', 'ENABLED', '演示数据校门'),
(4, 'XM', '西门', '西区道路入口', 'VEHICLE', 'ENABLED', '演示数据校门'),
(5, 'XNM', '西南门', '西南侧教学区入口', 'VEHICLE', 'ENABLED', '演示数据校门'),
(6, 'TSK', '图书馆访客入口', '图书馆一楼访客通道', 'PEDESTRIAN', 'ENABLED', '演示数据校门'),
(7, 'CYY', '创新创业园门岗', '创新创业园区入口', 'VEHICLE', 'ENABLED', '演示数据校门');

INSERT INTO sys_user (id, username, password_hash, real_name, phone, email, department_id, user_type, status, last_login_time) VALUES
(1, 'admin', '$2b$10$5pEOo2KWkcTaG5.cUGW3gemS2DeLtd5R.jddXUQm/nfnRFqz1RK4m', '系统管理员', '13800000001', 'admin@cqupt.edu.cn', 12, 'ADMIN', 'ENABLED', DATE_SUB(NOW(), INTERVAL 25 HOUR)),
(2, 'admin02', '$2b$10$5pEOo2KWkcTaG5.cUGW3gemS2DeLtd5R.jddXUQm/nfnRFqz1RK4m', '平台管理员', '13800000002', 'admin02@cqupt.edu.cn', 12, 'ADMIN', 'ENABLED', DATE_SUB(NOW(), INTERVAL 50 HOUR)),
(3, 'visitor01', '$2b$10$5pEOo2KWkcTaG5.cUGW3gemS2DeLtd5R.jddXUQm/nfnRFqz1RK4m', '访客演示账号', '13800000003', 'visitor01@example.com', NULL, 'VISITOR', 'ENABLED', DATE_SUB(NOW(), INTERVAL 75 HOUR)),
(4, 'teacher01', '$2b$10$5pEOo2KWkcTaG5.cUGW3gemS2DeLtd5R.jddXUQm/nfnRFqz1RK4m', '张启航', '13810000001', 'teacher01@cqupt.edu.cn', 2, 'HOST', 'ENABLED', DATE_SUB(NOW(), INTERVAL 100 HOUR)),
(5, 'teacher02', '$2b$10$5pEOo2KWkcTaG5.cUGW3gemS2DeLtd5R.jddXUQm/nfnRFqz1RK4m', '李静怡', '13810000002', 'teacher02@cqupt.edu.cn', 3, 'HOST', 'ENABLED', DATE_SUB(NOW(), INTERVAL 125 HOUR)),
(6, 'teacher03', '$2b$10$5pEOo2KWkcTaG5.cUGW3gemS2DeLtd5R.jddXUQm/nfnRFqz1RK4m', '王明远', '13810000003', 'teacher03@cqupt.edu.cn', 4, 'HOST', 'ENABLED', DATE_SUB(NOW(), INTERVAL 150 HOUR)),
(7, 'teacher04', '$2b$10$5pEOo2KWkcTaG5.cUGW3gemS2DeLtd5R.jddXUQm/nfnRFqz1RK4m', '赵雨晴', '13810000004', 'teacher04@cqupt.edu.cn', 5, 'HOST', 'ENABLED', DATE_SUB(NOW(), INTERVAL 168 HOUR)),
(8, 'teacher05', '$2b$10$5pEOo2KWkcTaG5.cUGW3gemS2DeLtd5R.jddXUQm/nfnRFqz1RK4m', '陈思远', '13810000005', 'teacher05@cqupt.edu.cn', 6, 'HOST', 'ENABLED', DATE_SUB(NOW(), INTERVAL 193 HOUR)),
(9, 'teacher06', '$2b$10$5pEOo2KWkcTaG5.cUGW3gemS2DeLtd5R.jddXUQm/nfnRFqz1RK4m', '刘若琳', '13810000006', 'teacher06@cqupt.edu.cn', 7, 'HOST', 'ENABLED', DATE_SUB(NOW(), INTERVAL 218 HOUR)),
(10, 'teacher07', '$2b$10$5pEOo2KWkcTaG5.cUGW3gemS2DeLtd5R.jddXUQm/nfnRFqz1RK4m', '杨嘉宁', '13810000007', 'teacher07@cqupt.edu.cn', 8, 'HOST', 'ENABLED', DATE_SUB(NOW(), INTERVAL 3 HOUR)),
(11, 'teacher08', '$2b$10$5pEOo2KWkcTaG5.cUGW3gemS2DeLtd5R.jddXUQm/nfnRFqz1RK4m', '黄子涵', '13810000008', 'teacher08@cqupt.edu.cn', 9, 'HOST', 'ENABLED', DATE_SUB(NOW(), INTERVAL 28 HOUR)),
(12, 'teacher09', '$2b$10$5pEOo2KWkcTaG5.cUGW3gemS2DeLtd5R.jddXUQm/nfnRFqz1RK4m', '周安琪', '13810000009', 'teacher09@cqupt.edu.cn', 10, 'HOST', 'ENABLED', DATE_SUB(NOW(), INTERVAL 53 HOUR)),
(13, 'teacher10', '$2b$10$5pEOo2KWkcTaG5.cUGW3gemS2DeLtd5R.jddXUQm/nfnRFqz1RK4m', '吴泽宇', '13810000010', 'teacher10@cqupt.edu.cn', 11, 'HOST', 'ENABLED', DATE_SUB(NOW(), INTERVAL 78 HOUR)),
(14, 'teacher11', '$2b$10$5pEOo2KWkcTaG5.cUGW3gemS2DeLtd5R.jddXUQm/nfnRFqz1RK4m', '徐欣然', '13810000011', 'teacher11@cqupt.edu.cn', 2, 'HOST', 'ENABLED', DATE_SUB(NOW(), INTERVAL 96 HOUR)),
(15, 'teacher12', '$2b$10$5pEOo2KWkcTaG5.cUGW3gemS2DeLtd5R.jddXUQm/nfnRFqz1RK4m', '孙博文', '13810000012', 'teacher12@cqupt.edu.cn', 3, 'HOST', 'ENABLED', DATE_SUB(NOW(), INTERVAL 121 HOUR)),
(16, 'teacher13', '$2b$10$5pEOo2KWkcTaG5.cUGW3gemS2DeLtd5R.jddXUQm/nfnRFqz1RK4m', '何佳怡', '13810000013', 'teacher13@cqupt.edu.cn', 4, 'HOST', 'ENABLED', DATE_SUB(NOW(), INTERVAL 146 HOUR)),
(17, 'teacher14', '$2b$10$5pEOo2KWkcTaG5.cUGW3gemS2DeLtd5R.jddXUQm/nfnRFqz1RK4m', '高宇航', '13810000014', 'teacher14@cqupt.edu.cn', 5, 'HOST', 'ENABLED', DATE_SUB(NOW(), INTERVAL 171 HOUR)),
(18, 'teacher15', '$2b$10$5pEOo2KWkcTaG5.cUGW3gemS2DeLtd5R.jddXUQm/nfnRFqz1RK4m', '郭晨曦', '13810000015', 'teacher15@cqupt.edu.cn', 6, 'HOST', 'ENABLED', DATE_SUB(NOW(), INTERVAL 196 HOUR)),
(19, 'approver01', '$2b$10$5pEOo2KWkcTaG5.cUGW3gemS2DeLtd5R.jddXUQm/nfnRFqz1RK4m', '冯立国', '13820000001', 'approver01@cqupt.edu.cn', 2, 'DEPT_APPROVER', 'ENABLED', DATE_SUB(NOW(), INTERVAL 221 HOUR)),
(20, 'approver02', '$2b$10$5pEOo2KWkcTaG5.cUGW3gemS2DeLtd5R.jddXUQm/nfnRFqz1RK4m', '唐雅雯', '13820000002', 'approver02@cqupt.edu.cn', 3, 'DEPT_APPROVER', 'ENABLED', DATE_SUB(NOW(), INTERVAL 6 HOUR)),
(21, 'approver03', '$2b$10$5pEOo2KWkcTaG5.cUGW3gemS2DeLtd5R.jddXUQm/nfnRFqz1RK4m', '蒋明辉', '13820000003', 'approver03@cqupt.edu.cn', 4, 'DEPT_APPROVER', 'ENABLED', DATE_SUB(NOW(), INTERVAL 24 HOUR)),
(22, 'approver04', '$2b$10$5pEOo2KWkcTaG5.cUGW3gemS2DeLtd5R.jddXUQm/nfnRFqz1RK4m', '袁晓峰', '13820000004', 'approver04@cqupt.edu.cn', 5, 'DEPT_APPROVER', 'ENABLED', DATE_SUB(NOW(), INTERVAL 49 HOUR)),
(23, 'approver05', '$2b$10$5pEOo2KWkcTaG5.cUGW3gemS2DeLtd5R.jddXUQm/nfnRFqz1RK4m', '程丽娜', '13820000005', 'approver05@cqupt.edu.cn', 6, 'DEPT_APPROVER', 'ENABLED', DATE_SUB(NOW(), INTERVAL 74 HOUR)),
(24, 'approver06', '$2b$10$5pEOo2KWkcTaG5.cUGW3gemS2DeLtd5R.jddXUQm/nfnRFqz1RK4m', '邓志强', '13820000006', 'approver06@cqupt.edu.cn', 7, 'DEPT_APPROVER', 'ENABLED', DATE_SUB(NOW(), INTERVAL 99 HOUR)),
(25, 'guard01', '$2b$10$5pEOo2KWkcTaG5.cUGW3gemS2DeLtd5R.jddXUQm/nfnRFqz1RK4m', '罗建军', '13830000001', 'guard01@cqupt.edu.cn', 12, 'GATE_GUARD', 'ENABLED', DATE_SUB(NOW(), INTERVAL 124 HOUR)),
(26, 'guard02', '$2b$10$5pEOo2KWkcTaG5.cUGW3gemS2DeLtd5R.jddXUQm/nfnRFqz1RK4m', '谢鹏飞', '13830000002', 'guard02@cqupt.edu.cn', 12, 'GATE_GUARD', 'ENABLED', DATE_SUB(NOW(), INTERVAL 149 HOUR)),
(27, 'guard03', '$2b$10$5pEOo2KWkcTaG5.cUGW3gemS2DeLtd5R.jddXUQm/nfnRFqz1RK4m', '马国强', '13830000003', 'guard03@cqupt.edu.cn', 12, 'GATE_GUARD', 'ENABLED', DATE_SUB(NOW(), INTERVAL 174 HOUR)),
(28, 'guard04', '$2b$10$5pEOo2KWkcTaG5.cUGW3gemS2DeLtd5R.jddXUQm/nfnRFqz1RK4m', '韩志勇', '13830000004', 'guard04@cqupt.edu.cn', 12, 'GATE_GUARD', 'ENABLED', DATE_SUB(NOW(), INTERVAL 192 HOUR)),
(29, 'guard05', '$2b$10$5pEOo2KWkcTaG5.cUGW3gemS2DeLtd5R.jddXUQm/nfnRFqz1RK4m', '彭涛', '13830000005', 'guard05@cqupt.edu.cn', 12, 'GATE_GUARD', 'ENABLED', DATE_SUB(NOW(), INTERVAL 217 HOUR)),
(30, 'manager01', '$2b$10$5pEOo2KWkcTaG5.cUGW3gemS2DeLtd5R.jddXUQm/nfnRFqz1RK4m', '许文博', '13840000001', 'manager01@cqupt.edu.cn', 1, 'SCHOOL_MANAGER', 'ENABLED', DATE_SUB(NOW(), INTERVAL 2 HOUR)),
(31, 'manager02', '$2b$10$5pEOo2KWkcTaG5.cUGW3gemS2DeLtd5R.jddXUQm/nfnRFqz1RK4m', '秦晓岚', '13840000002', 'manager02@cqupt.edu.cn', 1, 'SCHOOL_MANAGER', 'ENABLED', DATE_SUB(NOW(), INTERVAL 27 HOUR));

UPDATE department SET leader_user_id = 4 WHERE id = 2;
UPDATE department SET leader_user_id = 5 WHERE id = 3;
UPDATE department SET leader_user_id = 6 WHERE id = 4;
UPDATE department SET leader_user_id = 7 WHERE id = 5;
UPDATE department SET leader_user_id = 8 WHERE id = 6;
UPDATE department SET leader_user_id = 9 WHERE id = 7;
UPDATE department SET leader_user_id = 10 WHERE id = 8;
UPDATE department SET leader_user_id = 11 WHERE id = 9;
UPDATE department SET leader_user_id = 12 WHERE id = 10;
UPDATE department SET leader_user_id = 13 WHERE id = 11;
UPDATE department SET leader_user_id = 25 WHERE id = 12;
UPDATE department SET leader_user_id = 14 WHERE id = 13;

INSERT INTO sys_user_role (user_id, role_id) VALUES
(1, 5),
(2, 5),
(3, 1),
(4, 2),
(5, 2),
(6, 2),
(7, 2),
(8, 2),
(9, 2),
(10, 2),
(11, 2),
(12, 2),
(13, 2),
(14, 2),
(15, 2),
(16, 2),
(17, 2),
(18, 2),
(19, 3),
(20, 3),
(21, 3),
(22, 3),
(23, 3),
(24, 3),
(25, 4),
(26, 4),
(27, 4),
(28, 4),
(29, 4),
(30, 6),
(31, 6);
INSERT INTO sys_role_permission (role_id, permission_id) VALUES
(1, 1),
(1, 2),
(1, 3),
(1, 19),
(1, 20),
(2, 1),
(2, 3),
(2, 4),
(2, 12),
(2, 19),
(2, 20),
(3, 1),
(3, 5),
(3, 12),
(3, 19),
(3, 20),
(4, 1),
(4, 6),
(4, 7),
(4, 8),
(4, 9),
(4, 10),
(4, 19),
(4, 20),
(5, 1),
(5, 2),
(5, 3),
(5, 4),
(5, 5),
(5, 6),
(5, 7),
(5, 8),
(5, 9),
(5, 10),
(5, 11),
(5, 12),
(5, 13),
(5, 14),
(5, 15),
(5, 16),
(5, 17),
(5, 18),
(5, 19),
(5, 20),
(5, 21),
(6, 1),
(6, 9),
(6, 10),
(6, 12),
(6, 13),
(6, 18),
(6, 19),
(6, 21);

INSERT INTO visitor (id, visitor_name, id_type, id_number, phone, company, gender, visitor_level, status) VALUES
(1, '陈雨桐', 'ID_CARD', '500106197602020001', '13950000001', '重庆邮电大学学生家长', 'MALE', 'IMPORTANT', 'NORMAL'),
(2, '李宇航', 'ID_CARD', '500106197703030002', '13950000002', '重庆数智科技有限公司', 'FEMALE', 'TEMPORARY', 'NORMAL'),
(3, '王欣然', 'ID_CARD', '500106197804040003', '13950000003', '重庆市南岸区维修服务中心', 'MALE', 'NORMAL', 'NORMAL'),
(4, '张梓萱', 'ID_CARD', '500106197905050004', '13950000004', '西部科学城智能网联企业', 'FEMALE', 'IMPORTANT', 'NORMAL'),
(5, '刘承志', 'ID_CARD', '500106198006060005', '13950000005', '重庆日报传媒集团', 'MALE', 'TEMPORARY', 'NORMAL'),
(6, '杨晨曦', 'ID_CARD', '500106198107070006', '13950000006', '重庆邮电大学校友会', 'FEMALE', 'NORMAL', 'NORMAL'),
(7, '赵文博', 'ID_CARD', '500106198208080007', '13950000007', '重庆市软件园', 'MALE', 'IMPORTANT', 'NORMAL'),
(8, '黄静怡', 'ID_CARD', '500106198309090008', '13950000008', '重庆移动南岸分公司', 'FEMALE', 'TEMPORARY', 'NORMAL'),
(9, '周可欣', 'ID_CARD', '500106198410100009', '13950000009', '重庆邮电大学学生家长', 'MALE', 'NORMAL', 'NORMAL'),
(10, '吴明轩', 'ID_CARD', '500106198511110010', '13950000010', '重庆数智科技有限公司', 'FEMALE', 'IMPORTANT', 'NORMAL'),
(11, '徐雨桐', 'ID_CARD', '500106198612120011', '13950000011', '重庆市南岸区维修服务中心', 'MALE', 'TEMPORARY', 'NORMAL'),
(12, '孙宇航', 'ID_CARD', '500106198701130012', '13950000012', '西部科学城智能网联企业', 'FEMALE', 'NORMAL', 'NORMAL'),
(13, '胡欣然', 'ID_CARD', '500106198802140013', '13950000013', '重庆日报传媒集团', 'MALE', 'IMPORTANT', 'NORMAL'),
(14, '朱梓萱', 'ID_CARD', '500106198903150014', '13950000014', '重庆邮电大学校友会', 'FEMALE', 'TEMPORARY', 'NORMAL'),
(15, '高承志', 'ID_CARD', '500106199004160015', '13950000015', '重庆市软件园', 'MALE', 'NORMAL', 'NORMAL'),
(16, '林晨曦', 'ID_CARD', '500106199105170016', '13950000016', '重庆移动南岸分公司', 'FEMALE', 'IMPORTANT', 'NORMAL'),
(17, '何文博', 'ID_CARD', '500106199206180017', '13950000017', '重庆邮电大学学生家长', 'MALE', 'TEMPORARY', 'NORMAL'),
(18, '郭静怡', 'ID_CARD', '500106199307190018', '13950000018', '重庆数智科技有限公司', 'FEMALE', 'NORMAL', 'NORMAL'),
(19, '马可欣', 'ID_CARD', '500106199408200019', '13950000019', '重庆市南岸区维修服务中心', 'MALE', 'IMPORTANT', 'NORMAL'),
(20, '罗明轩', 'ID_CARD', '500106199509210020', '13950000020', '西部科学城智能网联企业', 'FEMALE', 'TEMPORARY', 'NORMAL'),
(21, '梁雨桐', 'ID_CARD', '500106199610220021', '13950000021', '重庆日报传媒集团', 'MALE', 'NORMAL', 'NORMAL'),
(22, '宋宇航', 'ID_CARD', '500106199711230022', '13950000022', '重庆邮电大学校友会', 'FEMALE', 'IMPORTANT', 'NORMAL'),
(23, '郑欣然', 'ID_CARD', '500106199812240023', '13950000023', '重庆市软件园', 'MALE', 'TEMPORARY', 'NORMAL'),
(24, '谢梓萱', 'ID_CARD', '500106199901250024', '13950000024', '重庆移动南岸分公司', 'FEMALE', 'NORMAL', 'NORMAL'),
(25, '韩承志', 'ID_CARD', '500106200002260025', '13950000025', '重庆邮电大学学生家长', 'MALE', 'IMPORTANT', 'NORMAL'),
(26, '唐晨曦', 'ID_CARD', '500106200103270026', '13950000026', '重庆数智科技有限公司', 'FEMALE', 'TEMPORARY', 'NORMAL'),
(27, '冯文博', 'ID_CARD', '500106200204280027', '13950000027', '重庆市南岸区维修服务中心', 'MALE', 'NORMAL', 'NORMAL'),
(28, '于静怡', 'ID_CARD', '500106197505010028', '13950000028', '西部科学城智能网联企业', 'FEMALE', 'IMPORTANT', 'NORMAL'),
(29, '董可欣', 'ID_CARD', '500106197606020029', '13950000029', '重庆日报传媒集团', 'MALE', 'TEMPORARY', 'NORMAL'),
(30, '萧明轩', 'ID_CARD', '500106197707030030', '13950000030', '重庆邮电大学校友会', 'FEMALE', 'NORMAL', 'NORMAL'),
(31, '程雨桐', 'ID_CARD', '500106197808040031', '13950000031', '重庆市软件园', 'MALE', 'IMPORTANT', 'NORMAL'),
(32, '曹宇航', 'ID_CARD', '500106197909050032', '13950000032', '重庆移动南岸分公司', 'FEMALE', 'TEMPORARY', 'NORMAL'),
(33, '袁欣然', 'ID_CARD', '500106198010060033', '13950000033', '重庆邮电大学学生家长', 'MALE', 'NORMAL', 'NORMAL'),
(34, '邓梓萱', 'ID_CARD', '500106198111070034', '13950000034', '重庆数智科技有限公司', 'FEMALE', 'IMPORTANT', 'NORMAL'),
(35, '许承志', 'ID_CARD', '500106198212080035', '13950000035', '重庆市南岸区维修服务中心', 'MALE', 'TEMPORARY', 'NORMAL'),
(36, '傅晨曦', 'ID_CARD', '500106198301090036', '13950000036', '西部科学城智能网联企业', 'FEMALE', 'NORMAL', 'NORMAL'),
(37, '沈文博', 'ID_CARD', '500106198402100037', '13950000037', '重庆日报传媒集团', 'MALE', 'IMPORTANT', 'NORMAL'),
(38, '曾静怡', 'ID_CARD', '500106198503110038', '13950000038', '重庆邮电大学校友会', 'FEMALE', 'TEMPORARY', 'NORMAL'),
(39, '彭可欣', 'ID_CARD', '500106198604120039', '13950000039', '重庆市软件园', 'MALE', 'NORMAL', 'NORMAL'),
(40, '吕明轩', 'ID_CARD', '500106198705130040', '13950000040', '重庆移动南岸分公司', 'FEMALE', 'IMPORTANT', 'NORMAL'),
(41, '陈雨桐', 'ID_CARD', '500106198806140041', '13950000041', '重庆邮电大学学生家长', 'MALE', 'TEMPORARY', 'NORMAL'),
(42, '李宇航', 'ID_CARD', '500106198907150042', '13950000042', '重庆数智科技有限公司', 'FEMALE', 'NORMAL', 'NORMAL'),
(43, '王欣然', 'ID_CARD', '500106199008160043', '13950000043', '重庆市南岸区维修服务中心', 'MALE', 'IMPORTANT', 'NORMAL'),
(44, '张梓萱', 'ID_CARD', '500106199109170044', '13950000044', '西部科学城智能网联企业', 'FEMALE', 'TEMPORARY', 'NORMAL'),
(45, '刘承志', 'ID_CARD', '500106199210180045', '13950000045', '重庆日报传媒集团', 'MALE', 'NORMAL', 'NORMAL'),
(46, '杨晨曦', 'ID_CARD', '500106199311190046', '13950000046', '重庆邮电大学校友会', 'FEMALE', 'IMPORTANT', 'NORMAL'),
(47, '赵文博', 'ID_CARD', '500106199412200047', '13950000047', '重庆市软件园', 'MALE', 'TEMPORARY', 'NORMAL'),
(48, '黄静怡', 'ID_CARD', '500106199501210048', '13950000048', '重庆移动南岸分公司', 'FEMALE', 'NORMAL', 'NORMAL'),
(49, '周可欣', 'ID_CARD', '500106199602220049', '13950000049', '重庆邮电大学学生家长', 'MALE', 'IMPORTANT', 'NORMAL'),
(50, '吴明轩', 'ID_CARD', '500106199703230050', '13950000050', '重庆数智科技有限公司', 'FEMALE', 'TEMPORARY', 'NORMAL'),
(51, '徐雨桐', 'ID_CARD', '500106199804240051', '13950000051', '重庆市南岸区维修服务中心', 'MALE', 'NORMAL', 'NORMAL'),
(52, '孙宇航', 'ID_CARD', '500106199905250052', '13950000052', '西部科学城智能网联企业', 'FEMALE', 'IMPORTANT', 'NORMAL'),
(53, '胡欣然', 'ID_CARD', '500106200006260053', '13950000053', '重庆日报传媒集团', 'MALE', 'TEMPORARY', 'NORMAL'),
(54, '朱梓萱', 'ID_CARD', '500106200107270054', '13950000054', '重庆邮电大学校友会', 'FEMALE', 'NORMAL', 'NORMAL'),
(55, '高承志', 'ID_CARD', '500106200208280055', '13950000055', '重庆市软件园', 'MALE', 'IMPORTANT', 'NORMAL'),
(56, '林晨曦', 'ID_CARD', '500106197509010056', '13950000056', '重庆移动南岸分公司', 'FEMALE', 'TEMPORARY', 'NORMAL'),
(57, '何文博', 'ID_CARD', '500106197610020057', '13950000057', '重庆邮电大学学生家长', 'MALE', 'NORMAL', 'NORMAL'),
(58, '郭静怡', 'ID_CARD', '500106197711030058', '13950000058', '重庆数智科技有限公司', 'FEMALE', 'IMPORTANT', 'NORMAL'),
(59, '马可欣', 'ID_CARD', '500106197812040059', '13950000059', '重庆市南岸区维修服务中心', 'MALE', 'TEMPORARY', 'NORMAL'),
(60, '罗明轩', 'ID_CARD', '500106197901050060', '13950000060', '西部科学城智能网联企业', 'FEMALE', 'NORMAL', 'NORMAL'),
(61, '梁雨桐', 'ID_CARD', '500106198002060061', '13950000061', '重庆日报传媒集团', 'MALE', 'IMPORTANT', 'NORMAL'),
(62, '宋宇航', 'ID_CARD', '500106198103070062', '13950000062', '重庆邮电大学校友会', 'FEMALE', 'TEMPORARY', 'NORMAL'),
(63, '郑欣然', 'ID_CARD', '500106198204080063', '13950000063', '重庆市软件园', 'MALE', 'NORMAL', 'NORMAL'),
(64, '谢梓萱', 'ID_CARD', '500106198305090064', '13950000064', '重庆移动南岸分公司', 'FEMALE', 'IMPORTANT', 'NORMAL'),
(65, '韩承志', 'ID_CARD', '500106198406100065', '13950000065', '重庆邮电大学学生家长', 'MALE', 'TEMPORARY', 'NORMAL'),
(66, '唐晨曦', 'ID_CARD', '500106198507110066', '13950000066', '重庆数智科技有限公司', 'FEMALE', 'NORMAL', 'NORMAL'),
(67, '冯文博', 'ID_CARD', '500106198608120067', '13950000067', '重庆市南岸区维修服务中心', 'MALE', 'IMPORTANT', 'NORMAL'),
(68, '于静怡', 'ID_CARD', '500106198709130068', '13950000068', '西部科学城智能网联企业', 'FEMALE', 'TEMPORARY', 'NORMAL'),
(69, '董可欣', 'ID_CARD', '500106198810140069', '13950000069', '重庆日报传媒集团', 'MALE', 'NORMAL', 'NORMAL'),
(70, '萧明轩', 'ID_CARD', '500106198911150070', '13950000070', '重庆邮电大学校友会', 'FEMALE', 'IMPORTANT', 'NORMAL'),
(71, '程雨桐', 'ID_CARD', '500106199012160071', '13950000071', '重庆市软件园', 'MALE', 'TEMPORARY', 'NORMAL'),
(72, '曹宇航', 'ID_CARD', '500106199101170072', '13950000072', '重庆移动南岸分公司', 'FEMALE', 'NORMAL', 'NORMAL'),
(73, '袁欣然', 'ID_CARD', '500106199202180073', '13950000073', '重庆邮电大学学生家长', 'MALE', 'IMPORTANT', 'NORMAL'),
(74, '邓梓萱', 'ID_CARD', '500106199303190074', '13950000074', '重庆数智科技有限公司', 'FEMALE', 'TEMPORARY', 'NORMAL'),
(75, '许承志', 'ID_CARD', '500106199404200075', '13950000075', '重庆市南岸区维修服务中心', 'MALE', 'NORMAL', 'NORMAL'),
(76, '傅晨曦', 'ID_CARD', '500106199505210076', '13950000076', '西部科学城智能网联企业', 'FEMALE', 'IMPORTANT', 'NORMAL'),
(77, '沈文博', 'ID_CARD', '500106199606220077', '13950000077', '重庆日报传媒集团', 'MALE', 'TEMPORARY', 'NORMAL'),
(78, '曾静怡', 'ID_CARD', '500106199707230078', '13950000078', '重庆邮电大学校友会', 'FEMALE', 'NORMAL', 'NORMAL'),
(79, '彭可欣', 'ID_CARD', '500106199808240079', '13950000079', '重庆市软件园', 'MALE', 'IMPORTANT', 'NORMAL'),
(80, '吕明轩', 'ID_CARD', '500106199909250080', '13950000080', '重庆移动南岸分公司', 'FEMALE', 'TEMPORARY', 'NORMAL'),
(81, '陈雨桐', 'ID_CARD', '500106200010260081', '13950000081', '重庆邮电大学学生家长', 'MALE', 'NORMAL', 'NORMAL'),
(82, '李宇航', 'ID_CARD', '500106200111270082', '13950000082', '重庆数智科技有限公司', 'FEMALE', 'IMPORTANT', 'NORMAL'),
(83, '王欣然', 'ID_CARD', '500106200212280083', '13950000083', '重庆市南岸区维修服务中心', 'MALE', 'TEMPORARY', 'NORMAL'),
(84, '张梓萱', 'ID_CARD', '500106197501010084', '13950000084', '西部科学城智能网联企业', 'FEMALE', 'NORMAL', 'NORMAL'),
(85, '刘承志', 'ID_CARD', '500106197602020085', '13950000085', '重庆日报传媒集团', 'MALE', 'IMPORTANT', 'NORMAL'),
(86, '杨晨曦', 'ID_CARD', '500106197703030086', '13950000086', '重庆邮电大学校友会', 'FEMALE', 'TEMPORARY', 'NORMAL'),
(87, '赵文博', 'ID_CARD', '500106197804040087', '13950000087', '重庆市软件园', 'MALE', 'NORMAL', 'NORMAL'),
(88, '黄静怡', 'ID_CARD', '500106197905050088', '13950000088', '重庆移动南岸分公司', 'FEMALE', 'IMPORTANT', 'NORMAL'),
(89, '周可欣', 'ID_CARD', '500106198006060089', '13950000089', '重庆邮电大学学生家长', 'MALE', 'TEMPORARY', 'NORMAL'),
(90, '吴明轩', 'ID_CARD', '500106198107070090', '13950000090', '重庆数智科技有限公司', 'FEMALE', 'NORMAL', 'NORMAL'),
(91, '徐雨桐', 'ID_CARD', '500106198208080091', '13950000091', '重庆市南岸区维修服务中心', 'MALE', 'IMPORTANT', 'NORMAL'),
(92, '孙宇航', 'ID_CARD', '500106198309090092', '13950000092', '西部科学城智能网联企业', 'FEMALE', 'TEMPORARY', 'NORMAL'),
(93, '胡欣然', 'ID_CARD', '500106198410100093', '13950000093', '重庆日报传媒集团', 'MALE', 'NORMAL', 'NORMAL'),
(94, '朱梓萱', 'ID_CARD', '500106198511110094', '13950000094', '重庆邮电大学校友会', 'FEMALE', 'IMPORTANT', 'NORMAL'),
(95, '高承志', 'ID_CARD', '500106198612120095', '13950000095', '重庆市软件园', 'MALE', 'TEMPORARY', 'NORMAL'),
(96, '林晨曦', 'ID_CARD', '500106198701130096', '13950000096', '重庆移动南岸分公司', 'FEMALE', 'NORMAL', 'NORMAL'),
(97, '何文博', 'ID_CARD', '500106198802140097', '13950000097', '重庆邮电大学学生家长', 'MALE', 'IMPORTANT', 'NORMAL'),
(98, '郭静怡', 'ID_CARD', '500106198903150098', '13950000098', '重庆数智科技有限公司', 'FEMALE', 'TEMPORARY', 'NORMAL'),
(99, '马可欣', 'ID_CARD', '500106199004160099', '13950000099', '重庆市南岸区维修服务中心', 'MALE', 'NORMAL', 'NORMAL'),
(100, '罗明轩', 'ID_CARD', '500106199105170100', '13950000100', '西部科学城智能网联企业', 'FEMALE', 'IMPORTANT', 'NORMAL');
INSERT INTO visitor (id, visitor_name, id_type, id_number, phone, company, gender, visitor_level, status) VALUES
(101, '梁雨桐', 'ID_CARD', '500106199206180101', '13950000101', '重庆日报传媒集团', 'MALE', 'TEMPORARY', 'NORMAL'),
(102, '宋宇航', 'ID_CARD', '500106199307190102', '13950000102', '重庆邮电大学校友会', 'FEMALE', 'NORMAL', 'NORMAL'),
(103, '郑欣然', 'ID_CARD', '500106199408200103', '13950000103', '重庆市软件园', 'MALE', 'IMPORTANT', 'NORMAL'),
(104, '谢梓萱', 'ID_CARD', '500106199509210104', '13950000104', '重庆移动南岸分公司', 'FEMALE', 'TEMPORARY', 'NORMAL'),
(105, '韩承志', 'ID_CARD', '500106199610220105', '13950000105', '重庆邮电大学学生家长', 'MALE', 'NORMAL', 'NORMAL'),
(106, '唐晨曦', 'ID_CARD', '500106199711230106', '13950000106', '重庆数智科技有限公司', 'FEMALE', 'IMPORTANT', 'NORMAL'),
(107, '冯文博', 'ID_CARD', '500106199812240107', '13950000107', '重庆市南岸区维修服务中心', 'MALE', 'TEMPORARY', 'NORMAL'),
(108, '于静怡', 'ID_CARD', '500106199901250108', '13950000108', '西部科学城智能网联企业', 'FEMALE', 'NORMAL', 'NORMAL'),
(109, '董可欣', 'ID_CARD', '500106200002260109', '13950000109', '重庆日报传媒集团', 'MALE', 'IMPORTANT', 'NORMAL'),
(110, '萧明轩', 'ID_CARD', '500106200103270110', '13950000110', '重庆邮电大学校友会', 'FEMALE', 'TEMPORARY', 'NORMAL'),
(111, '程雨桐', 'ID_CARD', '500106200204280111', '13950000111', '重庆市软件园', 'MALE', 'NORMAL', 'NORMAL'),
(112, '曹宇航', 'ID_CARD', '500106197505010112', '13950000112', '重庆移动南岸分公司', 'FEMALE', 'IMPORTANT', 'NORMAL'),
(113, '袁欣然', 'ID_CARD', '500106197606020113', '13950000113', '重庆邮电大学学生家长', 'MALE', 'TEMPORARY', 'NORMAL'),
(114, '邓梓萱', 'ID_CARD', '500106197707030114', '13950000114', '重庆数智科技有限公司', 'FEMALE', 'NORMAL', 'NORMAL'),
(115, '许承志', 'ID_CARD', '500106197808040115', '13950000115', '重庆市南岸区维修服务中心', 'MALE', 'IMPORTANT', 'NORMAL'),
(116, '傅晨曦', 'ID_CARD', '500106197909050116', '13950000116', '西部科学城智能网联企业', 'FEMALE', 'TEMPORARY', 'NORMAL'),
(117, '沈文博', 'ID_CARD', '500106198010060117', '13950000117', '重庆日报传媒集团', 'MALE', 'NORMAL', 'NORMAL'),
(118, '曾静怡', 'ID_CARD', '500106198111070118', '13950000118', '重庆邮电大学校友会', 'FEMALE', 'IMPORTANT', 'NORMAL'),
(119, '彭可欣', 'ID_CARD', '500106198212080119', '13950000119', '重庆市软件园', 'MALE', 'TEMPORARY', 'NORMAL'),
(120, '吕明轩', 'ID_CARD', '500106198301090120', '13950000120', '重庆移动南岸分公司', 'FEMALE', 'NORMAL', 'NORMAL'),
(121, '陈雨桐', 'ID_CARD', '500106198402100121', '13950000121', '重庆邮电大学学生家长', 'MALE', 'IMPORTANT', 'NORMAL'),
(122, '李宇航', 'ID_CARD', '500106198503110122', '13950000122', '重庆数智科技有限公司', 'FEMALE', 'TEMPORARY', 'NORMAL'),
(123, '王欣然', 'ID_CARD', '500106198604120123', '13950000123', '重庆市南岸区维修服务中心', 'MALE', 'NORMAL', 'NORMAL'),
(124, '张梓萱', 'ID_CARD', '500106198705130124', '13950000124', '西部科学城智能网联企业', 'FEMALE', 'IMPORTANT', 'NORMAL'),
(125, '刘承志', 'ID_CARD', '500106198806140125', '13950000125', '重庆日报传媒集团', 'MALE', 'TEMPORARY', 'NORMAL'),
(126, '杨晨曦', 'ID_CARD', '500106198907150126', '13950000126', '重庆邮电大学校友会', 'FEMALE', 'NORMAL', 'NORMAL'),
(127, '赵文博', 'ID_CARD', '500106199008160127', '13950000127', '重庆市软件园', 'MALE', 'IMPORTANT', 'NORMAL'),
(128, '黄静怡', 'ID_CARD', '500106199109170128', '13950000128', '重庆移动南岸分公司', 'FEMALE', 'TEMPORARY', 'NORMAL'),
(129, '周可欣', 'ID_CARD', '500106199210180129', '13950000129', '重庆邮电大学学生家长', 'MALE', 'NORMAL', 'NORMAL'),
(130, '吴明轩', 'ID_CARD', '500106199311190130', '13950000130', '重庆数智科技有限公司', 'FEMALE', 'IMPORTANT', 'NORMAL'),
(131, '徐雨桐', 'ID_CARD', '500106199412200131', '13950000131', '重庆市南岸区维修服务中心', 'MALE', 'TEMPORARY', 'NORMAL'),
(132, '孙宇航', 'ID_CARD', '500106199501210132', '13950000132', '西部科学城智能网联企业', 'FEMALE', 'NORMAL', 'NORMAL'),
(133, '胡欣然', 'ID_CARD', '500106199602220133', '13950000133', '重庆日报传媒集团', 'MALE', 'IMPORTANT', 'NORMAL'),
(134, '朱梓萱', 'ID_CARD', '500106199703230134', '13950000134', '重庆邮电大学校友会', 'FEMALE', 'TEMPORARY', 'NORMAL'),
(135, '高承志', 'ID_CARD', '500106199804240135', '13950000135', '重庆市软件园', 'MALE', 'NORMAL', 'NORMAL'),
(136, '林晨曦', 'ID_CARD', '500106199905250136', '13950000136', '重庆移动南岸分公司', 'FEMALE', 'IMPORTANT', 'NORMAL'),
(137, '何文博', 'ID_CARD', '500106200006260137', '13950000137', '重庆邮电大学学生家长', 'MALE', 'TEMPORARY', 'NORMAL'),
(138, '郭静怡', 'ID_CARD', '500106200107270138', '13950000138', '重庆数智科技有限公司', 'FEMALE', 'NORMAL', 'NORMAL'),
(139, '马可欣', 'ID_CARD', '500106200208280139', '13950000139', '重庆市南岸区维修服务中心', 'MALE', 'IMPORTANT', 'NORMAL'),
(140, '罗明轩', 'ID_CARD', '500106197509010140', '13950000140', '西部科学城智能网联企业', 'FEMALE', 'TEMPORARY', 'NORMAL');

INSERT INTO visitor_vehicle (id, visitor_id, plate_no, vehicle_type, color, brand, status) VALUES
(1, 1, '渝B00073', 'SUV', '黑色', '比亚迪', 'NORMAL'),
(2, 2, '渝C00146', '商务车', '银色', '大众', 'NORMAL'),
(3, 3, '渝D00219', '货车', '蓝色', '丰田', 'NORMAL'),
(4, 4, '渝E00292', '轿车', '灰色', '特斯拉', 'NORMAL'),
(5, 5, '渝F00365', 'SUV', '白色', '吉利', 'NORMAL'),
(6, 6, '渝G00438', '商务车', '黑色', '五菱', 'NORMAL'),
(7, 7, '渝H00511', '货车', '银色', '长安', 'NORMAL'),
(8, 8, '渝J00584', '轿车', '蓝色', '比亚迪', 'NORMAL'),
(9, 9, '渝K00657', 'SUV', '灰色', '大众', 'NORMAL'),
(10, 10, '渝L00730', '商务车', '白色', '丰田', 'NORMAL'),
(11, 11, '渝M00803', '货车', '黑色', '特斯拉', 'NORMAL'),
(12, 12, '渝N00876', '轿车', '银色', '吉利', 'NORMAL'),
(13, 13, '渝P00949', 'SUV', '蓝色', '五菱', 'NORMAL'),
(14, 14, '渝Q01022', '商务车', '灰色', '长安', 'NORMAL'),
(15, 15, '渝R01095', '货车', '白色', '比亚迪', 'NORMAL'),
(16, 16, '渝S01168', '轿车', '黑色', '大众', 'NORMAL'),
(17, 17, '渝T01241', 'SUV', '银色', '丰田', 'NORMAL'),
(18, 18, '渝U01314', '商务车', '蓝色', '特斯拉', 'NORMAL'),
(19, 19, '渝V01387', '货车', '灰色', '吉利', 'NORMAL'),
(20, 20, '渝W01460', '轿车', '白色', '五菱', 'NORMAL'),
(21, 21, '渝X01533', 'SUV', '黑色', '长安', 'NORMAL'),
(22, 22, '渝Y01606', '商务车', '银色', '比亚迪', 'NORMAL'),
(23, 23, '渝Z01679', '货车', '蓝色', '大众', 'NORMAL'),
(24, 24, '渝A01752', '轿车', '灰色', '丰田', 'NORMAL'),
(25, 25, '渝B01825', 'SUV', '白色', '特斯拉', 'NORMAL'),
(26, 26, '渝C01898', '商务车', '黑色', '吉利', 'NORMAL'),
(27, 27, '渝D01971', '货车', '银色', '五菱', 'NORMAL'),
(28, 28, '渝E02044', '轿车', '蓝色', '长安', 'NORMAL'),
(29, 29, '渝F02117', 'SUV', '灰色', '比亚迪', 'NORMAL'),
(30, 30, '渝G02190', '商务车', '白色', '大众', 'NORMAL'),
(31, 31, '渝H02263', '货车', '黑色', '丰田', 'NORMAL'),
(32, 32, '渝J02336', '轿车', '银色', '特斯拉', 'NORMAL'),
(33, 33, '渝K02409', 'SUV', '蓝色', '吉利', 'NORMAL'),
(34, 34, '渝L02482', '商务车', '灰色', '五菱', 'NORMAL'),
(35, 35, '渝M02555', '货车', '白色', '长安', 'NORMAL'),
(36, 36, '渝N02628', '轿车', '黑色', '比亚迪', 'NORMAL'),
(37, 37, '渝P02701', 'SUV', '银色', '大众', 'NORMAL'),
(38, 38, '渝Q02774', '商务车', '蓝色', '丰田', 'NORMAL'),
(39, 39, '渝R02847', '货车', '灰色', '特斯拉', 'NORMAL'),
(40, 40, '渝S02920', '轿车', '白色', '吉利', 'NORMAL'),
(41, 41, '渝T02993', 'SUV', '黑色', '五菱', 'NORMAL'),
(42, 42, '渝U03066', '商务车', '银色', '长安', 'NORMAL'),
(43, 43, '渝V03139', '货车', '蓝色', '比亚迪', 'NORMAL'),
(44, 44, '渝W03212', '轿车', '灰色', '大众', 'NORMAL'),
(45, 45, '渝X03285', 'SUV', '白色', '丰田', 'NORMAL'),
(46, 46, '渝Y03358', '商务车', '黑色', '特斯拉', 'NORMAL'),
(47, 47, '渝Z03431', '货车', '银色', '吉利', 'NORMAL'),
(48, 48, '渝A03504', '轿车', '蓝色', '五菱', 'NORMAL'),
(49, 49, '渝B03577', 'SUV', '灰色', '长安', 'NORMAL'),
(50, 50, '渝C03650', '商务车', '白色', '比亚迪', 'NORMAL'),
(51, 51, '渝D03723', '货车', '黑色', '大众', 'NORMAL'),
(52, 52, '渝E03796', '轿车', '银色', '丰田', 'NORMAL'),
(53, 53, '渝F03869', 'SUV', '蓝色', '特斯拉', 'NORMAL'),
(54, 54, '渝G03942', '商务车', '灰色', '吉利', 'NORMAL'),
(55, 55, '渝H04015', '货车', '白色', '五菱', 'NORMAL'),
(56, 56, '渝J04088', '轿车', '黑色', '长安', 'NORMAL'),
(57, 57, '渝K04161', 'SUV', '银色', '比亚迪', 'NORMAL'),
(58, 58, '渝L04234', '商务车', '蓝色', '大众', 'NORMAL'),
(59, 59, '渝M04307', '货车', '灰色', '丰田', 'NORMAL'),
(60, 60, '渝N04380', '轿车', '白色', '特斯拉', 'NORMAL'),
(61, 61, '渝P04453', 'SUV', '黑色', '吉利', 'NORMAL'),
(62, 62, '渝Q04526', '商务车', '银色', '五菱', 'NORMAL'),
(63, 63, '渝R04599', '货车', '蓝色', '长安', 'NORMAL'),
(64, 64, '渝S04672', '轿车', '灰色', '比亚迪', 'NORMAL'),
(65, 65, '渝T04745', 'SUV', '白色', '大众', 'NORMAL'),
(66, 66, '渝U04818', '商务车', '黑色', '丰田', 'NORMAL'),
(67, 67, '渝V04891', '货车', '银色', '特斯拉', 'NORMAL'),
(68, 68, '渝W04964', '轿车', '蓝色', '吉利', 'NORMAL'),
(69, 69, '渝X05037', 'SUV', '灰色', '五菱', 'NORMAL'),
(70, 70, '渝Y05110', '商务车', '白色', '长安', 'NORMAL');

INSERT INTO visit_apply (id, apply_no, visitor_id, host_user_id, department_id, vehicle_id, visit_reason, plan_start_time, plan_end_time, apply_status, access_status, companion_count, submit_time, cancel_time, cancel_reason, remark) VALUES
(1, CONCAT('VA', DATE_FORMAT(DATE_ADD(DATE_ADD(CURRENT_DATE(), INTERVAL 0 DAY), INTERVAL '00:00:00' HOUR_SECOND), '%Y%m%d'), '0001'), 1, 4, 2, NULL, '企业合作项目洽谈与实验室参观', DATE_ADD(DATE_ADD(CURRENT_DATE(), INTERVAL 0 DAY), INTERVAL '09:00:00' HOUR_SECOND), DATE_ADD(DATE_ADD(CURRENT_DATE(), INTERVAL 0 DAY), INTERVAL '11:00:00' HOUR_SECOND), 'APPROVED', 'EXITED', 1, DATE_SUB(NOW(), INTERVAL 25 HOUR), NULL, NULL, '演示数据：覆盖预约、审批、核验和统计报表场景'),
(2, CONCAT('VA', DATE_FORMAT(DATE_ADD(DATE_ADD(CURRENT_DATE(), INTERVAL 0 DAY), INTERVAL '00:00:00' HOUR_SECOND), '%Y%m%d'), '0002'), 2, 5, 3, 2, '后勤维修人员进行设备检修', DATE_ADD(DATE_ADD(CURRENT_DATE(), INTERVAL 0 DAY), INTERVAL '10:00:00' HOUR_SECOND), DATE_ADD(DATE_ADD(CURRENT_DATE(), INTERVAL 0 DAY), INTERVAL '13:00:00' HOUR_SECOND), 'APPROVED', 'OVERTIME', 2, DATE_SUB(NOW(), INTERVAL 26 HOUR), NULL, NULL, '演示数据：覆盖预约、审批、核验和统计报表场景'),
(3, CONCAT('VA', DATE_FORMAT(DATE_ADD(DATE_ADD(CURRENT_DATE(), INTERVAL 0 DAY), INTERVAL '00:00:00' HOUR_SECOND), '%Y%m%d'), '0003'), 3, 6, 4, 3, '学术交流报告与课题研讨', DATE_ADD(DATE_ADD(CURRENT_DATE(), INTERVAL 0 DAY), INTERVAL '11:00:00' HOUR_SECOND), DATE_ADD(DATE_ADD(CURRENT_DATE(), INTERVAL 0 DAY), INTERVAL '15:00:00' HOUR_SECOND), 'APPROVED', 'NOT_ENTERED', 0, DATE_SUB(NOW(), INTERVAL 27 HOUR), NULL, NULL, '演示数据：覆盖预约、审批、核验和统计报表场景'),
(4, CONCAT('VA', DATE_FORMAT(DATE_ADD(DATE_ADD(CURRENT_DATE(), INTERVAL 0 DAY), INTERVAL '00:00:00' HOUR_SECOND), '%Y%m%d'), '0004'), 4, 7, 5, NULL, '参加学院实习与就业面试', DATE_ADD(DATE_ADD(CURRENT_DATE(), INTERVAL 0 DAY), INTERVAL '12:00:00' HOUR_SECOND), DATE_ADD(DATE_ADD(CURRENT_DATE(), INTERVAL 0 DAY), INTERVAL '17:00:00' HOUR_SECOND), 'APPROVED', 'ENTERED', 1, DATE_SUB(NOW(), INTERVAL 28 HOUR), NULL, NULL, '演示数据：覆盖预约、审批、核验和统计报表场景'),
(5, CONCAT('VA', DATE_FORMAT(DATE_ADD(DATE_ADD(CURRENT_DATE(), INTERVAL 0 DAY), INTERVAL '00:00:00' HOUR_SECOND), '%Y%m%d'), '0005'), 5, 8, 6, 5, '快递或配送人员进行物资交付', DATE_ADD(DATE_ADD(CURRENT_DATE(), INTERVAL 0 DAY), INTERVAL '13:00:00' HOUR_SECOND), DATE_ADD(DATE_ADD(CURRENT_DATE(), INTERVAL 0 DAY), INTERVAL '19:00:00' HOUR_SECOND), 'PENDING_HOST', 'NOT_ENTERED', 2, DATE_SUB(NOW(), INTERVAL 29 HOUR), NULL, NULL, '演示数据：覆盖预约、审批、核验和统计报表场景'),
(6, CONCAT('VA', DATE_FORMAT(DATE_ADD(DATE_ADD(CURRENT_DATE(), INTERVAL 0 DAY), INTERVAL '00:00:00' HOUR_SECOND), '%Y%m%d'), '0006'), 6, 9, 7, 6, '校友返校参加学院交流活动', DATE_ADD(DATE_ADD(CURRENT_DATE(), INTERVAL 0 DAY), INTERVAL '14:00:00' HOUR_SECOND), DATE_ADD(DATE_ADD(CURRENT_DATE(), INTERVAL 0 DAY), INTERVAL '15:00:00' HOUR_SECOND), 'HOST_CONFIRMED', 'NOT_ENTERED', 0, DATE_SUB(NOW(), INTERVAL 30 HOUR), NULL, NULL, '演示数据：覆盖预约、审批、核验和统计报表场景'),
(7, CONCAT('VA', DATE_FORMAT(DATE_ADD(DATE_ADD(CURRENT_DATE(), INTERVAL 0 DAY), INTERVAL '00:00:00' HOUR_SECOND), '%Y%m%d'), '0007'), 7, 10, 8, NULL, '外聘专家参加项目评审与讲座', DATE_ADD(DATE_ADD(CURRENT_DATE(), INTERVAL 0 DAY), INTERVAL '15:00:00' HOUR_SECOND), DATE_ADD(DATE_ADD(CURRENT_DATE(), INTERVAL 0 DAY), INTERVAL '17:00:00' HOUR_SECOND), 'PENDING_DEPT', 'NOT_ENTERED', 1, DATE_SUB(NOW(), INTERVAL 31 HOUR), NULL, NULL, '演示数据：覆盖预约、审批、核验和统计报表场景'),
(8, CONCAT('VA', DATE_FORMAT(DATE_ADD(DATE_ADD(CURRENT_DATE(), INTERVAL 0 DAY), INTERVAL '00:00:00' HOUR_SECOND), '%Y%m%d'), '0008'), 8, 11, 9, 8, '学生家长来校办理学籍与生活沟通', DATE_ADD(DATE_ADD(CURRENT_DATE(), INTERVAL 0 DAY), INTERVAL '08:00:00' HOUR_SECOND), DATE_ADD(DATE_ADD(CURRENT_DATE(), INTERVAL 0 DAY), INTERVAL '11:00:00' HOUR_SECOND), 'PENDING_DEPT', 'NOT_ENTERED', 2, DATE_SUB(NOW(), INTERVAL 32 HOUR), NULL, NULL, '演示数据：覆盖预约、审批、核验和统计报表场景'),
(9, CONCAT('VA', DATE_FORMAT(DATE_ADD(DATE_ADD(CURRENT_DATE(), INTERVAL 0 DAY), INTERVAL '00:00:00' HOUR_SECOND), '%Y%m%d'), '0009'), 9, 12, 10, 9, '企业合作项目洽谈与实验室参观', DATE_ADD(DATE_ADD(CURRENT_DATE(), INTERVAL 0 DAY), INTERVAL '09:00:00' HOUR_SECOND), DATE_ADD(DATE_ADD(CURRENT_DATE(), INTERVAL 0 DAY), INTERVAL '13:00:00' HOUR_SECOND), 'REJECTED', 'NOT_ENTERED', 0, DATE_SUB(NOW(), INTERVAL 33 HOUR), NULL, NULL, '演示数据：覆盖预约、审批、核验和统计报表场景'),
(10, CONCAT('VA', DATE_FORMAT(DATE_ADD(DATE_ADD(CURRENT_DATE(), INTERVAL 0 DAY), INTERVAL '00:00:00' HOUR_SECOND), '%Y%m%d'), '0010'), 10, 13, 11, NULL, '后勤维修人员进行设备检修', DATE_ADD(DATE_ADD(CURRENT_DATE(), INTERVAL 0 DAY), INTERVAL '10:00:00' HOUR_SECOND), DATE_ADD(DATE_ADD(CURRENT_DATE(), INTERVAL 0 DAY), INTERVAL '15:00:00' HOUR_SECOND), 'HOST_REJECTED', 'NOT_ENTERED', 1, DATE_SUB(NOW(), INTERVAL 34 HOUR), NULL, NULL, '演示数据：覆盖预约、审批、核验和统计报表场景'),
(11, CONCAT('VA', DATE_FORMAT(DATE_ADD(DATE_ADD(CURRENT_DATE(), INTERVAL 0 DAY), INTERVAL '00:00:00' HOUR_SECOND), '%Y%m%d'), '0011'), 11, 14, 13, 11, '学术交流报告与课题研讨', DATE_ADD(DATE_ADD(CURRENT_DATE(), INTERVAL 0 DAY), INTERVAL '11:00:00' HOUR_SECOND), DATE_ADD(DATE_ADD(CURRENT_DATE(), INTERVAL 0 DAY), INTERVAL '17:00:00' HOUR_SECOND), 'APPROVED', 'NOT_ENTERED', 2, DATE_SUB(NOW(), INTERVAL 35 HOUR), NULL, NULL, '演示数据：覆盖预约、审批、核验和统计报表场景'),
(12, CONCAT('VA', DATE_FORMAT(DATE_ADD(DATE_ADD(CURRENT_DATE(), INTERVAL 0 DAY), INTERVAL '00:00:00' HOUR_SECOND), '%Y%m%d'), '0012'), 12, 15, 13, 12, '参加学院实习与就业面试', DATE_ADD(DATE_ADD(CURRENT_DATE(), INTERVAL 0 DAY), INTERVAL '12:00:00' HOUR_SECOND), DATE_ADD(DATE_ADD(CURRENT_DATE(), INTERVAL 0 DAY), INTERVAL '13:00:00' HOUR_SECOND), 'APPROVED', 'ENTERED', 0, DATE_SUB(NOW(), INTERVAL 24 HOUR), NULL, NULL, '演示数据：覆盖预约、审批、核验和统计报表场景'),
(13, CONCAT('VA', DATE_FORMAT(DATE_ADD(DATE_ADD(CURRENT_DATE(), INTERVAL 0 DAY), INTERVAL '00:00:00' HOUR_SECOND), '%Y%m%d'), '0013'), 13, 16, 2, NULL, '快递或配送人员进行物资交付', DATE_ADD(DATE_ADD(CURRENT_DATE(), INTERVAL 0 DAY), INTERVAL '13:00:00' HOUR_SECOND), DATE_ADD(DATE_ADD(CURRENT_DATE(), INTERVAL 0 DAY), INTERVAL '15:00:00' HOUR_SECOND), 'APPROVED', 'EXITED', 1, DATE_SUB(NOW(), INTERVAL 25 HOUR), NULL, NULL, '演示数据：覆盖预约、审批、核验和统计报表场景'),
(14, CONCAT('VA', DATE_FORMAT(DATE_ADD(DATE_ADD(CURRENT_DATE(), INTERVAL 0 DAY), INTERVAL '00:00:00' HOUR_SECOND), '%Y%m%d'), '0014'), 14, 17, 3, 14, '校友返校参加学院交流活动', DATE_ADD(DATE_ADD(CURRENT_DATE(), INTERVAL 0 DAY), INTERVAL '14:00:00' HOUR_SECOND), DATE_ADD(DATE_ADD(CURRENT_DATE(), INTERVAL 0 DAY), INTERVAL '17:00:00' HOUR_SECOND), 'APPROVED', 'OVERTIME', 2, DATE_SUB(NOW(), INTERVAL 26 HOUR), NULL, NULL, '演示数据：覆盖预约、审批、核验和统计报表场景'),
(15, CONCAT('VA', DATE_FORMAT(DATE_ADD(DATE_ADD(CURRENT_DATE(), INTERVAL 0 DAY), INTERVAL '00:00:00' HOUR_SECOND), '%Y%m%d'), '0015'), 15, 18, 4, 15, '外聘专家参加项目评审与讲座', DATE_ADD(DATE_ADD(CURRENT_DATE(), INTERVAL 0 DAY), INTERVAL '15:00:00' HOUR_SECOND), DATE_ADD(DATE_ADD(CURRENT_DATE(), INTERVAL 0 DAY), INTERVAL '19:00:00' HOUR_SECOND), 'APPROVED', 'NOT_ENTERED', 0, DATE_SUB(NOW(), INTERVAL 27 HOUR), NULL, NULL, '演示数据：覆盖预约、审批、核验和统计报表场景'),
(16, CONCAT('VA', DATE_FORMAT(DATE_ADD(DATE_ADD(CURRENT_DATE(), INTERVAL 0 DAY), INTERVAL '00:00:00' HOUR_SECOND), '%Y%m%d'), '0016'), 16, 4, 5, NULL, '学生家长来校办理学籍与生活沟通', DATE_ADD(DATE_ADD(CURRENT_DATE(), INTERVAL 0 DAY), INTERVAL '08:00:00' HOUR_SECOND), DATE_ADD(DATE_ADD(CURRENT_DATE(), INTERVAL 0 DAY), INTERVAL '13:00:00' HOUR_SECOND), 'CANCELED', 'NOT_ENTERED', 1, DATE_SUB(NOW(), INTERVAL 28 HOUR), DATE_SUB(NOW(), INTERVAL 3 HOUR), '访客行程变化，主动取消', '演示数据：覆盖预约、审批、核验和统计报表场景'),
(17, CONCAT('VA', DATE_FORMAT(DATE_ADD(DATE_ADD(CURRENT_DATE(), INTERVAL 0 DAY), INTERVAL '00:00:00' HOUR_SECOND), '%Y%m%d'), '0017'), 17, 5, 6, 17, '企业合作项目洽谈与实验室参观', DATE_ADD(DATE_ADD(CURRENT_DATE(), INTERVAL 0 DAY), INTERVAL '09:00:00' HOUR_SECOND), DATE_ADD(DATE_ADD(CURRENT_DATE(), INTERVAL 0 DAY), INTERVAL '15:00:00' HOUR_SECOND), 'REJECTED_BLACKLIST', 'NOT_ENTERED', 2, DATE_SUB(NOW(), INTERVAL 29 HOUR), NULL, NULL, '演示数据：覆盖预约、审批、核验和统计报表场景'),
(18, CONCAT('VA', DATE_FORMAT(DATE_ADD(DATE_ADD(CURRENT_DATE(), INTERVAL 0 DAY), INTERVAL '00:00:00' HOUR_SECOND), '%Y%m%d'), '0018'), 18, 6, 7, 18, '后勤维修人员进行设备检修', DATE_ADD(DATE_ADD(CURRENT_DATE(), INTERVAL 0 DAY), INTERVAL '10:00:00' HOUR_SECOND), DATE_ADD(DATE_ADD(CURRENT_DATE(), INTERVAL 0 DAY), INTERVAL '11:00:00' HOUR_SECOND), 'APPROVED', 'OVERTIME', 0, DATE_SUB(NOW(), INTERVAL 30 HOUR), NULL, NULL, '演示数据：覆盖预约、审批、核验和统计报表场景'),
(19, CONCAT('VA', DATE_FORMAT(DATE_ADD(DATE_ADD(CURRENT_DATE(), INTERVAL -11 DAY), INTERVAL '00:00:00' HOUR_SECOND), '%Y%m%d'), '0019'), 19, 7, 8, NULL, '学术交流报告与课题研讨', DATE_ADD(DATE_ADD(CURRENT_DATE(), INTERVAL -11 DAY), INTERVAL '11:00:00' HOUR_SECOND), DATE_ADD(DATE_ADD(CURRENT_DATE(), INTERVAL -11 DAY), INTERVAL '13:00:00' HOUR_SECOND), 'HOST_CONFIRMED', 'NOT_ENTERED', 1, DATE_SUB(NOW(), INTERVAL 295 HOUR), NULL, NULL, '演示数据：覆盖预约、审批、核验和统计报表场景'),
(20, CONCAT('VA', DATE_FORMAT(DATE_ADD(DATE_ADD(CURRENT_DATE(), INTERVAL -10 DAY), INTERVAL '00:00:00' HOUR_SECOND), '%Y%m%d'), '0020'), 20, 8, 9, 20, '参加学院实习与就业面试', DATE_ADD(DATE_ADD(CURRENT_DATE(), INTERVAL -10 DAY), INTERVAL '12:00:00' HOUR_SECOND), DATE_ADD(DATE_ADD(CURRENT_DATE(), INTERVAL -10 DAY), INTERVAL '15:00:00' HOUR_SECOND), 'APPROVED', 'EXITED', 2, DATE_SUB(NOW(), INTERVAL 272 HOUR), NULL, NULL, '演示数据：覆盖预约、审批、核验和统计报表场景'),
(21, CONCAT('VA', DATE_FORMAT(DATE_ADD(DATE_ADD(CURRENT_DATE(), INTERVAL -9 DAY), INTERVAL '00:00:00' HOUR_SECOND), '%Y%m%d'), '0021'), 21, 9, 10, 21, '快递或配送人员进行物资交付', DATE_ADD(DATE_ADD(CURRENT_DATE(), INTERVAL -9 DAY), INTERVAL '13:00:00' HOUR_SECOND), DATE_ADD(DATE_ADD(CURRENT_DATE(), INTERVAL -9 DAY), INTERVAL '17:00:00' HOUR_SECOND), 'APPROVED', 'EXITED', 0, DATE_SUB(NOW(), INTERVAL 249 HOUR), NULL, NULL, '演示数据：覆盖预约、审批、核验和统计报表场景'),
(22, CONCAT('VA', DATE_FORMAT(DATE_ADD(DATE_ADD(CURRENT_DATE(), INTERVAL -8 DAY), INTERVAL '00:00:00' HOUR_SECOND), '%Y%m%d'), '0022'), 22, 10, 11, NULL, '校友返校参加学院交流活动', DATE_ADD(DATE_ADD(CURRENT_DATE(), INTERVAL -8 DAY), INTERVAL '14:00:00' HOUR_SECOND), DATE_ADD(DATE_ADD(CURRENT_DATE(), INTERVAL -8 DAY), INTERVAL '19:00:00' HOUR_SECOND), 'APPROVED', 'OVERTIME', 1, DATE_SUB(NOW(), INTERVAL 226 HOUR), NULL, NULL, '演示数据：覆盖预约、审批、核验和统计报表场景'),
(23, CONCAT('VA', DATE_FORMAT(DATE_ADD(DATE_ADD(CURRENT_DATE(), INTERVAL -7 DAY), INTERVAL '00:00:00' HOUR_SECOND), '%Y%m%d'), '0023'), 23, 11, 13, 23, '外聘专家参加项目评审与讲座', DATE_ADD(DATE_ADD(CURRENT_DATE(), INTERVAL -7 DAY), INTERVAL '15:00:00' HOUR_SECOND), DATE_ADD(DATE_ADD(CURRENT_DATE(), INTERVAL -7 DAY), INTERVAL '21:00:00' HOUR_SECOND), 'PENDING_DEPT', 'NOT_ENTERED', 2, DATE_SUB(NOW(), INTERVAL 203 HOUR), NULL, NULL, '演示数据：覆盖预约、审批、核验和统计报表场景'),
(24, CONCAT('VA', DATE_FORMAT(DATE_ADD(DATE_ADD(CURRENT_DATE(), INTERVAL -6 DAY), INTERVAL '00:00:00' HOUR_SECOND), '%Y%m%d'), '0024'), 24, 12, 13, 24, '学生家长来校办理学籍与生活沟通', DATE_ADD(DATE_ADD(CURRENT_DATE(), INTERVAL -6 DAY), INTERVAL '08:00:00' HOUR_SECOND), DATE_ADD(DATE_ADD(CURRENT_DATE(), INTERVAL -6 DAY), INTERVAL '09:00:00' HOUR_SECOND), 'APPROVED', 'ABNORMAL', 0, DATE_SUB(NOW(), INTERVAL 168 HOUR), NULL, NULL, '演示数据：覆盖预约、审批、核验和统计报表场景'),
(25, CONCAT('VA', DATE_FORMAT(DATE_ADD(DATE_ADD(CURRENT_DATE(), INTERVAL -5 DAY), INTERVAL '00:00:00' HOUR_SECOND), '%Y%m%d'), '0025'), 25, 13, 2, NULL, '企业合作项目洽谈与实验室参观', DATE_ADD(DATE_ADD(CURRENT_DATE(), INTERVAL -5 DAY), INTERVAL '09:00:00' HOUR_SECOND), DATE_ADD(DATE_ADD(CURRENT_DATE(), INTERVAL -5 DAY), INTERVAL '11:00:00' HOUR_SECOND), 'APPROVED', 'EXITED', 1, DATE_SUB(NOW(), INTERVAL 145 HOUR), NULL, NULL, '演示数据：覆盖预约、审批、核验和统计报表场景'),
(26, CONCAT('VA', DATE_FORMAT(DATE_ADD(DATE_ADD(CURRENT_DATE(), INTERVAL -4 DAY), INTERVAL '00:00:00' HOUR_SECOND), '%Y%m%d'), '0026'), 26, 14, 3, 26, '后勤维修人员进行设备检修', DATE_ADD(DATE_ADD(CURRENT_DATE(), INTERVAL -4 DAY), INTERVAL '10:00:00' HOUR_SECOND), DATE_ADD(DATE_ADD(CURRENT_DATE(), INTERVAL -4 DAY), INTERVAL '13:00:00' HOUR_SECOND), 'APPROVED', 'EXITED', 2, DATE_SUB(NOW(), INTERVAL 122 HOUR), NULL, NULL, '演示数据：覆盖预约、审批、核验和统计报表场景'),
(27, CONCAT('VA', DATE_FORMAT(DATE_ADD(DATE_ADD(CURRENT_DATE(), INTERVAL -3 DAY), INTERVAL '00:00:00' HOUR_SECOND), '%Y%m%d'), '0027'), 27, 15, 4, 27, '学术交流报告与课题研讨', DATE_ADD(DATE_ADD(CURRENT_DATE(), INTERVAL -3 DAY), INTERVAL '11:00:00' HOUR_SECOND), DATE_ADD(DATE_ADD(CURRENT_DATE(), INTERVAL -3 DAY), INTERVAL '15:00:00' HOUR_SECOND), 'APPROVED', 'OVERTIME', 0, DATE_SUB(NOW(), INTERVAL 99 HOUR), NULL, NULL, '演示数据：覆盖预约、审批、核验和统计报表场景'),
(28, CONCAT('VA', DATE_FORMAT(DATE_ADD(DATE_ADD(CURRENT_DATE(), INTERVAL -2 DAY), INTERVAL '00:00:00' HOUR_SECOND), '%Y%m%d'), '0028'), 28, 16, 5, NULL, '参加学院实习与就业面试', DATE_ADD(DATE_ADD(CURRENT_DATE(), INTERVAL -2 DAY), INTERVAL '12:00:00' HOUR_SECOND), DATE_ADD(DATE_ADD(CURRENT_DATE(), INTERVAL -2 DAY), INTERVAL '17:00:00' HOUR_SECOND), 'APPROVED', 'ENTERED', 1, DATE_SUB(NOW(), INTERVAL 76 HOUR), NULL, NULL, '演示数据：覆盖预约、审批、核验和统计报表场景'),
(29, CONCAT('VA', DATE_FORMAT(DATE_ADD(DATE_ADD(CURRENT_DATE(), INTERVAL -1 DAY), INTERVAL '00:00:00' HOUR_SECOND), '%Y%m%d'), '0029'), 29, 17, 6, 29, '快递或配送人员进行物资交付', DATE_ADD(DATE_ADD(CURRENT_DATE(), INTERVAL -1 DAY), INTERVAL '13:00:00' HOUR_SECOND), DATE_ADD(DATE_ADD(CURRENT_DATE(), INTERVAL -1 DAY), INTERVAL '19:00:00' HOUR_SECOND), 'REJECTED', 'NOT_ENTERED', 2, DATE_SUB(NOW(), INTERVAL 53 HOUR), NULL, NULL, '演示数据：覆盖预约、审批、核验和统计报表场景'),
(30, CONCAT('VA', DATE_FORMAT(DATE_ADD(DATE_ADD(CURRENT_DATE(), INTERVAL 0 DAY), INTERVAL '00:00:00' HOUR_SECOND), '%Y%m%d'), '0030'), 30, 18, 7, 30, '校友返校参加学院交流活动', DATE_ADD(DATE_ADD(CURRENT_DATE(), INTERVAL 0 DAY), INTERVAL '14:00:00' HOUR_SECOND), DATE_ADD(DATE_ADD(CURRENT_DATE(), INTERVAL 0 DAY), INTERVAL '15:00:00' HOUR_SECOND), 'APPROVED', 'OVERTIME', 0, DATE_SUB(NOW(), INTERVAL 30 HOUR), NULL, NULL, '演示数据：覆盖预约、审批、核验和统计报表场景'),
(31, CONCAT('VA', DATE_FORMAT(DATE_ADD(DATE_ADD(CURRENT_DATE(), INTERVAL 1 DAY), INTERVAL '00:00:00' HOUR_SECOND), '%Y%m%d'), '0031'), 31, 4, 8, NULL, '外聘专家参加项目评审与讲座', DATE_ADD(DATE_ADD(CURRENT_DATE(), INTERVAL 1 DAY), INTERVAL '15:00:00' HOUR_SECOND), DATE_ADD(DATE_ADD(CURRENT_DATE(), INTERVAL 1 DAY), INTERVAL '17:00:00' HOUR_SECOND), 'HOST_REJECTED', 'NOT_ENTERED', 1, DATE_SUB(NOW(), INTERVAL 31 HOUR), NULL, NULL, '演示数据：覆盖预约、审批、核验和统计报表场景'),
(32, CONCAT('VA', DATE_FORMAT(DATE_ADD(DATE_ADD(CURRENT_DATE(), INTERVAL 2 DAY), INTERVAL '00:00:00' HOUR_SECOND), '%Y%m%d'), '0032'), 32, 5, 9, 32, '学生家长来校办理学籍与生活沟通', DATE_ADD(DATE_ADD(CURRENT_DATE(), INTERVAL 2 DAY), INTERVAL '08:00:00' HOUR_SECOND), DATE_ADD(DATE_ADD(CURRENT_DATE(), INTERVAL 2 DAY), INTERVAL '11:00:00' HOUR_SECOND), 'APPROVED', 'NOT_ENTERED', 2, DATE_SUB(NOW(), INTERVAL 32 HOUR), NULL, NULL, '演示数据：覆盖预约、审批、核验和统计报表场景'),
(33, CONCAT('VA', DATE_FORMAT(DATE_ADD(DATE_ADD(CURRENT_DATE(), INTERVAL 3 DAY), INTERVAL '00:00:00' HOUR_SECOND), '%Y%m%d'), '0033'), 33, 6, 10, 33, '企业合作项目洽谈与实验室参观', DATE_ADD(DATE_ADD(CURRENT_DATE(), INTERVAL 3 DAY), INTERVAL '09:00:00' HOUR_SECOND), DATE_ADD(DATE_ADD(CURRENT_DATE(), INTERVAL 3 DAY), INTERVAL '13:00:00' HOUR_SECOND), 'APPROVED', 'NOT_ENTERED', 0, DATE_SUB(NOW(), INTERVAL 33 HOUR), NULL, NULL, '演示数据：覆盖预约、审批、核验和统计报表场景'),
(34, CONCAT('VA', DATE_FORMAT(DATE_ADD(DATE_ADD(CURRENT_DATE(), INTERVAL 4 DAY), INTERVAL '00:00:00' HOUR_SECOND), '%Y%m%d'), '0034'), 34, 7, 11, NULL, '后勤维修人员进行设备检修', DATE_ADD(DATE_ADD(CURRENT_DATE(), INTERVAL 4 DAY), INTERVAL '10:00:00' HOUR_SECOND), DATE_ADD(DATE_ADD(CURRENT_DATE(), INTERVAL 4 DAY), INTERVAL '15:00:00' HOUR_SECOND), 'PENDING_HOST', 'NOT_ENTERED', 1, DATE_SUB(NOW(), INTERVAL 34 HOUR), NULL, NULL, '演示数据：覆盖预约、审批、核验和统计报表场景'),
(35, CONCAT('VA', DATE_FORMAT(DATE_ADD(DATE_ADD(CURRENT_DATE(), INTERVAL 5 DAY), INTERVAL '00:00:00' HOUR_SECOND), '%Y%m%d'), '0035'), 35, 8, 13, 35, '学术交流报告与课题研讨', DATE_ADD(DATE_ADD(CURRENT_DATE(), INTERVAL 5 DAY), INTERVAL '11:00:00' HOUR_SECOND), DATE_ADD(DATE_ADD(CURRENT_DATE(), INTERVAL 5 DAY), INTERVAL '17:00:00' HOUR_SECOND), 'APPROVED', 'NOT_ENTERED', 2, DATE_SUB(NOW(), INTERVAL 35 HOUR), NULL, NULL, '演示数据：覆盖预约、审批、核验和统计报表场景'),
(36, CONCAT('VA', DATE_FORMAT(DATE_ADD(DATE_ADD(CURRENT_DATE(), INTERVAL 6 DAY), INTERVAL '00:00:00' HOUR_SECOND), '%Y%m%d'), '0036'), 36, 9, 13, 36, '参加学院实习与就业面试', DATE_ADD(DATE_ADD(CURRENT_DATE(), INTERVAL 6 DAY), INTERVAL '12:00:00' HOUR_SECOND), DATE_ADD(DATE_ADD(CURRENT_DATE(), INTERVAL 6 DAY), INTERVAL '13:00:00' HOUR_SECOND), 'APPROVED', 'NOT_ENTERED', 0, DATE_SUB(NOW(), INTERVAL 24 HOUR), NULL, NULL, '演示数据：覆盖预约、审批、核验和统计报表场景'),
(37, CONCAT('VA', DATE_FORMAT(DATE_ADD(DATE_ADD(CURRENT_DATE(), INTERVAL 7 DAY), INTERVAL '00:00:00' HOUR_SECOND), '%Y%m%d'), '0037'), 37, 10, 2, NULL, '快递或配送人员进行物资交付', DATE_ADD(DATE_ADD(CURRENT_DATE(), INTERVAL 7 DAY), INTERVAL '13:00:00' HOUR_SECOND), DATE_ADD(DATE_ADD(CURRENT_DATE(), INTERVAL 7 DAY), INTERVAL '15:00:00' HOUR_SECOND), 'CANCELED', 'NOT_ENTERED', 1, DATE_SUB(NOW(), INTERVAL 25 HOUR), DATE_SUB(NOW(), INTERVAL 3 HOUR), '访客行程变化，主动取消', '演示数据：覆盖预约、审批、核验和统计报表场景'),
(38, CONCAT('VA', DATE_FORMAT(DATE_ADD(DATE_ADD(CURRENT_DATE(), INTERVAL 8 DAY), INTERVAL '00:00:00' HOUR_SECOND), '%Y%m%d'), '0038'), 38, 11, 3, 38, '校友返校参加学院交流活动', DATE_ADD(DATE_ADD(CURRENT_DATE(), INTERVAL 8 DAY), INTERVAL '14:00:00' HOUR_SECOND), DATE_ADD(DATE_ADD(CURRENT_DATE(), INTERVAL 8 DAY), INTERVAL '17:00:00' HOUR_SECOND), 'HOST_CONFIRMED', 'NOT_ENTERED', 2, DATE_SUB(NOW(), INTERVAL 26 HOUR), NULL, NULL, '演示数据：覆盖预约、审批、核验和统计报表场景'),
(39, CONCAT('VA', DATE_FORMAT(DATE_ADD(DATE_ADD(CURRENT_DATE(), INTERVAL 9 DAY), INTERVAL '00:00:00' HOUR_SECOND), '%Y%m%d'), '0039'), 39, 12, 4, 39, '外聘专家参加项目评审与讲座', DATE_ADD(DATE_ADD(CURRENT_DATE(), INTERVAL 9 DAY), INTERVAL '15:00:00' HOUR_SECOND), DATE_ADD(DATE_ADD(CURRENT_DATE(), INTERVAL 9 DAY), INTERVAL '19:00:00' HOUR_SECOND), 'APPROVED', 'NOT_ENTERED', 0, DATE_SUB(NOW(), INTERVAL 27 HOUR), NULL, NULL, '演示数据：覆盖预约、审批、核验和统计报表场景'),
(40, CONCAT('VA', DATE_FORMAT(DATE_ADD(DATE_ADD(CURRENT_DATE(), INTERVAL 10 DAY), INTERVAL '00:00:00' HOUR_SECOND), '%Y%m%d'), '0040'), 40, 13, 5, NULL, '学生家长来校办理学籍与生活沟通', DATE_ADD(DATE_ADD(CURRENT_DATE(), INTERVAL 10 DAY), INTERVAL '08:00:00' HOUR_SECOND), DATE_ADD(DATE_ADD(CURRENT_DATE(), INTERVAL 10 DAY), INTERVAL '13:00:00' HOUR_SECOND), 'APPROVED', 'NOT_ENTERED', 1, DATE_SUB(NOW(), INTERVAL 28 HOUR), NULL, NULL, '演示数据：覆盖预约、审批、核验和统计报表场景'),
(41, CONCAT('VA', DATE_FORMAT(DATE_ADD(DATE_ADD(CURRENT_DATE(), INTERVAL 11 DAY), INTERVAL '00:00:00' HOUR_SECOND), '%Y%m%d'), '0041'), 41, 14, 6, 41, '企业合作项目洽谈与实验室参观', DATE_ADD(DATE_ADD(CURRENT_DATE(), INTERVAL 11 DAY), INTERVAL '09:00:00' HOUR_SECOND), DATE_ADD(DATE_ADD(CURRENT_DATE(), INTERVAL 11 DAY), INTERVAL '15:00:00' HOUR_SECOND), 'REJECTED_BLACKLIST', 'NOT_ENTERED', 2, DATE_SUB(NOW(), INTERVAL 29 HOUR), NULL, NULL, '演示数据：覆盖预约、审批、核验和统计报表场景'),
(42, CONCAT('VA', DATE_FORMAT(DATE_ADD(DATE_ADD(CURRENT_DATE(), INTERVAL 12 DAY), INTERVAL '00:00:00' HOUR_SECOND), '%Y%m%d'), '0042'), 42, 15, 7, 42, '后勤维修人员进行设备检修', DATE_ADD(DATE_ADD(CURRENT_DATE(), INTERVAL 12 DAY), INTERVAL '10:00:00' HOUR_SECOND), DATE_ADD(DATE_ADD(CURRENT_DATE(), INTERVAL 12 DAY), INTERVAL '11:00:00' HOUR_SECOND), 'APPROVED', 'NOT_ENTERED', 0, DATE_SUB(NOW(), INTERVAL 30 HOUR), NULL, NULL, '演示数据：覆盖预约、审批、核验和统计报表场景'),
(43, CONCAT('VA', DATE_FORMAT(DATE_ADD(DATE_ADD(CURRENT_DATE(), INTERVAL -29 DAY), INTERVAL '00:00:00' HOUR_SECOND), '%Y%m%d'), '0043'), 43, 16, 8, NULL, '学术交流报告与课题研讨', DATE_ADD(DATE_ADD(CURRENT_DATE(), INTERVAL -29 DAY), INTERVAL '11:00:00' HOUR_SECOND), DATE_ADD(DATE_ADD(CURRENT_DATE(), INTERVAL -29 DAY), INTERVAL '13:00:00' HOUR_SECOND), 'APPROVED', 'ENTERED', 1, DATE_SUB(NOW(), INTERVAL 727 HOUR), NULL, NULL, '演示数据：覆盖预约、审批、核验和统计报表场景'),
(44, CONCAT('VA', DATE_FORMAT(DATE_ADD(DATE_ADD(CURRENT_DATE(), INTERVAL -28 DAY), INTERVAL '00:00:00' HOUR_SECOND), '%Y%m%d'), '0044'), 44, 17, 9, 44, '参加学院实习与就业面试', DATE_ADD(DATE_ADD(CURRENT_DATE(), INTERVAL -28 DAY), INTERVAL '12:00:00' HOUR_SECOND), DATE_ADD(DATE_ADD(CURRENT_DATE(), INTERVAL -28 DAY), INTERVAL '15:00:00' HOUR_SECOND), 'APPROVED', 'ABNORMAL', 2, DATE_SUB(NOW(), INTERVAL 704 HOUR), NULL, NULL, '演示数据：覆盖预约、审批、核验和统计报表场景'),
(45, CONCAT('VA', DATE_FORMAT(DATE_ADD(DATE_ADD(CURRENT_DATE(), INTERVAL -27 DAY), INTERVAL '00:00:00' HOUR_SECOND), '%Y%m%d'), '0045'), 45, 18, 10, 45, '快递或配送人员进行物资交付', DATE_ADD(DATE_ADD(CURRENT_DATE(), INTERVAL -27 DAY), INTERVAL '13:00:00' HOUR_SECOND), DATE_ADD(DATE_ADD(CURRENT_DATE(), INTERVAL -27 DAY), INTERVAL '17:00:00' HOUR_SECOND), 'APPROVED', 'EXITED', 0, DATE_SUB(NOW(), INTERVAL 681 HOUR), NULL, NULL, '演示数据：覆盖预约、审批、核验和统计报表场景'),
(46, CONCAT('VA', DATE_FORMAT(DATE_ADD(DATE_ADD(CURRENT_DATE(), INTERVAL -26 DAY), INTERVAL '00:00:00' HOUR_SECOND), '%Y%m%d'), '0046'), 46, 4, 11, NULL, '校友返校参加学院交流活动', DATE_ADD(DATE_ADD(CURRENT_DATE(), INTERVAL -26 DAY), INTERVAL '14:00:00' HOUR_SECOND), DATE_ADD(DATE_ADD(CURRENT_DATE(), INTERVAL -26 DAY), INTERVAL '19:00:00' HOUR_SECOND), 'PENDING_DEPT', 'NOT_ENTERED', 1, DATE_SUB(NOW(), INTERVAL 658 HOUR), NULL, NULL, '演示数据：覆盖预约、审批、核验和统计报表场景'),
(47, CONCAT('VA', DATE_FORMAT(DATE_ADD(DATE_ADD(CURRENT_DATE(), INTERVAL -25 DAY), INTERVAL '00:00:00' HOUR_SECOND), '%Y%m%d'), '0047'), 47, 5, 13, 47, '外聘专家参加项目评审与讲座', DATE_ADD(DATE_ADD(CURRENT_DATE(), INTERVAL -25 DAY), INTERVAL '15:00:00' HOUR_SECOND), DATE_ADD(DATE_ADD(CURRENT_DATE(), INTERVAL -25 DAY), INTERVAL '21:00:00' HOUR_SECOND), 'APPROVED', 'OVERTIME', 2, DATE_SUB(NOW(), INTERVAL 635 HOUR), NULL, NULL, '演示数据：覆盖预约、审批、核验和统计报表场景'),
(48, CONCAT('VA', DATE_FORMAT(DATE_ADD(DATE_ADD(CURRENT_DATE(), INTERVAL -24 DAY), INTERVAL '00:00:00' HOUR_SECOND), '%Y%m%d'), '0048'), 48, 6, 13, 48, '学生家长来校办理学籍与生活沟通', DATE_ADD(DATE_ADD(CURRENT_DATE(), INTERVAL -24 DAY), INTERVAL '08:00:00' HOUR_SECOND), DATE_ADD(DATE_ADD(CURRENT_DATE(), INTERVAL -24 DAY), INTERVAL '09:00:00' HOUR_SECOND), 'APPROVED', 'ENTERED', 0, DATE_SUB(NOW(), INTERVAL 600 HOUR), NULL, NULL, '演示数据：覆盖预约、审批、核验和统计报表场景'),
(49, CONCAT('VA', DATE_FORMAT(DATE_ADD(DATE_ADD(CURRENT_DATE(), INTERVAL -23 DAY), INTERVAL '00:00:00' HOUR_SECOND), '%Y%m%d'), '0049'), 49, 7, 2, NULL, '企业合作项目洽谈与实验室参观', DATE_ADD(DATE_ADD(CURRENT_DATE(), INTERVAL -23 DAY), INTERVAL '09:00:00' HOUR_SECOND), DATE_ADD(DATE_ADD(CURRENT_DATE(), INTERVAL -23 DAY), INTERVAL '11:00:00' HOUR_SECOND), 'APPROVED', 'ABNORMAL', 1, DATE_SUB(NOW(), INTERVAL 577 HOUR), NULL, NULL, '演示数据：覆盖预约、审批、核验和统计报表场景'),
(50, CONCAT('VA', DATE_FORMAT(DATE_ADD(DATE_ADD(CURRENT_DATE(), INTERVAL -22 DAY), INTERVAL '00:00:00' HOUR_SECOND), '%Y%m%d'), '0050'), 50, 8, 3, 50, '后勤维修人员进行设备检修', DATE_ADD(DATE_ADD(CURRENT_DATE(), INTERVAL -22 DAY), INTERVAL '10:00:00' HOUR_SECOND), DATE_ADD(DATE_ADD(CURRENT_DATE(), INTERVAL -22 DAY), INTERVAL '13:00:00' HOUR_SECOND), 'APPROVED', 'EXITED', 2, DATE_SUB(NOW(), INTERVAL 554 HOUR), NULL, NULL, '演示数据：覆盖预约、审批、核验和统计报表场景'),
(51, CONCAT('VA', DATE_FORMAT(DATE_ADD(DATE_ADD(CURRENT_DATE(), INTERVAL -21 DAY), INTERVAL '00:00:00' HOUR_SECOND), '%Y%m%d'), '0051'), 51, 9, 4, 51, '学术交流报告与课题研讨', DATE_ADD(DATE_ADD(CURRENT_DATE(), INTERVAL -21 DAY), INTERVAL '11:00:00' HOUR_SECOND), DATE_ADD(DATE_ADD(CURRENT_DATE(), INTERVAL -21 DAY), INTERVAL '15:00:00' HOUR_SECOND), 'PENDING_HOST', 'NOT_ENTERED', 0, DATE_SUB(NOW(), INTERVAL 531 HOUR), NULL, NULL, '演示数据：覆盖预约、审批、核验和统计报表场景'),
(52, CONCAT('VA', DATE_FORMAT(DATE_ADD(DATE_ADD(CURRENT_DATE(), INTERVAL -20 DAY), INTERVAL '00:00:00' HOUR_SECOND), '%Y%m%d'), '0052'), 52, 10, 5, NULL, '参加学院实习与就业面试', DATE_ADD(DATE_ADD(CURRENT_DATE(), INTERVAL -20 DAY), INTERVAL '12:00:00' HOUR_SECOND), DATE_ADD(DATE_ADD(CURRENT_DATE(), INTERVAL -20 DAY), INTERVAL '17:00:00' HOUR_SECOND), 'APPROVED', 'OVERTIME', 1, DATE_SUB(NOW(), INTERVAL 508 HOUR), NULL, NULL, '演示数据：覆盖预约、审批、核验和统计报表场景'),
(53, CONCAT('VA', DATE_FORMAT(DATE_ADD(DATE_ADD(CURRENT_DATE(), INTERVAL -19 DAY), INTERVAL '00:00:00' HOUR_SECOND), '%Y%m%d'), '0053'), 53, 11, 6, 53, '快递或配送人员进行物资交付', DATE_ADD(DATE_ADD(CURRENT_DATE(), INTERVAL -19 DAY), INTERVAL '13:00:00' HOUR_SECOND), DATE_ADD(DATE_ADD(CURRENT_DATE(), INTERVAL -19 DAY), INTERVAL '19:00:00' HOUR_SECOND), 'APPROVED', 'ENTERED', 2, DATE_SUB(NOW(), INTERVAL 485 HOUR), NULL, NULL, '演示数据：覆盖预约、审批、核验和统计报表场景'),
(54, CONCAT('VA', DATE_FORMAT(DATE_ADD(DATE_ADD(CURRENT_DATE(), INTERVAL -18 DAY), INTERVAL '00:00:00' HOUR_SECOND), '%Y%m%d'), '0054'), 54, 12, 7, 54, '校友返校参加学院交流活动', DATE_ADD(DATE_ADD(CURRENT_DATE(), INTERVAL -18 DAY), INTERVAL '14:00:00' HOUR_SECOND), DATE_ADD(DATE_ADD(CURRENT_DATE(), INTERVAL -18 DAY), INTERVAL '15:00:00' HOUR_SECOND), 'APPROVED', 'ABNORMAL', 0, DATE_SUB(NOW(), INTERVAL 462 HOUR), NULL, NULL, '演示数据：覆盖预约、审批、核验和统计报表场景'),
(55, CONCAT('VA', DATE_FORMAT(DATE_ADD(DATE_ADD(CURRENT_DATE(), INTERVAL -17 DAY), INTERVAL '00:00:00' HOUR_SECOND), '%Y%m%d'), '0055'), 55, 13, 8, NULL, '外聘专家参加项目评审与讲座', DATE_ADD(DATE_ADD(CURRENT_DATE(), INTERVAL -17 DAY), INTERVAL '15:00:00' HOUR_SECOND), DATE_ADD(DATE_ADD(CURRENT_DATE(), INTERVAL -17 DAY), INTERVAL '17:00:00' HOUR_SECOND), 'APPROVED', 'EXITED', 1, DATE_SUB(NOW(), INTERVAL 439 HOUR), NULL, NULL, '演示数据：覆盖预约、审批、核验和统计报表场景'),
(56, CONCAT('VA', DATE_FORMAT(DATE_ADD(DATE_ADD(CURRENT_DATE(), INTERVAL -16 DAY), INTERVAL '00:00:00' HOUR_SECOND), '%Y%m%d'), '0056'), 56, 14, 9, 56, '学生家长来校办理学籍与生活沟通', DATE_ADD(DATE_ADD(CURRENT_DATE(), INTERVAL -16 DAY), INTERVAL '08:00:00' HOUR_SECOND), DATE_ADD(DATE_ADD(CURRENT_DATE(), INTERVAL -16 DAY), INTERVAL '11:00:00' HOUR_SECOND), 'APPROVED', 'EXITED', 2, DATE_SUB(NOW(), INTERVAL 416 HOUR), NULL, NULL, '演示数据：覆盖预约、审批、核验和统计报表场景'),
(57, CONCAT('VA', DATE_FORMAT(DATE_ADD(DATE_ADD(CURRENT_DATE(), INTERVAL -15 DAY), INTERVAL '00:00:00' HOUR_SECOND), '%Y%m%d'), '0057'), 57, 15, 10, 57, '企业合作项目洽谈与实验室参观', DATE_ADD(DATE_ADD(CURRENT_DATE(), INTERVAL -15 DAY), INTERVAL '09:00:00' HOUR_SECOND), DATE_ADD(DATE_ADD(CURRENT_DATE(), INTERVAL -15 DAY), INTERVAL '13:00:00' HOUR_SECOND), 'HOST_CONFIRMED', 'NOT_ENTERED', 0, DATE_SUB(NOW(), INTERVAL 393 HOUR), NULL, NULL, '演示数据：覆盖预约、审批、核验和统计报表场景'),
(58, CONCAT('VA', DATE_FORMAT(DATE_ADD(DATE_ADD(CURRENT_DATE(), INTERVAL -14 DAY), INTERVAL '00:00:00' HOUR_SECOND), '%Y%m%d'), '0058'), 58, 16, 11, NULL, '后勤维修人员进行设备检修', DATE_ADD(DATE_ADD(CURRENT_DATE(), INTERVAL -14 DAY), INTERVAL '10:00:00' HOUR_SECOND), DATE_ADD(DATE_ADD(CURRENT_DATE(), INTERVAL -14 DAY), INTERVAL '15:00:00' HOUR_SECOND), 'REJECTED', 'NOT_ENTERED', 1, DATE_SUB(NOW(), INTERVAL 370 HOUR), NULL, NULL, '演示数据：覆盖预约、审批、核验和统计报表场景'),
(59, CONCAT('VA', DATE_FORMAT(DATE_ADD(DATE_ADD(CURRENT_DATE(), INTERVAL -13 DAY), INTERVAL '00:00:00' HOUR_SECOND), '%Y%m%d'), '0059'), 59, 17, 13, 59, '学术交流报告与课题研讨', DATE_ADD(DATE_ADD(CURRENT_DATE(), INTERVAL -13 DAY), INTERVAL '11:00:00' HOUR_SECOND), DATE_ADD(DATE_ADD(CURRENT_DATE(), INTERVAL -13 DAY), INTERVAL '17:00:00' HOUR_SECOND), 'APPROVED', 'ABNORMAL', 2, DATE_SUB(NOW(), INTERVAL 347 HOUR), NULL, NULL, '演示数据：覆盖预约、审批、核验和统计报表场景'),
(60, CONCAT('VA', DATE_FORMAT(DATE_ADD(DATE_ADD(CURRENT_DATE(), INTERVAL -12 DAY), INTERVAL '00:00:00' HOUR_SECOND), '%Y%m%d'), '0060'), 60, 18, 13, 60, '参加学院实习与就业面试', DATE_ADD(DATE_ADD(CURRENT_DATE(), INTERVAL -12 DAY), INTERVAL '12:00:00' HOUR_SECOND), DATE_ADD(DATE_ADD(CURRENT_DATE(), INTERVAL -12 DAY), INTERVAL '13:00:00' HOUR_SECOND), 'APPROVED', 'EXITED', 0, DATE_SUB(NOW(), INTERVAL 312 HOUR), NULL, NULL, '演示数据：覆盖预约、审批、核验和统计报表场景');
INSERT INTO visit_apply (id, apply_no, visitor_id, host_user_id, department_id, vehicle_id, visit_reason, plan_start_time, plan_end_time, apply_status, access_status, companion_count, submit_time, cancel_time, cancel_reason, remark) VALUES
(61, CONCAT('VA', DATE_FORMAT(DATE_ADD(DATE_ADD(CURRENT_DATE(), INTERVAL -11 DAY), INTERVAL '00:00:00' HOUR_SECOND), '%Y%m%d'), '0061'), 61, 4, 2, NULL, '快递或配送人员进行物资交付', DATE_ADD(DATE_ADD(CURRENT_DATE(), INTERVAL -11 DAY), INTERVAL '13:00:00' HOUR_SECOND), DATE_ADD(DATE_ADD(CURRENT_DATE(), INTERVAL -11 DAY), INTERVAL '15:00:00' HOUR_SECOND), 'APPROVED', 'EXITED', 1, DATE_SUB(NOW(), INTERVAL 289 HOUR), NULL, NULL, '演示数据：覆盖预约、审批、核验和统计报表场景'),
(62, CONCAT('VA', DATE_FORMAT(DATE_ADD(DATE_ADD(CURRENT_DATE(), INTERVAL -10 DAY), INTERVAL '00:00:00' HOUR_SECOND), '%Y%m%d'), '0062'), 62, 5, 3, 62, '校友返校参加学院交流活动', DATE_ADD(DATE_ADD(CURRENT_DATE(), INTERVAL -10 DAY), INTERVAL '14:00:00' HOUR_SECOND), DATE_ADD(DATE_ADD(CURRENT_DATE(), INTERVAL -10 DAY), INTERVAL '17:00:00' HOUR_SECOND), 'HOST_REJECTED', 'NOT_ENTERED', 2, DATE_SUB(NOW(), INTERVAL 266 HOUR), NULL, NULL, '演示数据：覆盖预约、审批、核验和统计报表场景'),
(63, CONCAT('VA', DATE_FORMAT(DATE_ADD(DATE_ADD(CURRENT_DATE(), INTERVAL -9 DAY), INTERVAL '00:00:00' HOUR_SECOND), '%Y%m%d'), '0063'), 63, 6, 4, 63, '外聘专家参加项目评审与讲座', DATE_ADD(DATE_ADD(CURRENT_DATE(), INTERVAL -9 DAY), INTERVAL '15:00:00' HOUR_SECOND), DATE_ADD(DATE_ADD(CURRENT_DATE(), INTERVAL -9 DAY), INTERVAL '19:00:00' HOUR_SECOND), 'APPROVED', 'ENTERED', 0, DATE_SUB(NOW(), INTERVAL 243 HOUR), NULL, NULL, '演示数据：覆盖预约、审批、核验和统计报表场景'),
(64, CONCAT('VA', DATE_FORMAT(DATE_ADD(DATE_ADD(CURRENT_DATE(), INTERVAL -8 DAY), INTERVAL '00:00:00' HOUR_SECOND), '%Y%m%d'), '0064'), 64, 7, 5, NULL, '学生家长来校办理学籍与生活沟通', DATE_ADD(DATE_ADD(CURRENT_DATE(), INTERVAL -8 DAY), INTERVAL '08:00:00' HOUR_SECOND), DATE_ADD(DATE_ADD(CURRENT_DATE(), INTERVAL -8 DAY), INTERVAL '13:00:00' HOUR_SECOND), 'APPROVED', 'ABNORMAL', 1, DATE_SUB(NOW(), INTERVAL 220 HOUR), NULL, NULL, '演示数据：覆盖预约、审批、核验和统计报表场景'),
(65, CONCAT('VA', DATE_FORMAT(DATE_ADD(DATE_ADD(CURRENT_DATE(), INTERVAL -7 DAY), INTERVAL '00:00:00' HOUR_SECOND), '%Y%m%d'), '0065'), 65, 8, 6, 65, '企业合作项目洽谈与实验室参观', DATE_ADD(DATE_ADD(CURRENT_DATE(), INTERVAL -7 DAY), INTERVAL '09:00:00' HOUR_SECOND), DATE_ADD(DATE_ADD(CURRENT_DATE(), INTERVAL -7 DAY), INTERVAL '15:00:00' HOUR_SECOND), 'APPROVED', 'EXITED', 2, DATE_SUB(NOW(), INTERVAL 197 HOUR), NULL, NULL, '演示数据：覆盖预约、审批、核验和统计报表场景'),
(66, CONCAT('VA', DATE_FORMAT(DATE_ADD(DATE_ADD(CURRENT_DATE(), INTERVAL -6 DAY), INTERVAL '00:00:00' HOUR_SECOND), '%Y%m%d'), '0066'), 66, 9, 7, 66, '后勤维修人员进行设备检修', DATE_ADD(DATE_ADD(CURRENT_DATE(), INTERVAL -6 DAY), INTERVAL '10:00:00' HOUR_SECOND), DATE_ADD(DATE_ADD(CURRENT_DATE(), INTERVAL -6 DAY), INTERVAL '11:00:00' HOUR_SECOND), 'APPROVED', 'EXITED', 0, DATE_SUB(NOW(), INTERVAL 174 HOUR), NULL, NULL, '演示数据：覆盖预约、审批、核验和统计报表场景'),
(67, CONCAT('VA', DATE_FORMAT(DATE_ADD(DATE_ADD(CURRENT_DATE(), INTERVAL -5 DAY), INTERVAL '00:00:00' HOUR_SECOND), '%Y%m%d'), '0067'), 67, 10, 8, NULL, '学术交流报告与课题研讨', DATE_ADD(DATE_ADD(CURRENT_DATE(), INTERVAL -5 DAY), INTERVAL '11:00:00' HOUR_SECOND), DATE_ADD(DATE_ADD(CURRENT_DATE(), INTERVAL -5 DAY), INTERVAL '13:00:00' HOUR_SECOND), 'APPROVED', 'OVERTIME', 1, DATE_SUB(NOW(), INTERVAL 151 HOUR), NULL, NULL, '演示数据：覆盖预约、审批、核验和统计报表场景'),
(68, CONCAT('VA', DATE_FORMAT(DATE_ADD(DATE_ADD(CURRENT_DATE(), INTERVAL -4 DAY), INTERVAL '00:00:00' HOUR_SECOND), '%Y%m%d'), '0068'), 68, 11, 9, 68, '参加学院实习与就业面试', DATE_ADD(DATE_ADD(CURRENT_DATE(), INTERVAL -4 DAY), INTERVAL '12:00:00' HOUR_SECOND), DATE_ADD(DATE_ADD(CURRENT_DATE(), INTERVAL -4 DAY), INTERVAL '15:00:00' HOUR_SECOND), 'PENDING_HOST', 'NOT_ENTERED', 2, DATE_SUB(NOW(), INTERVAL 128 HOUR), NULL, NULL, '演示数据：覆盖预约、审批、核验和统计报表场景'),
(69, CONCAT('VA', DATE_FORMAT(DATE_ADD(DATE_ADD(CURRENT_DATE(), INTERVAL -3 DAY), INTERVAL '00:00:00' HOUR_SECOND), '%Y%m%d'), '0069'), 69, 12, 10, 69, '快递或配送人员进行物资交付', DATE_ADD(DATE_ADD(CURRENT_DATE(), INTERVAL -3 DAY), INTERVAL '13:00:00' HOUR_SECOND), DATE_ADD(DATE_ADD(CURRENT_DATE(), INTERVAL -3 DAY), INTERVAL '17:00:00' HOUR_SECOND), 'PENDING_DEPT', 'NOT_ENTERED', 0, DATE_SUB(NOW(), INTERVAL 105 HOUR), NULL, NULL, '演示数据：覆盖预约、审批、核验和统计报表场景'),
(70, CONCAT('VA', DATE_FORMAT(DATE_ADD(DATE_ADD(CURRENT_DATE(), INTERVAL -2 DAY), INTERVAL '00:00:00' HOUR_SECOND), '%Y%m%d'), '0070'), 70, 13, 11, NULL, '校友返校参加学院交流活动', DATE_ADD(DATE_ADD(CURRENT_DATE(), INTERVAL -2 DAY), INTERVAL '14:00:00' HOUR_SECOND), DATE_ADD(DATE_ADD(CURRENT_DATE(), INTERVAL -2 DAY), INTERVAL '19:00:00' HOUR_SECOND), 'APPROVED', 'EXITED', 1, DATE_SUB(NOW(), INTERVAL 82 HOUR), NULL, NULL, '演示数据：覆盖预约、审批、核验和统计报表场景'),
(71, CONCAT('VA', DATE_FORMAT(DATE_ADD(DATE_ADD(CURRENT_DATE(), INTERVAL -1 DAY), INTERVAL '00:00:00' HOUR_SECOND), '%Y%m%d'), '0071'), 71, 14, 13, NULL, '外聘专家参加项目评审与讲座', DATE_ADD(DATE_ADD(CURRENT_DATE(), INTERVAL -1 DAY), INTERVAL '15:00:00' HOUR_SECOND), DATE_ADD(DATE_ADD(CURRENT_DATE(), INTERVAL -1 DAY), INTERVAL '21:00:00' HOUR_SECOND), 'APPROVED', 'EXITED', 2, DATE_SUB(NOW(), INTERVAL 59 HOUR), NULL, NULL, '演示数据：覆盖预约、审批、核验和统计报表场景'),
(72, CONCAT('VA', DATE_FORMAT(DATE_ADD(DATE_ADD(CURRENT_DATE(), INTERVAL 0 DAY), INTERVAL '00:00:00' HOUR_SECOND), '%Y%m%d'), '0072'), 72, 15, 13, NULL, '学生家长来校办理学籍与生活沟通', DATE_ADD(DATE_ADD(CURRENT_DATE(), INTERVAL 0 DAY), INTERVAL '08:00:00' HOUR_SECOND), DATE_ADD(DATE_ADD(CURRENT_DATE(), INTERVAL 0 DAY), INTERVAL '09:00:00' HOUR_SECOND), 'APPROVED', 'ENTERED', 0, DATE_SUB(NOW(), INTERVAL 24 HOUR), NULL, NULL, '演示数据：覆盖预约、审批、核验和统计报表场景'),
(73, CONCAT('VA', DATE_FORMAT(DATE_ADD(DATE_ADD(CURRENT_DATE(), INTERVAL 1 DAY), INTERVAL '00:00:00' HOUR_SECOND), '%Y%m%d'), '0073'), 73, 16, 2, NULL, '企业合作项目洽谈与实验室参观', DATE_ADD(DATE_ADD(CURRENT_DATE(), INTERVAL 1 DAY), INTERVAL '09:00:00' HOUR_SECOND), DATE_ADD(DATE_ADD(CURRENT_DATE(), INTERVAL 1 DAY), INTERVAL '11:00:00' HOUR_SECOND), 'APPROVED', 'NOT_ENTERED', 1, DATE_SUB(NOW(), INTERVAL 25 HOUR), NULL, NULL, '演示数据：覆盖预约、审批、核验和统计报表场景'),
(74, CONCAT('VA', DATE_FORMAT(DATE_ADD(DATE_ADD(CURRENT_DATE(), INTERVAL 2 DAY), INTERVAL '00:00:00' HOUR_SECOND), '%Y%m%d'), '0074'), 74, 17, 3, NULL, '后勤维修人员进行设备检修', DATE_ADD(DATE_ADD(CURRENT_DATE(), INTERVAL 2 DAY), INTERVAL '10:00:00' HOUR_SECOND), DATE_ADD(DATE_ADD(CURRENT_DATE(), INTERVAL 2 DAY), INTERVAL '13:00:00' HOUR_SECOND), 'CANCELED', 'NOT_ENTERED', 2, DATE_SUB(NOW(), INTERVAL 26 HOUR), DATE_SUB(NOW(), INTERVAL 3 HOUR), '访客行程变化，主动取消', '演示数据：覆盖预约、审批、核验和统计报表场景'),
(75, CONCAT('VA', DATE_FORMAT(DATE_ADD(DATE_ADD(CURRENT_DATE(), INTERVAL 3 DAY), INTERVAL '00:00:00' HOUR_SECOND), '%Y%m%d'), '0075'), 75, 18, 4, NULL, '学术交流报告与课题研讨', DATE_ADD(DATE_ADD(CURRENT_DATE(), INTERVAL 3 DAY), INTERVAL '11:00:00' HOUR_SECOND), DATE_ADD(DATE_ADD(CURRENT_DATE(), INTERVAL 3 DAY), INTERVAL '15:00:00' HOUR_SECOND), 'APPROVED', 'NOT_ENTERED', 0, DATE_SUB(NOW(), INTERVAL 27 HOUR), NULL, NULL, '演示数据：覆盖预约、审批、核验和统计报表场景'),
(76, CONCAT('VA', DATE_FORMAT(DATE_ADD(DATE_ADD(CURRENT_DATE(), INTERVAL 4 DAY), INTERVAL '00:00:00' HOUR_SECOND), '%Y%m%d'), '0076'), 76, 4, 5, NULL, '参加学院实习与就业面试', DATE_ADD(DATE_ADD(CURRENT_DATE(), INTERVAL 4 DAY), INTERVAL '12:00:00' HOUR_SECOND), DATE_ADD(DATE_ADD(CURRENT_DATE(), INTERVAL 4 DAY), INTERVAL '17:00:00' HOUR_SECOND), 'HOST_CONFIRMED', 'NOT_ENTERED', 1, DATE_SUB(NOW(), INTERVAL 28 HOUR), NULL, NULL, '演示数据：覆盖预约、审批、核验和统计报表场景'),
(77, CONCAT('VA', DATE_FORMAT(DATE_ADD(DATE_ADD(CURRENT_DATE(), INTERVAL 5 DAY), INTERVAL '00:00:00' HOUR_SECOND), '%Y%m%d'), '0077'), 77, 5, 6, NULL, '快递或配送人员进行物资交付', DATE_ADD(DATE_ADD(CURRENT_DATE(), INTERVAL 5 DAY), INTERVAL '13:00:00' HOUR_SECOND), DATE_ADD(DATE_ADD(CURRENT_DATE(), INTERVAL 5 DAY), INTERVAL '19:00:00' HOUR_SECOND), 'APPROVED', 'NOT_ENTERED', 2, DATE_SUB(NOW(), INTERVAL 29 HOUR), NULL, NULL, '演示数据：覆盖预约、审批、核验和统计报表场景'),
(78, CONCAT('VA', DATE_FORMAT(DATE_ADD(DATE_ADD(CURRENT_DATE(), INTERVAL 6 DAY), INTERVAL '00:00:00' HOUR_SECOND), '%Y%m%d'), '0078'), 78, 6, 7, NULL, '校友返校参加学院交流活动', DATE_ADD(DATE_ADD(CURRENT_DATE(), INTERVAL 6 DAY), INTERVAL '14:00:00' HOUR_SECOND), DATE_ADD(DATE_ADD(CURRENT_DATE(), INTERVAL 6 DAY), INTERVAL '15:00:00' HOUR_SECOND), 'APPROVED', 'NOT_ENTERED', 0, DATE_SUB(NOW(), INTERVAL 30 HOUR), NULL, NULL, '演示数据：覆盖预约、审批、核验和统计报表场景'),
(79, CONCAT('VA', DATE_FORMAT(DATE_ADD(DATE_ADD(CURRENT_DATE(), INTERVAL 7 DAY), INTERVAL '00:00:00' HOUR_SECOND), '%Y%m%d'), '0079'), 79, 7, 8, NULL, '外聘专家参加项目评审与讲座', DATE_ADD(DATE_ADD(CURRENT_DATE(), INTERVAL 7 DAY), INTERVAL '15:00:00' HOUR_SECOND), DATE_ADD(DATE_ADD(CURRENT_DATE(), INTERVAL 7 DAY), INTERVAL '17:00:00' HOUR_SECOND), 'APPROVED', 'NOT_ENTERED', 1, DATE_SUB(NOW(), INTERVAL 31 HOUR), NULL, NULL, '演示数据：覆盖预约、审批、核验和统计报表场景'),
(80, CONCAT('VA', DATE_FORMAT(DATE_ADD(DATE_ADD(CURRENT_DATE(), INTERVAL -29 DAY), INTERVAL '00:00:00' HOUR_SECOND), '%Y%m%d'), '0080'), 80, 8, 9, NULL, '学生家长来校办理学籍与生活沟通', DATE_ADD(DATE_ADD(CURRENT_DATE(), INTERVAL -29 DAY), INTERVAL '08:00:00' HOUR_SECOND), DATE_ADD(DATE_ADD(CURRENT_DATE(), INTERVAL -29 DAY), INTERVAL '11:00:00' HOUR_SECOND), 'APPROVED', 'EXITED', 2, DATE_SUB(NOW(), INTERVAL 728 HOUR), NULL, NULL, '演示数据：覆盖预约、审批、核验和统计报表场景'),
(81, CONCAT('VA', DATE_FORMAT(DATE_ADD(DATE_ADD(CURRENT_DATE(), INTERVAL -28 DAY), INTERVAL '00:00:00' HOUR_SECOND), '%Y%m%d'), '0081'), 81, 9, 10, NULL, '企业合作项目洽谈与实验室参观', DATE_ADD(DATE_ADD(CURRENT_DATE(), INTERVAL -28 DAY), INTERVAL '09:00:00' HOUR_SECOND), DATE_ADD(DATE_ADD(CURRENT_DATE(), INTERVAL -28 DAY), INTERVAL '13:00:00' HOUR_SECOND), 'APPROVED', 'EXITED', 0, DATE_SUB(NOW(), INTERVAL 705 HOUR), NULL, NULL, '演示数据：覆盖预约、审批、核验和统计报表场景'),
(82, CONCAT('VA', DATE_FORMAT(DATE_ADD(DATE_ADD(CURRENT_DATE(), INTERVAL -27 DAY), INTERVAL '00:00:00' HOUR_SECOND), '%Y%m%d'), '0082'), 82, 10, 11, NULL, '后勤维修人员进行设备检修', DATE_ADD(DATE_ADD(CURRENT_DATE(), INTERVAL -27 DAY), INTERVAL '10:00:00' HOUR_SECOND), DATE_ADD(DATE_ADD(CURRENT_DATE(), INTERVAL -27 DAY), INTERVAL '15:00:00' HOUR_SECOND), 'REJECTED_BLACKLIST', 'NOT_ENTERED', 1, DATE_SUB(NOW(), INTERVAL 682 HOUR), NULL, NULL, '演示数据：覆盖预约、审批、核验和统计报表场景'),
(83, CONCAT('VA', DATE_FORMAT(DATE_ADD(DATE_ADD(CURRENT_DATE(), INTERVAL -26 DAY), INTERVAL '00:00:00' HOUR_SECOND), '%Y%m%d'), '0083'), 83, 11, 13, NULL, '学术交流报告与课题研讨', DATE_ADD(DATE_ADD(CURRENT_DATE(), INTERVAL -26 DAY), INTERVAL '11:00:00' HOUR_SECOND), DATE_ADD(DATE_ADD(CURRENT_DATE(), INTERVAL -26 DAY), INTERVAL '17:00:00' HOUR_SECOND), 'APPROVED', 'ENTERED', 2, DATE_SUB(NOW(), INTERVAL 659 HOUR), NULL, NULL, '演示数据：覆盖预约、审批、核验和统计报表场景'),
(84, CONCAT('VA', DATE_FORMAT(DATE_ADD(DATE_ADD(CURRENT_DATE(), INTERVAL -25 DAY), INTERVAL '00:00:00' HOUR_SECOND), '%Y%m%d'), '0084'), 84, 12, 13, NULL, '参加学院实习与就业面试', DATE_ADD(DATE_ADD(CURRENT_DATE(), INTERVAL -25 DAY), INTERVAL '12:00:00' HOUR_SECOND), DATE_ADD(DATE_ADD(CURRENT_DATE(), INTERVAL -25 DAY), INTERVAL '13:00:00' HOUR_SECOND), 'APPROVED', 'ABNORMAL', 0, DATE_SUB(NOW(), INTERVAL 624 HOUR), NULL, NULL, '演示数据：覆盖预约、审批、核验和统计报表场景'),
(85, CONCAT('VA', DATE_FORMAT(DATE_ADD(DATE_ADD(CURRENT_DATE(), INTERVAL -24 DAY), INTERVAL '00:00:00' HOUR_SECOND), '%Y%m%d'), '0085'), 85, 13, 2, NULL, '快递或配送人员进行物资交付', DATE_ADD(DATE_ADD(CURRENT_DATE(), INTERVAL -24 DAY), INTERVAL '13:00:00' HOUR_SECOND), DATE_ADD(DATE_ADD(CURRENT_DATE(), INTERVAL -24 DAY), INTERVAL '15:00:00' HOUR_SECOND), 'PENDING_HOST', 'NOT_ENTERED', 1, DATE_SUB(NOW(), INTERVAL 601 HOUR), NULL, NULL, '演示数据：覆盖预约、审批、核验和统计报表场景'),
(86, CONCAT('VA', DATE_FORMAT(DATE_ADD(DATE_ADD(CURRENT_DATE(), INTERVAL -23 DAY), INTERVAL '00:00:00' HOUR_SECOND), '%Y%m%d'), '0086'), 86, 14, 3, NULL, '校友返校参加学院交流活动', DATE_ADD(DATE_ADD(CURRENT_DATE(), INTERVAL -23 DAY), INTERVAL '14:00:00' HOUR_SECOND), DATE_ADD(DATE_ADD(CURRENT_DATE(), INTERVAL -23 DAY), INTERVAL '17:00:00' HOUR_SECOND), 'APPROVED', 'EXITED', 2, DATE_SUB(NOW(), INTERVAL 578 HOUR), NULL, NULL, '演示数据：覆盖预约、审批、核验和统计报表场景'),
(87, CONCAT('VA', DATE_FORMAT(DATE_ADD(DATE_ADD(CURRENT_DATE(), INTERVAL -22 DAY), INTERVAL '00:00:00' HOUR_SECOND), '%Y%m%d'), '0087'), 87, 15, 4, NULL, '外聘专家参加项目评审与讲座', DATE_ADD(DATE_ADD(CURRENT_DATE(), INTERVAL -22 DAY), INTERVAL '15:00:00' HOUR_SECOND), DATE_ADD(DATE_ADD(CURRENT_DATE(), INTERVAL -22 DAY), INTERVAL '19:00:00' HOUR_SECOND), 'REJECTED', 'NOT_ENTERED', 0, DATE_SUB(NOW(), INTERVAL 555 HOUR), NULL, NULL, '演示数据：覆盖预约、审批、核验和统计报表场景'),
(88, CONCAT('VA', DATE_FORMAT(DATE_ADD(DATE_ADD(CURRENT_DATE(), INTERVAL -21 DAY), INTERVAL '00:00:00' HOUR_SECOND), '%Y%m%d'), '0088'), 88, 16, 5, NULL, '学生家长来校办理学籍与生活沟通', DATE_ADD(DATE_ADD(CURRENT_DATE(), INTERVAL -21 DAY), INTERVAL '08:00:00' HOUR_SECOND), DATE_ADD(DATE_ADD(CURRENT_DATE(), INTERVAL -21 DAY), INTERVAL '13:00:00' HOUR_SECOND), 'APPROVED', 'ENTERED', 1, DATE_SUB(NOW(), INTERVAL 532 HOUR), NULL, NULL, '演示数据：覆盖预约、审批、核验和统计报表场景'),
(89, CONCAT('VA', DATE_FORMAT(DATE_ADD(DATE_ADD(CURRENT_DATE(), INTERVAL -20 DAY), INTERVAL '00:00:00' HOUR_SECOND), '%Y%m%d'), '0089'), 89, 17, 6, NULL, '企业合作项目洽谈与实验室参观', DATE_ADD(DATE_ADD(CURRENT_DATE(), INTERVAL -20 DAY), INTERVAL '09:00:00' HOUR_SECOND), DATE_ADD(DATE_ADD(CURRENT_DATE(), INTERVAL -20 DAY), INTERVAL '15:00:00' HOUR_SECOND), 'APPROVED', 'ABNORMAL', 2, DATE_SUB(NOW(), INTERVAL 509 HOUR), NULL, NULL, '演示数据：覆盖预约、审批、核验和统计报表场景'),
(90, CONCAT('VA', DATE_FORMAT(DATE_ADD(DATE_ADD(CURRENT_DATE(), INTERVAL -19 DAY), INTERVAL '00:00:00' HOUR_SECOND), '%Y%m%d'), '0090'), 90, 18, 7, NULL, '后勤维修人员进行设备检修', DATE_ADD(DATE_ADD(CURRENT_DATE(), INTERVAL -19 DAY), INTERVAL '10:00:00' HOUR_SECOND), DATE_ADD(DATE_ADD(CURRENT_DATE(), INTERVAL -19 DAY), INTERVAL '11:00:00' HOUR_SECOND), 'APPROVED', 'EXITED', 0, DATE_SUB(NOW(), INTERVAL 486 HOUR), NULL, NULL, '演示数据：覆盖预约、审批、核验和统计报表场景'),
(91, CONCAT('VA', DATE_FORMAT(DATE_ADD(DATE_ADD(CURRENT_DATE(), INTERVAL -18 DAY), INTERVAL '00:00:00' HOUR_SECOND), '%Y%m%d'), '0091'), 91, 4, 8, NULL, '学术交流报告与课题研讨', DATE_ADD(DATE_ADD(CURRENT_DATE(), INTERVAL -18 DAY), INTERVAL '11:00:00' HOUR_SECOND), DATE_ADD(DATE_ADD(CURRENT_DATE(), INTERVAL -18 DAY), INTERVAL '13:00:00' HOUR_SECOND), 'APPROVED', 'EXITED', 1, DATE_SUB(NOW(), INTERVAL 463 HOUR), NULL, NULL, '演示数据：覆盖预约、审批、核验和统计报表场景'),
(92, CONCAT('VA', DATE_FORMAT(DATE_ADD(DATE_ADD(CURRENT_DATE(), INTERVAL -17 DAY), INTERVAL '00:00:00' HOUR_SECOND), '%Y%m%d'), '0092'), 92, 5, 9, NULL, '参加学院实习与就业面试', DATE_ADD(DATE_ADD(CURRENT_DATE(), INTERVAL -17 DAY), INTERVAL '12:00:00' HOUR_SECOND), DATE_ADD(DATE_ADD(CURRENT_DATE(), INTERVAL -17 DAY), INTERVAL '15:00:00' HOUR_SECOND), 'PENDING_DEPT', 'NOT_ENTERED', 2, DATE_SUB(NOW(), INTERVAL 440 HOUR), NULL, NULL, '演示数据：覆盖预约、审批、核验和统计报表场景'),
(93, CONCAT('VA', DATE_FORMAT(DATE_ADD(DATE_ADD(CURRENT_DATE(), INTERVAL -16 DAY), INTERVAL '00:00:00' HOUR_SECOND), '%Y%m%d'), '0093'), 93, 6, 10, NULL, '快递或配送人员进行物资交付', DATE_ADD(DATE_ADD(CURRENT_DATE(), INTERVAL -16 DAY), INTERVAL '13:00:00' HOUR_SECOND), DATE_ADD(DATE_ADD(CURRENT_DATE(), INTERVAL -16 DAY), INTERVAL '17:00:00' HOUR_SECOND), 'HOST_REJECTED', 'NOT_ENTERED', 0, DATE_SUB(NOW(), INTERVAL 417 HOUR), NULL, NULL, '演示数据：覆盖预约、审批、核验和统计报表场景'),
(94, CONCAT('VA', DATE_FORMAT(DATE_ADD(DATE_ADD(CURRENT_DATE(), INTERVAL -15 DAY), INTERVAL '00:00:00' HOUR_SECOND), '%Y%m%d'), '0094'), 94, 7, 11, NULL, '校友返校参加学院交流活动', DATE_ADD(DATE_ADD(CURRENT_DATE(), INTERVAL -15 DAY), INTERVAL '14:00:00' HOUR_SECOND), DATE_ADD(DATE_ADD(CURRENT_DATE(), INTERVAL -15 DAY), INTERVAL '19:00:00' HOUR_SECOND), 'APPROVED', 'ABNORMAL', 1, DATE_SUB(NOW(), INTERVAL 394 HOUR), NULL, NULL, '演示数据：覆盖预约、审批、核验和统计报表场景'),
(95, CONCAT('VA', DATE_FORMAT(DATE_ADD(DATE_ADD(CURRENT_DATE(), INTERVAL -14 DAY), INTERVAL '00:00:00' HOUR_SECOND), '%Y%m%d'), '0095'), 95, 8, 13, NULL, '外聘专家参加项目评审与讲座', DATE_ADD(DATE_ADD(CURRENT_DATE(), INTERVAL -14 DAY), INTERVAL '15:00:00' HOUR_SECOND), DATE_ADD(DATE_ADD(CURRENT_DATE(), INTERVAL -14 DAY), INTERVAL '21:00:00' HOUR_SECOND), 'HOST_CONFIRMED', 'NOT_ENTERED', 2, DATE_SUB(NOW(), INTERVAL 371 HOUR), NULL, NULL, '演示数据：覆盖预约、审批、核验和统计报表场景'),
(96, CONCAT('VA', DATE_FORMAT(DATE_ADD(DATE_ADD(CURRENT_DATE(), INTERVAL -13 DAY), INTERVAL '00:00:00' HOUR_SECOND), '%Y%m%d'), '0096'), 96, 9, 13, NULL, '学生家长来校办理学籍与生活沟通', DATE_ADD(DATE_ADD(CURRENT_DATE(), INTERVAL -13 DAY), INTERVAL '08:00:00' HOUR_SECOND), DATE_ADD(DATE_ADD(CURRENT_DATE(), INTERVAL -13 DAY), INTERVAL '09:00:00' HOUR_SECOND), 'APPROVED', 'EXITED', 0, DATE_SUB(NOW(), INTERVAL 336 HOUR), NULL, NULL, '演示数据：覆盖预约、审批、核验和统计报表场景'),
(97, CONCAT('VA', DATE_FORMAT(DATE_ADD(DATE_ADD(CURRENT_DATE(), INTERVAL -12 DAY), INTERVAL '00:00:00' HOUR_SECOND), '%Y%m%d'), '0097'), 97, 10, 2, NULL, '企业合作项目洽谈与实验室参观', DATE_ADD(DATE_ADD(CURRENT_DATE(), INTERVAL -12 DAY), INTERVAL '09:00:00' HOUR_SECOND), DATE_ADD(DATE_ADD(CURRENT_DATE(), INTERVAL -12 DAY), INTERVAL '11:00:00' HOUR_SECOND), 'APPROVED', 'OVERTIME', 1, DATE_SUB(NOW(), INTERVAL 313 HOUR), NULL, NULL, '演示数据：覆盖预约、审批、核验和统计报表场景'),
(98, CONCAT('VA', DATE_FORMAT(DATE_ADD(DATE_ADD(CURRENT_DATE(), INTERVAL -11 DAY), INTERVAL '00:00:00' HOUR_SECOND), '%Y%m%d'), '0098'), 98, 11, 3, NULL, '后勤维修人员进行设备检修', DATE_ADD(DATE_ADD(CURRENT_DATE(), INTERVAL -11 DAY), INTERVAL '10:00:00' HOUR_SECOND), DATE_ADD(DATE_ADD(CURRENT_DATE(), INTERVAL -11 DAY), INTERVAL '13:00:00' HOUR_SECOND), 'APPROVED', 'ENTERED', 2, DATE_SUB(NOW(), INTERVAL 290 HOUR), NULL, NULL, '演示数据：覆盖预约、审批、核验和统计报表场景'),
(99, CONCAT('VA', DATE_FORMAT(DATE_ADD(DATE_ADD(CURRENT_DATE(), INTERVAL -10 DAY), INTERVAL '00:00:00' HOUR_SECOND), '%Y%m%d'), '0099'), 99, 12, 4, NULL, '学术交流报告与课题研讨', DATE_ADD(DATE_ADD(CURRENT_DATE(), INTERVAL -10 DAY), INTERVAL '11:00:00' HOUR_SECOND), DATE_ADD(DATE_ADD(CURRENT_DATE(), INTERVAL -10 DAY), INTERVAL '15:00:00' HOUR_SECOND), 'APPROVED', 'ABNORMAL', 0, DATE_SUB(NOW(), INTERVAL 267 HOUR), NULL, NULL, '演示数据：覆盖预约、审批、核验和统计报表场景'),
(100, CONCAT('VA', DATE_FORMAT(DATE_ADD(DATE_ADD(CURRENT_DATE(), INTERVAL -9 DAY), INTERVAL '00:00:00' HOUR_SECOND), '%Y%m%d'), '0100'), 100, 13, 5, NULL, '参加学院实习与就业面试', DATE_ADD(DATE_ADD(CURRENT_DATE(), INTERVAL -9 DAY), INTERVAL '12:00:00' HOUR_SECOND), DATE_ADD(DATE_ADD(CURRENT_DATE(), INTERVAL -9 DAY), INTERVAL '17:00:00' HOUR_SECOND), 'APPROVED', 'EXITED', 1, DATE_SUB(NOW(), INTERVAL 244 HOUR), NULL, NULL, '演示数据：覆盖预约、审批、核验和统计报表场景'),
(101, CONCAT('VA', DATE_FORMAT(DATE_ADD(DATE_ADD(CURRENT_DATE(), INTERVAL -8 DAY), INTERVAL '00:00:00' HOUR_SECOND), '%Y%m%d'), '0101'), 101, 14, 6, NULL, '快递或配送人员进行物资交付', DATE_ADD(DATE_ADD(CURRENT_DATE(), INTERVAL -8 DAY), INTERVAL '13:00:00' HOUR_SECOND), DATE_ADD(DATE_ADD(CURRENT_DATE(), INTERVAL -8 DAY), INTERVAL '19:00:00' HOUR_SECOND), 'APPROVED', 'EXITED', 2, DATE_SUB(NOW(), INTERVAL 221 HOUR), NULL, NULL, '演示数据：覆盖预约、审批、核验和统计报表场景'),
(102, CONCAT('VA', DATE_FORMAT(DATE_ADD(DATE_ADD(CURRENT_DATE(), INTERVAL -7 DAY), INTERVAL '00:00:00' HOUR_SECOND), '%Y%m%d'), '0102'), 102, 15, 7, NULL, '校友返校参加学院交流活动', DATE_ADD(DATE_ADD(CURRENT_DATE(), INTERVAL -7 DAY), INTERVAL '14:00:00' HOUR_SECOND), DATE_ADD(DATE_ADD(CURRENT_DATE(), INTERVAL -7 DAY), INTERVAL '15:00:00' HOUR_SECOND), 'PENDING_HOST', 'NOT_ENTERED', 0, DATE_SUB(NOW(), INTERVAL 198 HOUR), NULL, NULL, '演示数据：覆盖预约、审批、核验和统计报表场景'),
(103, CONCAT('VA', DATE_FORMAT(DATE_ADD(DATE_ADD(CURRENT_DATE(), INTERVAL -6 DAY), INTERVAL '00:00:00' HOUR_SECOND), '%Y%m%d'), '0103'), 103, 16, 8, NULL, '外聘专家参加项目评审与讲座', DATE_ADD(DATE_ADD(CURRENT_DATE(), INTERVAL -6 DAY), INTERVAL '15:00:00' HOUR_SECOND), DATE_ADD(DATE_ADD(CURRENT_DATE(), INTERVAL -6 DAY), INTERVAL '17:00:00' HOUR_SECOND), 'APPROVED', 'ENTERED', 1, DATE_SUB(NOW(), INTERVAL 175 HOUR), NULL, NULL, '演示数据：覆盖预约、审批、核验和统计报表场景'),
(104, CONCAT('VA', DATE_FORMAT(DATE_ADD(DATE_ADD(CURRENT_DATE(), INTERVAL -5 DAY), INTERVAL '00:00:00' HOUR_SECOND), '%Y%m%d'), '0104'), 104, 17, 9, NULL, '学生家长来校办理学籍与生活沟通', DATE_ADD(DATE_ADD(CURRENT_DATE(), INTERVAL -5 DAY), INTERVAL '08:00:00' HOUR_SECOND), DATE_ADD(DATE_ADD(CURRENT_DATE(), INTERVAL -5 DAY), INTERVAL '11:00:00' HOUR_SECOND), 'APPROVED', 'ABNORMAL', 2, DATE_SUB(NOW(), INTERVAL 152 HOUR), NULL, NULL, '演示数据：覆盖预约、审批、核验和统计报表场景'),
(105, CONCAT('VA', DATE_FORMAT(DATE_ADD(DATE_ADD(CURRENT_DATE(), INTERVAL -4 DAY), INTERVAL '00:00:00' HOUR_SECOND), '%Y%m%d'), '0105'), 105, 18, 10, NULL, '企业合作项目洽谈与实验室参观', DATE_ADD(DATE_ADD(CURRENT_DATE(), INTERVAL -4 DAY), INTERVAL '09:00:00' HOUR_SECOND), DATE_ADD(DATE_ADD(CURRENT_DATE(), INTERVAL -4 DAY), INTERVAL '13:00:00' HOUR_SECOND), 'APPROVED', 'EXITED', 0, DATE_SUB(NOW(), INTERVAL 129 HOUR), NULL, NULL, '演示数据：覆盖预约、审批、核验和统计报表场景'),
(106, CONCAT('VA', DATE_FORMAT(DATE_ADD(DATE_ADD(CURRENT_DATE(), INTERVAL -3 DAY), INTERVAL '00:00:00' HOUR_SECOND), '%Y%m%d'), '0106'), 106, 4, 11, NULL, '后勤维修人员进行设备检修', DATE_ADD(DATE_ADD(CURRENT_DATE(), INTERVAL -3 DAY), INTERVAL '10:00:00' HOUR_SECOND), DATE_ADD(DATE_ADD(CURRENT_DATE(), INTERVAL -3 DAY), INTERVAL '15:00:00' HOUR_SECOND), 'APPROVED', 'EXITED', 1, DATE_SUB(NOW(), INTERVAL 106 HOUR), NULL, NULL, '演示数据：覆盖预约、审批、核验和统计报表场景'),
(107, CONCAT('VA', DATE_FORMAT(DATE_ADD(DATE_ADD(CURRENT_DATE(), INTERVAL -2 DAY), INTERVAL '00:00:00' HOUR_SECOND), '%Y%m%d'), '0107'), 107, 5, 13, NULL, '学术交流报告与课题研讨', DATE_ADD(DATE_ADD(CURRENT_DATE(), INTERVAL -2 DAY), INTERVAL '11:00:00' HOUR_SECOND), DATE_ADD(DATE_ADD(CURRENT_DATE(), INTERVAL -2 DAY), INTERVAL '17:00:00' HOUR_SECOND), 'APPROVED', 'OVERTIME', 2, DATE_SUB(NOW(), INTERVAL 83 HOUR), NULL, NULL, '演示数据：覆盖预约、审批、核验和统计报表场景'),
(108, CONCAT('VA', DATE_FORMAT(DATE_ADD(DATE_ADD(CURRENT_DATE(), INTERVAL -1 DAY), INTERVAL '00:00:00' HOUR_SECOND), '%Y%m%d'), '0108'), 108, 6, 13, NULL, '参加学院实习与就业面试', DATE_ADD(DATE_ADD(CURRENT_DATE(), INTERVAL -1 DAY), INTERVAL '12:00:00' HOUR_SECOND), DATE_ADD(DATE_ADD(CURRENT_DATE(), INTERVAL -1 DAY), INTERVAL '13:00:00' HOUR_SECOND), 'APPROVED', 'ENTERED', 0, DATE_SUB(NOW(), INTERVAL 48 HOUR), NULL, NULL, '演示数据：覆盖预约、审批、核验和统计报表场景'),
(109, CONCAT('VA', DATE_FORMAT(DATE_ADD(DATE_ADD(CURRENT_DATE(), INTERVAL 0 DAY), INTERVAL '00:00:00' HOUR_SECOND), '%Y%m%d'), '0109'), 109, 7, 2, NULL, '快递或配送人员进行物资交付', DATE_ADD(DATE_ADD(CURRENT_DATE(), INTERVAL 0 DAY), INTERVAL '13:00:00' HOUR_SECOND), DATE_ADD(DATE_ADD(CURRENT_DATE(), INTERVAL 0 DAY), INTERVAL '15:00:00' HOUR_SECOND), 'APPROVED', 'EXITED', 1, DATE_SUB(NOW(), INTERVAL 25 HOUR), NULL, NULL, '演示数据：覆盖预约、审批、核验和统计报表场景'),
(110, CONCAT('VA', DATE_FORMAT(DATE_ADD(DATE_ADD(CURRENT_DATE(), INTERVAL 1 DAY), INTERVAL '00:00:00' HOUR_SECOND), '%Y%m%d'), '0110'), 110, 8, 3, NULL, '校友返校参加学院交流活动', DATE_ADD(DATE_ADD(CURRENT_DATE(), INTERVAL 1 DAY), INTERVAL '14:00:00' HOUR_SECOND), DATE_ADD(DATE_ADD(CURRENT_DATE(), INTERVAL 1 DAY), INTERVAL '17:00:00' HOUR_SECOND), 'APPROVED', 'NOT_ENTERED', 2, DATE_SUB(NOW(), INTERVAL 26 HOUR), NULL, NULL, '演示数据：覆盖预约、审批、核验和统计报表场景'),
(111, CONCAT('VA', DATE_FORMAT(DATE_ADD(DATE_ADD(CURRENT_DATE(), INTERVAL 2 DAY), INTERVAL '00:00:00' HOUR_SECOND), '%Y%m%d'), '0111'), 111, 9, 4, NULL, '外聘专家参加项目评审与讲座', DATE_ADD(DATE_ADD(CURRENT_DATE(), INTERVAL 2 DAY), INTERVAL '15:00:00' HOUR_SECOND), DATE_ADD(DATE_ADD(CURRENT_DATE(), INTERVAL 2 DAY), INTERVAL '19:00:00' HOUR_SECOND), 'CANCELED', 'NOT_ENTERED', 0, DATE_SUB(NOW(), INTERVAL 27 HOUR), DATE_SUB(NOW(), INTERVAL 3 HOUR), '访客行程变化，主动取消', '演示数据：覆盖预约、审批、核验和统计报表场景'),
(112, CONCAT('VA', DATE_FORMAT(DATE_ADD(DATE_ADD(CURRENT_DATE(), INTERVAL 3 DAY), INTERVAL '00:00:00' HOUR_SECOND), '%Y%m%d'), '0112'), 112, 10, 5, NULL, '学生家长来校办理学籍与生活沟通', DATE_ADD(DATE_ADD(CURRENT_DATE(), INTERVAL 3 DAY), INTERVAL '08:00:00' HOUR_SECOND), DATE_ADD(DATE_ADD(CURRENT_DATE(), INTERVAL 3 DAY), INTERVAL '13:00:00' HOUR_SECOND), 'APPROVED', 'NOT_ENTERED', 1, DATE_SUB(NOW(), INTERVAL 28 HOUR), NULL, NULL, '演示数据：覆盖预约、审批、核验和统计报表场景'),
(113, CONCAT('VA', DATE_FORMAT(DATE_ADD(DATE_ADD(CURRENT_DATE(), INTERVAL 4 DAY), INTERVAL '00:00:00' HOUR_SECOND), '%Y%m%d'), '0113'), 113, 11, 6, NULL, '企业合作项目洽谈与实验室参观', DATE_ADD(DATE_ADD(CURRENT_DATE(), INTERVAL 4 DAY), INTERVAL '09:00:00' HOUR_SECOND), DATE_ADD(DATE_ADD(CURRENT_DATE(), INTERVAL 4 DAY), INTERVAL '15:00:00' HOUR_SECOND), 'APPROVED', 'NOT_ENTERED', 2, DATE_SUB(NOW(), INTERVAL 29 HOUR), NULL, NULL, '演示数据：覆盖预约、审批、核验和统计报表场景'),
(114, CONCAT('VA', DATE_FORMAT(DATE_ADD(DATE_ADD(CURRENT_DATE(), INTERVAL 5 DAY), INTERVAL '00:00:00' HOUR_SECOND), '%Y%m%d'), '0114'), 114, 12, 7, NULL, '后勤维修人员进行设备检修', DATE_ADD(DATE_ADD(CURRENT_DATE(), INTERVAL 5 DAY), INTERVAL '10:00:00' HOUR_SECOND), DATE_ADD(DATE_ADD(CURRENT_DATE(), INTERVAL 5 DAY), INTERVAL '11:00:00' HOUR_SECOND), 'HOST_CONFIRMED', 'NOT_ENTERED', 0, DATE_SUB(NOW(), INTERVAL 30 HOUR), NULL, NULL, '演示数据：覆盖预约、审批、核验和统计报表场景'),
(115, CONCAT('VA', DATE_FORMAT(DATE_ADD(DATE_ADD(CURRENT_DATE(), INTERVAL 6 DAY), INTERVAL '00:00:00' HOUR_SECOND), '%Y%m%d'), '0115'), 115, 13, 8, NULL, '学术交流报告与课题研讨', DATE_ADD(DATE_ADD(CURRENT_DATE(), INTERVAL 6 DAY), INTERVAL '11:00:00' HOUR_SECOND), DATE_ADD(DATE_ADD(CURRENT_DATE(), INTERVAL 6 DAY), INTERVAL '13:00:00' HOUR_SECOND), 'PENDING_DEPT', 'NOT_ENTERED', 1, DATE_SUB(NOW(), INTERVAL 31 HOUR), NULL, NULL, '演示数据：覆盖预约、审批、核验和统计报表场景'),
(116, CONCAT('VA', DATE_FORMAT(DATE_ADD(DATE_ADD(CURRENT_DATE(), INTERVAL 7 DAY), INTERVAL '00:00:00' HOUR_SECOND), '%Y%m%d'), '0116'), 116, 14, 9, NULL, '参加学院实习与就业面试', DATE_ADD(DATE_ADD(CURRENT_DATE(), INTERVAL 7 DAY), INTERVAL '12:00:00' HOUR_SECOND), DATE_ADD(DATE_ADD(CURRENT_DATE(), INTERVAL 7 DAY), INTERVAL '15:00:00' HOUR_SECOND), 'REJECTED', 'NOT_ENTERED', 2, DATE_SUB(NOW(), INTERVAL 32 HOUR), NULL, NULL, '演示数据：覆盖预约、审批、核验和统计报表场景'),
(117, CONCAT('VA', DATE_FORMAT(DATE_ADD(DATE_ADD(CURRENT_DATE(), INTERVAL -29 DAY), INTERVAL '00:00:00' HOUR_SECOND), '%Y%m%d'), '0117'), 117, 15, 10, NULL, '快递或配送人员进行物资交付', DATE_ADD(DATE_ADD(CURRENT_DATE(), INTERVAL -29 DAY), INTERVAL '13:00:00' HOUR_SECOND), DATE_ADD(DATE_ADD(CURRENT_DATE(), INTERVAL -29 DAY), INTERVAL '17:00:00' HOUR_SECOND), 'APPROVED', 'OVERTIME', 0, DATE_SUB(NOW(), INTERVAL 729 HOUR), NULL, NULL, '演示数据：覆盖预约、审批、核验和统计报表场景'),
(118, CONCAT('VA', DATE_FORMAT(DATE_ADD(DATE_ADD(CURRENT_DATE(), INTERVAL -28 DAY), INTERVAL '00:00:00' HOUR_SECOND), '%Y%m%d'), '0118'), 118, 16, 11, NULL, '校友返校参加学院交流活动', DATE_ADD(DATE_ADD(CURRENT_DATE(), INTERVAL -28 DAY), INTERVAL '14:00:00' HOUR_SECOND), DATE_ADD(DATE_ADD(CURRENT_DATE(), INTERVAL -28 DAY), INTERVAL '19:00:00' HOUR_SECOND), 'APPROVED', 'ENTERED', 1, DATE_SUB(NOW(), INTERVAL 706 HOUR), NULL, NULL, '演示数据：覆盖预约、审批、核验和统计报表场景'),
(119, CONCAT('VA', DATE_FORMAT(DATE_ADD(DATE_ADD(CURRENT_DATE(), INTERVAL -27 DAY), INTERVAL '00:00:00' HOUR_SECOND), '%Y%m%d'), '0119'), 119, 17, 13, NULL, '外聘专家参加项目评审与讲座', DATE_ADD(DATE_ADD(CURRENT_DATE(), INTERVAL -27 DAY), INTERVAL '15:00:00' HOUR_SECOND), DATE_ADD(DATE_ADD(CURRENT_DATE(), INTERVAL -27 DAY), INTERVAL '21:00:00' HOUR_SECOND), 'PENDING_HOST', 'NOT_ENTERED', 2, DATE_SUB(NOW(), INTERVAL 683 HOUR), NULL, NULL, '演示数据：覆盖预约、审批、核验和统计报表场景'),
(120, CONCAT('VA', DATE_FORMAT(DATE_ADD(DATE_ADD(CURRENT_DATE(), INTERVAL -26 DAY), INTERVAL '00:00:00' HOUR_SECOND), '%Y%m%d'), '0120'), 120, 18, 13, NULL, '学生家长来校办理学籍与生活沟通', DATE_ADD(DATE_ADD(CURRENT_DATE(), INTERVAL -26 DAY), INTERVAL '08:00:00' HOUR_SECOND), DATE_ADD(DATE_ADD(CURRENT_DATE(), INTERVAL -26 DAY), INTERVAL '09:00:00' HOUR_SECOND), 'APPROVED', 'EXITED', 0, DATE_SUB(NOW(), INTERVAL 648 HOUR), NULL, NULL, '演示数据：覆盖预约、审批、核验和统计报表场景');
INSERT INTO visit_apply (id, apply_no, visitor_id, host_user_id, department_id, vehicle_id, visit_reason, plan_start_time, plan_end_time, apply_status, access_status, companion_count, submit_time, cancel_time, cancel_reason, remark) VALUES
(121, CONCAT('VA', DATE_FORMAT(DATE_ADD(DATE_ADD(CURRENT_DATE(), INTERVAL -25 DAY), INTERVAL '00:00:00' HOUR_SECOND), '%Y%m%d'), '0121'), 121, 4, 2, NULL, '企业合作项目洽谈与实验室参观', DATE_ADD(DATE_ADD(CURRENT_DATE(), INTERVAL -25 DAY), INTERVAL '09:00:00' HOUR_SECOND), DATE_ADD(DATE_ADD(CURRENT_DATE(), INTERVAL -25 DAY), INTERVAL '11:00:00' HOUR_SECOND), 'APPROVED', 'EXITED', 1, DATE_SUB(NOW(), INTERVAL 625 HOUR), NULL, NULL, '演示数据：覆盖预约、审批、核验和统计报表场景'),
(122, CONCAT('VA', DATE_FORMAT(DATE_ADD(DATE_ADD(CURRENT_DATE(), INTERVAL -24 DAY), INTERVAL '00:00:00' HOUR_SECOND), '%Y%m%d'), '0122'), 122, 5, 3, NULL, '后勤维修人员进行设备检修', DATE_ADD(DATE_ADD(CURRENT_DATE(), INTERVAL -24 DAY), INTERVAL '10:00:00' HOUR_SECOND), DATE_ADD(DATE_ADD(CURRENT_DATE(), INTERVAL -24 DAY), INTERVAL '13:00:00' HOUR_SECOND), 'APPROVED', 'OVERTIME', 2, DATE_SUB(NOW(), INTERVAL 602 HOUR), NULL, NULL, '演示数据：覆盖预约、审批、核验和统计报表场景'),
(123, CONCAT('VA', DATE_FORMAT(DATE_ADD(DATE_ADD(CURRENT_DATE(), INTERVAL -23 DAY), INTERVAL '00:00:00' HOUR_SECOND), '%Y%m%d'), '0123'), 123, 6, 4, NULL, '学术交流报告与课题研讨', DATE_ADD(DATE_ADD(CURRENT_DATE(), INTERVAL -23 DAY), INTERVAL '11:00:00' HOUR_SECOND), DATE_ADD(DATE_ADD(CURRENT_DATE(), INTERVAL -23 DAY), INTERVAL '15:00:00' HOUR_SECOND), 'REJECTED_BLACKLIST', 'NOT_ENTERED', 0, DATE_SUB(NOW(), INTERVAL 579 HOUR), NULL, NULL, '演示数据：覆盖预约、审批、核验和统计报表场景'),
(124, CONCAT('VA', DATE_FORMAT(DATE_ADD(DATE_ADD(CURRENT_DATE(), INTERVAL -22 DAY), INTERVAL '00:00:00' HOUR_SECOND), '%Y%m%d'), '0124'), 124, 7, 5, NULL, '参加学院实习与就业面试', DATE_ADD(DATE_ADD(CURRENT_DATE(), INTERVAL -22 DAY), INTERVAL '12:00:00' HOUR_SECOND), DATE_ADD(DATE_ADD(CURRENT_DATE(), INTERVAL -22 DAY), INTERVAL '17:00:00' HOUR_SECOND), 'HOST_REJECTED', 'NOT_ENTERED', 1, DATE_SUB(NOW(), INTERVAL 556 HOUR), NULL, NULL, '演示数据：覆盖预约、审批、核验和统计报表场景'),
(125, CONCAT('VA', DATE_FORMAT(DATE_ADD(DATE_ADD(CURRENT_DATE(), INTERVAL -21 DAY), INTERVAL '00:00:00' HOUR_SECOND), '%Y%m%d'), '0125'), 125, 8, 6, NULL, '快递或配送人员进行物资交付', DATE_ADD(DATE_ADD(CURRENT_DATE(), INTERVAL -21 DAY), INTERVAL '13:00:00' HOUR_SECOND), DATE_ADD(DATE_ADD(CURRENT_DATE(), INTERVAL -21 DAY), INTERVAL '19:00:00' HOUR_SECOND), 'APPROVED', 'EXITED', 2, DATE_SUB(NOW(), INTERVAL 533 HOUR), NULL, NULL, '演示数据：覆盖预约、审批、核验和统计报表场景'),
(126, CONCAT('VA', DATE_FORMAT(DATE_ADD(DATE_ADD(CURRENT_DATE(), INTERVAL -20 DAY), INTERVAL '00:00:00' HOUR_SECOND), '%Y%m%d'), '0126'), 126, 9, 7, NULL, '校友返校参加学院交流活动', DATE_ADD(DATE_ADD(CURRENT_DATE(), INTERVAL -20 DAY), INTERVAL '14:00:00' HOUR_SECOND), DATE_ADD(DATE_ADD(CURRENT_DATE(), INTERVAL -20 DAY), INTERVAL '15:00:00' HOUR_SECOND), 'APPROVED', 'EXITED', 0, DATE_SUB(NOW(), INTERVAL 510 HOUR), NULL, NULL, '演示数据：覆盖预约、审批、核验和统计报表场景'),
(127, CONCAT('VA', DATE_FORMAT(DATE_ADD(DATE_ADD(CURRENT_DATE(), INTERVAL -19 DAY), INTERVAL '00:00:00' HOUR_SECOND), '%Y%m%d'), '0127'), 127, 10, 8, NULL, '外聘专家参加项目评审与讲座', DATE_ADD(DATE_ADD(CURRENT_DATE(), INTERVAL -19 DAY), INTERVAL '15:00:00' HOUR_SECOND), DATE_ADD(DATE_ADD(CURRENT_DATE(), INTERVAL -19 DAY), INTERVAL '17:00:00' HOUR_SECOND), 'APPROVED', 'OVERTIME', 1, DATE_SUB(NOW(), INTERVAL 487 HOUR), NULL, NULL, '演示数据：覆盖预约、审批、核验和统计报表场景'),
(128, CONCAT('VA', DATE_FORMAT(DATE_ADD(DATE_ADD(CURRENT_DATE(), INTERVAL -18 DAY), INTERVAL '00:00:00' HOUR_SECOND), '%Y%m%d'), '0128'), 128, 11, 9, NULL, '学生家长来校办理学籍与生活沟通', DATE_ADD(DATE_ADD(CURRENT_DATE(), INTERVAL -18 DAY), INTERVAL '08:00:00' HOUR_SECOND), DATE_ADD(DATE_ADD(CURRENT_DATE(), INTERVAL -18 DAY), INTERVAL '11:00:00' HOUR_SECOND), 'APPROVED', 'ENTERED', 2, DATE_SUB(NOW(), INTERVAL 464 HOUR), NULL, NULL, '演示数据：覆盖预约、审批、核验和统计报表场景'),
(129, CONCAT('VA', DATE_FORMAT(DATE_ADD(DATE_ADD(CURRENT_DATE(), INTERVAL -17 DAY), INTERVAL '00:00:00' HOUR_SECOND), '%Y%m%d'), '0129'), 129, 12, 10, NULL, '企业合作项目洽谈与实验室参观', DATE_ADD(DATE_ADD(CURRENT_DATE(), INTERVAL -17 DAY), INTERVAL '09:00:00' HOUR_SECOND), DATE_ADD(DATE_ADD(CURRENT_DATE(), INTERVAL -17 DAY), INTERVAL '13:00:00' HOUR_SECOND), 'APPROVED', 'ABNORMAL', 0, DATE_SUB(NOW(), INTERVAL 441 HOUR), NULL, NULL, '演示数据：覆盖预约、审批、核验和统计报表场景'),
(130, CONCAT('VA', DATE_FORMAT(DATE_ADD(DATE_ADD(CURRENT_DATE(), INTERVAL -16 DAY), INTERVAL '00:00:00' HOUR_SECOND), '%Y%m%d'), '0130'), 130, 13, 11, NULL, '后勤维修人员进行设备检修', DATE_ADD(DATE_ADD(CURRENT_DATE(), INTERVAL -16 DAY), INTERVAL '10:00:00' HOUR_SECOND), DATE_ADD(DATE_ADD(CURRENT_DATE(), INTERVAL -16 DAY), INTERVAL '15:00:00' HOUR_SECOND), 'APPROVED', 'EXITED', 1, DATE_SUB(NOW(), INTERVAL 418 HOUR), NULL, NULL, '演示数据：覆盖预约、审批、核验和统计报表场景'),
(131, CONCAT('VA', DATE_FORMAT(DATE_ADD(DATE_ADD(CURRENT_DATE(), INTERVAL -15 DAY), INTERVAL '00:00:00' HOUR_SECOND), '%Y%m%d'), '0131'), 131, 14, 13, NULL, '学术交流报告与课题研讨', DATE_ADD(DATE_ADD(CURRENT_DATE(), INTERVAL -15 DAY), INTERVAL '11:00:00' HOUR_SECOND), DATE_ADD(DATE_ADD(CURRENT_DATE(), INTERVAL -15 DAY), INTERVAL '17:00:00' HOUR_SECOND), 'APPROVED', 'EXITED', 2, DATE_SUB(NOW(), INTERVAL 395 HOUR), NULL, NULL, '演示数据：覆盖预约、审批、核验和统计报表场景'),
(132, CONCAT('VA', DATE_FORMAT(DATE_ADD(DATE_ADD(CURRENT_DATE(), INTERVAL -14 DAY), INTERVAL '00:00:00' HOUR_SECOND), '%Y%m%d'), '0132'), 132, 15, 13, NULL, '参加学院实习与就业面试', DATE_ADD(DATE_ADD(CURRENT_DATE(), INTERVAL -14 DAY), INTERVAL '12:00:00' HOUR_SECOND), DATE_ADD(DATE_ADD(CURRENT_DATE(), INTERVAL -14 DAY), INTERVAL '13:00:00' HOUR_SECOND), 'APPROVED', 'OVERTIME', 0, DATE_SUB(NOW(), INTERVAL 360 HOUR), NULL, NULL, '演示数据：覆盖预约、审批、核验和统计报表场景'),
(133, CONCAT('VA', DATE_FORMAT(DATE_ADD(DATE_ADD(CURRENT_DATE(), INTERVAL -13 DAY), INTERVAL '00:00:00' HOUR_SECOND), '%Y%m%d'), '0133'), 133, 16, 2, NULL, '快递或配送人员进行物资交付', DATE_ADD(DATE_ADD(CURRENT_DATE(), INTERVAL -13 DAY), INTERVAL '13:00:00' HOUR_SECOND), DATE_ADD(DATE_ADD(CURRENT_DATE(), INTERVAL -13 DAY), INTERVAL '15:00:00' HOUR_SECOND), 'HOST_CONFIRMED', 'NOT_ENTERED', 1, DATE_SUB(NOW(), INTERVAL 337 HOUR), NULL, NULL, '演示数据：覆盖预约、审批、核验和统计报表场景'),
(134, CONCAT('VA', DATE_FORMAT(DATE_ADD(DATE_ADD(CURRENT_DATE(), INTERVAL -12 DAY), INTERVAL '00:00:00' HOUR_SECOND), '%Y%m%d'), '0134'), 134, 17, 3, NULL, '校友返校参加学院交流活动', DATE_ADD(DATE_ADD(CURRENT_DATE(), INTERVAL -12 DAY), INTERVAL '14:00:00' HOUR_SECOND), DATE_ADD(DATE_ADD(CURRENT_DATE(), INTERVAL -12 DAY), INTERVAL '17:00:00' HOUR_SECOND), 'APPROVED', 'ABNORMAL', 2, DATE_SUB(NOW(), INTERVAL 314 HOUR), NULL, NULL, '演示数据：覆盖预约、审批、核验和统计报表场景'),
(135, CONCAT('VA', DATE_FORMAT(DATE_ADD(DATE_ADD(CURRENT_DATE(), INTERVAL -11 DAY), INTERVAL '00:00:00' HOUR_SECOND), '%Y%m%d'), '0135'), 135, 18, 4, NULL, '外聘专家参加项目评审与讲座', DATE_ADD(DATE_ADD(CURRENT_DATE(), INTERVAL -11 DAY), INTERVAL '15:00:00' HOUR_SECOND), DATE_ADD(DATE_ADD(CURRENT_DATE(), INTERVAL -11 DAY), INTERVAL '19:00:00' HOUR_SECOND), 'APPROVED', 'EXITED', 0, DATE_SUB(NOW(), INTERVAL 291 HOUR), NULL, NULL, '演示数据：覆盖预约、审批、核验和统计报表场景'),
(136, CONCAT('VA', DATE_FORMAT(DATE_ADD(DATE_ADD(CURRENT_DATE(), INTERVAL -10 DAY), INTERVAL '00:00:00' HOUR_SECOND), '%Y%m%d'), '0136'), 136, 4, 5, NULL, '学生家长来校办理学籍与生活沟通', DATE_ADD(DATE_ADD(CURRENT_DATE(), INTERVAL -10 DAY), INTERVAL '08:00:00' HOUR_SECOND), DATE_ADD(DATE_ADD(CURRENT_DATE(), INTERVAL -10 DAY), INTERVAL '13:00:00' HOUR_SECOND), 'PENDING_HOST', 'NOT_ENTERED', 1, DATE_SUB(NOW(), INTERVAL 268 HOUR), NULL, NULL, '演示数据：覆盖预约、审批、核验和统计报表场景'),
(137, CONCAT('VA', DATE_FORMAT(DATE_ADD(DATE_ADD(CURRENT_DATE(), INTERVAL -9 DAY), INTERVAL '00:00:00' HOUR_SECOND), '%Y%m%d'), '0137'), 137, 5, 6, NULL, '企业合作项目洽谈与实验室参观', DATE_ADD(DATE_ADD(CURRENT_DATE(), INTERVAL -9 DAY), INTERVAL '09:00:00' HOUR_SECOND), DATE_ADD(DATE_ADD(CURRENT_DATE(), INTERVAL -9 DAY), INTERVAL '15:00:00' HOUR_SECOND), 'APPROVED', 'OVERTIME', 2, DATE_SUB(NOW(), INTERVAL 245 HOUR), NULL, NULL, '演示数据：覆盖预约、审批、核验和统计报表场景'),
(138, CONCAT('VA', DATE_FORMAT(DATE_ADD(DATE_ADD(CURRENT_DATE(), INTERVAL -8 DAY), INTERVAL '00:00:00' HOUR_SECOND), '%Y%m%d'), '0138'), 138, 6, 7, NULL, '后勤维修人员进行设备检修', DATE_ADD(DATE_ADD(CURRENT_DATE(), INTERVAL -8 DAY), INTERVAL '10:00:00' HOUR_SECOND), DATE_ADD(DATE_ADD(CURRENT_DATE(), INTERVAL -8 DAY), INTERVAL '11:00:00' HOUR_SECOND), 'PENDING_DEPT', 'NOT_ENTERED', 0, DATE_SUB(NOW(), INTERVAL 222 HOUR), NULL, NULL, '演示数据：覆盖预约、审批、核验和统计报表场景'),
(139, CONCAT('VA', DATE_FORMAT(DATE_ADD(DATE_ADD(CURRENT_DATE(), INTERVAL -7 DAY), INTERVAL '00:00:00' HOUR_SECOND), '%Y%m%d'), '0139'), 139, 7, 8, NULL, '学术交流报告与课题研讨', DATE_ADD(DATE_ADD(CURRENT_DATE(), INTERVAL -7 DAY), INTERVAL '11:00:00' HOUR_SECOND), DATE_ADD(DATE_ADD(CURRENT_DATE(), INTERVAL -7 DAY), INTERVAL '13:00:00' HOUR_SECOND), 'APPROVED', 'ABNORMAL', 1, DATE_SUB(NOW(), INTERVAL 199 HOUR), NULL, NULL, '演示数据：覆盖预约、审批、核验和统计报表场景'),
(140, CONCAT('VA', DATE_FORMAT(DATE_ADD(DATE_ADD(CURRENT_DATE(), INTERVAL -6 DAY), INTERVAL '00:00:00' HOUR_SECOND), '%Y%m%d'), '0140'), 140, 8, 9, NULL, '参加学院实习与就业面试', DATE_ADD(DATE_ADD(CURRENT_DATE(), INTERVAL -6 DAY), INTERVAL '12:00:00' HOUR_SECOND), DATE_ADD(DATE_ADD(CURRENT_DATE(), INTERVAL -6 DAY), INTERVAL '15:00:00' HOUR_SECOND), 'APPROVED', 'EXITED', 2, DATE_SUB(NOW(), INTERVAL 176 HOUR), NULL, NULL, '演示数据：覆盖预约、审批、核验和统计报表场景'),
(141, CONCAT('VA', DATE_FORMAT(DATE_ADD(DATE_ADD(CURRENT_DATE(), INTERVAL -5 DAY), INTERVAL '00:00:00' HOUR_SECOND), '%Y%m%d'), '0141'), 1, 9, 10, 1, '快递或配送人员进行物资交付', DATE_ADD(DATE_ADD(CURRENT_DATE(), INTERVAL -5 DAY), INTERVAL '13:00:00' HOUR_SECOND), DATE_ADD(DATE_ADD(CURRENT_DATE(), INTERVAL -5 DAY), INTERVAL '17:00:00' HOUR_SECOND), 'APPROVED', 'EXITED', 0, DATE_SUB(NOW(), INTERVAL 153 HOUR), NULL, NULL, '演示数据：覆盖预约、审批、核验和统计报表场景'),
(142, CONCAT('VA', DATE_FORMAT(DATE_ADD(DATE_ADD(CURRENT_DATE(), INTERVAL -4 DAY), INTERVAL '00:00:00' HOUR_SECOND), '%Y%m%d'), '0142'), 2, 10, 11, NULL, '校友返校参加学院交流活动', DATE_ADD(DATE_ADD(CURRENT_DATE(), INTERVAL -4 DAY), INTERVAL '14:00:00' HOUR_SECOND), DATE_ADD(DATE_ADD(CURRENT_DATE(), INTERVAL -4 DAY), INTERVAL '19:00:00' HOUR_SECOND), 'APPROVED', 'OVERTIME', 1, DATE_SUB(NOW(), INTERVAL 130 HOUR), NULL, NULL, '演示数据：覆盖预约、审批、核验和统计报表场景'),
(143, CONCAT('VA', DATE_FORMAT(DATE_ADD(DATE_ADD(CURRENT_DATE(), INTERVAL -3 DAY), INTERVAL '00:00:00' HOUR_SECOND), '%Y%m%d'), '0143'), 3, 11, 13, 3, '外聘专家参加项目评审与讲座', DATE_ADD(DATE_ADD(CURRENT_DATE(), INTERVAL -3 DAY), INTERVAL '15:00:00' HOUR_SECOND), DATE_ADD(DATE_ADD(CURRENT_DATE(), INTERVAL -3 DAY), INTERVAL '21:00:00' HOUR_SECOND), 'APPROVED', 'ENTERED', 2, DATE_SUB(NOW(), INTERVAL 107 HOUR), NULL, NULL, '演示数据：覆盖预约、审批、核验和统计报表场景'),
(144, CONCAT('VA', DATE_FORMAT(DATE_ADD(DATE_ADD(CURRENT_DATE(), INTERVAL -2 DAY), INTERVAL '00:00:00' HOUR_SECOND), '%Y%m%d'), '0144'), 4, 12, 13, 4, '学生家长来校办理学籍与生活沟通', DATE_ADD(DATE_ADD(CURRENT_DATE(), INTERVAL -2 DAY), INTERVAL '08:00:00' HOUR_SECOND), DATE_ADD(DATE_ADD(CURRENT_DATE(), INTERVAL -2 DAY), INTERVAL '09:00:00' HOUR_SECOND), 'APPROVED', 'ABNORMAL', 0, DATE_SUB(NOW(), INTERVAL 72 HOUR), NULL, NULL, '演示数据：覆盖预约、审批、核验和统计报表场景'),
(145, CONCAT('VA', DATE_FORMAT(DATE_ADD(DATE_ADD(CURRENT_DATE(), INTERVAL -1 DAY), INTERVAL '00:00:00' HOUR_SECOND), '%Y%m%d'), '0145'), 5, 13, 2, NULL, '企业合作项目洽谈与实验室参观', DATE_ADD(DATE_ADD(CURRENT_DATE(), INTERVAL -1 DAY), INTERVAL '09:00:00' HOUR_SECOND), DATE_ADD(DATE_ADD(CURRENT_DATE(), INTERVAL -1 DAY), INTERVAL '11:00:00' HOUR_SECOND), 'REJECTED', 'NOT_ENTERED', 1, DATE_SUB(NOW(), INTERVAL 49 HOUR), NULL, NULL, '演示数据：覆盖预约、审批、核验和统计报表场景'),
(146, CONCAT('VA', DATE_FORMAT(DATE_ADD(DATE_ADD(CURRENT_DATE(), INTERVAL 0 DAY), INTERVAL '00:00:00' HOUR_SECOND), '%Y%m%d'), '0146'), 6, 14, 3, 6, '后勤维修人员进行设备检修', DATE_ADD(DATE_ADD(CURRENT_DATE(), INTERVAL 0 DAY), INTERVAL '10:00:00' HOUR_SECOND), DATE_ADD(DATE_ADD(CURRENT_DATE(), INTERVAL 0 DAY), INTERVAL '13:00:00' HOUR_SECOND), 'APPROVED', 'OVERTIME', 2, DATE_SUB(NOW(), INTERVAL 26 HOUR), NULL, NULL, '演示数据：覆盖预约、审批、核验和统计报表场景'),
(147, CONCAT('VA', DATE_FORMAT(DATE_ADD(DATE_ADD(CURRENT_DATE(), INTERVAL 1 DAY), INTERVAL '00:00:00' HOUR_SECOND), '%Y%m%d'), '0147'), 7, 15, 4, 7, '学术交流报告与课题研讨', DATE_ADD(DATE_ADD(CURRENT_DATE(), INTERVAL 1 DAY), INTERVAL '11:00:00' HOUR_SECOND), DATE_ADD(DATE_ADD(CURRENT_DATE(), INTERVAL 1 DAY), INTERVAL '15:00:00' HOUR_SECOND), 'APPROVED', 'NOT_ENTERED', 0, DATE_SUB(NOW(), INTERVAL 27 HOUR), NULL, NULL, '演示数据：覆盖预约、审批、核验和统计报表场景'),
(148, CONCAT('VA', DATE_FORMAT(DATE_ADD(DATE_ADD(CURRENT_DATE(), INTERVAL 2 DAY), INTERVAL '00:00:00' HOUR_SECOND), '%Y%m%d'), '0148'), 8, 16, 5, NULL, '参加学院实习与就业面试', DATE_ADD(DATE_ADD(CURRENT_DATE(), INTERVAL 2 DAY), INTERVAL '12:00:00' HOUR_SECOND), DATE_ADD(DATE_ADD(CURRENT_DATE(), INTERVAL 2 DAY), INTERVAL '17:00:00' HOUR_SECOND), 'CANCELED', 'NOT_ENTERED', 1, DATE_SUB(NOW(), INTERVAL 28 HOUR), DATE_SUB(NOW(), INTERVAL 3 HOUR), '访客行程变化，主动取消', '演示数据：覆盖预约、审批、核验和统计报表场景'),
(149, CONCAT('VA', DATE_FORMAT(DATE_ADD(DATE_ADD(CURRENT_DATE(), INTERVAL 3 DAY), INTERVAL '00:00:00' HOUR_SECOND), '%Y%m%d'), '0149'), 9, 17, 6, 9, '快递或配送人员进行物资交付', DATE_ADD(DATE_ADD(CURRENT_DATE(), INTERVAL 3 DAY), INTERVAL '13:00:00' HOUR_SECOND), DATE_ADD(DATE_ADD(CURRENT_DATE(), INTERVAL 3 DAY), INTERVAL '19:00:00' HOUR_SECOND), 'APPROVED', 'NOT_ENTERED', 2, DATE_SUB(NOW(), INTERVAL 29 HOUR), NULL, NULL, '演示数据：覆盖预约、审批、核验和统计报表场景'),
(150, CONCAT('VA', DATE_FORMAT(DATE_ADD(DATE_ADD(CURRENT_DATE(), INTERVAL 4 DAY), INTERVAL '00:00:00' HOUR_SECOND), '%Y%m%d'), '0150'), 10, 18, 7, 10, '校友返校参加学院交流活动', DATE_ADD(DATE_ADD(CURRENT_DATE(), INTERVAL 4 DAY), INTERVAL '14:00:00' HOUR_SECOND), DATE_ADD(DATE_ADD(CURRENT_DATE(), INTERVAL 4 DAY), INTERVAL '15:00:00' HOUR_SECOND), 'APPROVED', 'NOT_ENTERED', 0, DATE_SUB(NOW(), INTERVAL 30 HOUR), NULL, NULL, '演示数据：覆盖预约、审批、核验和统计报表场景'),
(151, CONCAT('VA', DATE_FORMAT(DATE_ADD(DATE_ADD(CURRENT_DATE(), INTERVAL 5 DAY), INTERVAL '00:00:00' HOUR_SECOND), '%Y%m%d'), '0151'), 11, 4, 8, NULL, '外聘专家参加项目评审与讲座', DATE_ADD(DATE_ADD(CURRENT_DATE(), INTERVAL 5 DAY), INTERVAL '15:00:00' HOUR_SECOND), DATE_ADD(DATE_ADD(CURRENT_DATE(), INTERVAL 5 DAY), INTERVAL '17:00:00' HOUR_SECOND), 'APPROVED', 'NOT_ENTERED', 1, DATE_SUB(NOW(), INTERVAL 31 HOUR), NULL, NULL, '演示数据：覆盖预约、审批、核验和统计报表场景'),
(152, CONCAT('VA', DATE_FORMAT(DATE_ADD(DATE_ADD(CURRENT_DATE(), INTERVAL 6 DAY), INTERVAL '00:00:00' HOUR_SECOND), '%Y%m%d'), '0152'), 12, 5, 9, 12, '学生家长来校办理学籍与生活沟通', DATE_ADD(DATE_ADD(CURRENT_DATE(), INTERVAL 6 DAY), INTERVAL '08:00:00' HOUR_SECOND), DATE_ADD(DATE_ADD(CURRENT_DATE(), INTERVAL 6 DAY), INTERVAL '11:00:00' HOUR_SECOND), 'HOST_CONFIRMED', 'NOT_ENTERED', 2, DATE_SUB(NOW(), INTERVAL 32 HOUR), NULL, NULL, '演示数据：覆盖预约、审批、核验和统计报表场景'),
(153, CONCAT('VA', DATE_FORMAT(DATE_ADD(DATE_ADD(CURRENT_DATE(), INTERVAL 7 DAY), INTERVAL '00:00:00' HOUR_SECOND), '%Y%m%d'), '0153'), 13, 6, 10, 13, '企业合作项目洽谈与实验室参观', DATE_ADD(DATE_ADD(CURRENT_DATE(), INTERVAL 7 DAY), INTERVAL '09:00:00' HOUR_SECOND), DATE_ADD(DATE_ADD(CURRENT_DATE(), INTERVAL 7 DAY), INTERVAL '13:00:00' HOUR_SECOND), 'PENDING_HOST', 'NOT_ENTERED', 0, DATE_SUB(NOW(), INTERVAL 33 HOUR), NULL, NULL, '演示数据：覆盖预约、审批、核验和统计报表场景'),
(154, CONCAT('VA', DATE_FORMAT(DATE_ADD(DATE_ADD(CURRENT_DATE(), INTERVAL -29 DAY), INTERVAL '00:00:00' HOUR_SECOND), '%Y%m%d'), '0154'), 14, 7, 11, NULL, '后勤维修人员进行设备检修', DATE_ADD(DATE_ADD(CURRENT_DATE(), INTERVAL -29 DAY), INTERVAL '10:00:00' HOUR_SECOND), DATE_ADD(DATE_ADD(CURRENT_DATE(), INTERVAL -29 DAY), INTERVAL '15:00:00' HOUR_SECOND), 'APPROVED', 'ABNORMAL', 1, DATE_SUB(NOW(), INTERVAL 730 HOUR), NULL, NULL, '演示数据：覆盖预约、审批、核验和统计报表场景'),
(155, CONCAT('VA', DATE_FORMAT(DATE_ADD(DATE_ADD(CURRENT_DATE(), INTERVAL -28 DAY), INTERVAL '00:00:00' HOUR_SECOND), '%Y%m%d'), '0155'), 15, 8, 13, 15, '学术交流报告与课题研讨', DATE_ADD(DATE_ADD(CURRENT_DATE(), INTERVAL -28 DAY), INTERVAL '11:00:00' HOUR_SECOND), DATE_ADD(DATE_ADD(CURRENT_DATE(), INTERVAL -28 DAY), INTERVAL '17:00:00' HOUR_SECOND), 'HOST_REJECTED', 'NOT_ENTERED', 2, DATE_SUB(NOW(), INTERVAL 707 HOUR), NULL, NULL, '演示数据：覆盖预约、审批、核验和统计报表场景'),
(156, CONCAT('VA', DATE_FORMAT(DATE_ADD(DATE_ADD(CURRENT_DATE(), INTERVAL -27 DAY), INTERVAL '00:00:00' HOUR_SECOND), '%Y%m%d'), '0156'), 16, 9, 13, 16, '参加学院实习与就业面试', DATE_ADD(DATE_ADD(CURRENT_DATE(), INTERVAL -27 DAY), INTERVAL '12:00:00' HOUR_SECOND), DATE_ADD(DATE_ADD(CURRENT_DATE(), INTERVAL -27 DAY), INTERVAL '13:00:00' HOUR_SECOND), 'APPROVED', 'EXITED', 0, DATE_SUB(NOW(), INTERVAL 672 HOUR), NULL, NULL, '演示数据：覆盖预约、审批、核验和统计报表场景'),
(157, CONCAT('VA', DATE_FORMAT(DATE_ADD(DATE_ADD(CURRENT_DATE(), INTERVAL -26 DAY), INTERVAL '00:00:00' HOUR_SECOND), '%Y%m%d'), '0157'), 17, 10, 2, NULL, '快递或配送人员进行物资交付', DATE_ADD(DATE_ADD(CURRENT_DATE(), INTERVAL -26 DAY), INTERVAL '13:00:00' HOUR_SECOND), DATE_ADD(DATE_ADD(CURRENT_DATE(), INTERVAL -26 DAY), INTERVAL '15:00:00' HOUR_SECOND), 'APPROVED', 'OVERTIME', 1, DATE_SUB(NOW(), INTERVAL 649 HOUR), NULL, NULL, '演示数据：覆盖预约、审批、核验和统计报表场景'),
(158, CONCAT('VA', DATE_FORMAT(DATE_ADD(DATE_ADD(CURRENT_DATE(), INTERVAL -25 DAY), INTERVAL '00:00:00' HOUR_SECOND), '%Y%m%d'), '0158'), 18, 11, 3, 18, '校友返校参加学院交流活动', DATE_ADD(DATE_ADD(CURRENT_DATE(), INTERVAL -25 DAY), INTERVAL '14:00:00' HOUR_SECOND), DATE_ADD(DATE_ADD(CURRENT_DATE(), INTERVAL -25 DAY), INTERVAL '17:00:00' HOUR_SECOND), 'APPROVED', 'ENTERED', 2, DATE_SUB(NOW(), INTERVAL 626 HOUR), NULL, NULL, '演示数据：覆盖预约、审批、核验和统计报表场景'),
(159, CONCAT('VA', DATE_FORMAT(DATE_ADD(DATE_ADD(CURRENT_DATE(), INTERVAL -24 DAY), INTERVAL '00:00:00' HOUR_SECOND), '%Y%m%d'), '0159'), 19, 12, 4, 19, '外聘专家参加项目评审与讲座', DATE_ADD(DATE_ADD(CURRENT_DATE(), INTERVAL -24 DAY), INTERVAL '15:00:00' HOUR_SECOND), DATE_ADD(DATE_ADD(CURRENT_DATE(), INTERVAL -24 DAY), INTERVAL '19:00:00' HOUR_SECOND), 'APPROVED', 'ABNORMAL', 0, DATE_SUB(NOW(), INTERVAL 603 HOUR), NULL, NULL, '演示数据：覆盖预约、审批、核验和统计报表场景'),
(160, CONCAT('VA', DATE_FORMAT(DATE_ADD(DATE_ADD(CURRENT_DATE(), INTERVAL -23 DAY), INTERVAL '00:00:00' HOUR_SECOND), '%Y%m%d'), '0160'), 20, 13, 5, NULL, '学生家长来校办理学籍与生活沟通', DATE_ADD(DATE_ADD(CURRENT_DATE(), INTERVAL -23 DAY), INTERVAL '08:00:00' HOUR_SECOND), DATE_ADD(DATE_ADD(CURRENT_DATE(), INTERVAL -23 DAY), INTERVAL '13:00:00' HOUR_SECOND), 'APPROVED', 'EXITED', 1, DATE_SUB(NOW(), INTERVAL 580 HOUR), NULL, NULL, '演示数据：覆盖预约、审批、核验和统计报表场景'),
(161, CONCAT('VA', DATE_FORMAT(DATE_ADD(DATE_ADD(CURRENT_DATE(), INTERVAL -22 DAY), INTERVAL '00:00:00' HOUR_SECOND), '%Y%m%d'), '0161'), 21, 14, 6, 21, '企业合作项目洽谈与实验室参观', DATE_ADD(DATE_ADD(CURRENT_DATE(), INTERVAL -22 DAY), INTERVAL '09:00:00' HOUR_SECOND), DATE_ADD(DATE_ADD(CURRENT_DATE(), INTERVAL -22 DAY), INTERVAL '15:00:00' HOUR_SECOND), 'PENDING_DEPT', 'NOT_ENTERED', 2, DATE_SUB(NOW(), INTERVAL 557 HOUR), NULL, NULL, '演示数据：覆盖预约、审批、核验和统计报表场景'),
(162, CONCAT('VA', DATE_FORMAT(DATE_ADD(DATE_ADD(CURRENT_DATE(), INTERVAL -21 DAY), INTERVAL '00:00:00' HOUR_SECOND), '%Y%m%d'), '0162'), 22, 15, 7, 22, '后勤维修人员进行设备检修', DATE_ADD(DATE_ADD(CURRENT_DATE(), INTERVAL -21 DAY), INTERVAL '10:00:00' HOUR_SECOND), DATE_ADD(DATE_ADD(CURRENT_DATE(), INTERVAL -21 DAY), INTERVAL '11:00:00' HOUR_SECOND), 'APPROVED', 'OVERTIME', 0, DATE_SUB(NOW(), INTERVAL 534 HOUR), NULL, NULL, '演示数据：覆盖预约、审批、核验和统计报表场景'),
(163, CONCAT('VA', DATE_FORMAT(DATE_ADD(DATE_ADD(CURRENT_DATE(), INTERVAL -20 DAY), INTERVAL '00:00:00' HOUR_SECOND), '%Y%m%d'), '0163'), 23, 16, 8, NULL, '学术交流报告与课题研讨', DATE_ADD(DATE_ADD(CURRENT_DATE(), INTERVAL -20 DAY), INTERVAL '11:00:00' HOUR_SECOND), DATE_ADD(DATE_ADD(CURRENT_DATE(), INTERVAL -20 DAY), INTERVAL '13:00:00' HOUR_SECOND), 'APPROVED', 'ENTERED', 1, DATE_SUB(NOW(), INTERVAL 511 HOUR), NULL, NULL, '演示数据：覆盖预约、审批、核验和统计报表场景'),
(164, CONCAT('VA', DATE_FORMAT(DATE_ADD(DATE_ADD(CURRENT_DATE(), INTERVAL -19 DAY), INTERVAL '00:00:00' HOUR_SECOND), '%Y%m%d'), '0164'), 24, 17, 9, 24, '参加学院实习与就业面试', DATE_ADD(DATE_ADD(CURRENT_DATE(), INTERVAL -19 DAY), INTERVAL '12:00:00' HOUR_SECOND), DATE_ADD(DATE_ADD(CURRENT_DATE(), INTERVAL -19 DAY), INTERVAL '15:00:00' HOUR_SECOND), 'REJECTED_BLACKLIST', 'NOT_ENTERED', 2, DATE_SUB(NOW(), INTERVAL 488 HOUR), NULL, NULL, '演示数据：覆盖预约、审批、核验和统计报表场景'),
(165, CONCAT('VA', DATE_FORMAT(DATE_ADD(DATE_ADD(CURRENT_DATE(), INTERVAL -18 DAY), INTERVAL '00:00:00' HOUR_SECOND), '%Y%m%d'), '0165'), 25, 18, 10, 25, '快递或配送人员进行物资交付', DATE_ADD(DATE_ADD(CURRENT_DATE(), INTERVAL -18 DAY), INTERVAL '13:00:00' HOUR_SECOND), DATE_ADD(DATE_ADD(CURRENT_DATE(), INTERVAL -18 DAY), INTERVAL '17:00:00' HOUR_SECOND), 'APPROVED', 'EXITED', 0, DATE_SUB(NOW(), INTERVAL 465 HOUR), NULL, NULL, '演示数据：覆盖预约、审批、核验和统计报表场景'),
(166, CONCAT('VA', DATE_FORMAT(DATE_ADD(DATE_ADD(CURRENT_DATE(), INTERVAL -17 DAY), INTERVAL '00:00:00' HOUR_SECOND), '%Y%m%d'), '0166'), 26, 4, 11, NULL, '校友返校参加学院交流活动', DATE_ADD(DATE_ADD(CURRENT_DATE(), INTERVAL -17 DAY), INTERVAL '14:00:00' HOUR_SECOND), DATE_ADD(DATE_ADD(CURRENT_DATE(), INTERVAL -17 DAY), INTERVAL '19:00:00' HOUR_SECOND), 'APPROVED', 'EXITED', 1, DATE_SUB(NOW(), INTERVAL 442 HOUR), NULL, NULL, '演示数据：覆盖预约、审批、核验和统计报表场景'),
(167, CONCAT('VA', DATE_FORMAT(DATE_ADD(DATE_ADD(CURRENT_DATE(), INTERVAL -16 DAY), INTERVAL '00:00:00' HOUR_SECOND), '%Y%m%d'), '0167'), 27, 5, 13, 27, '外聘专家参加项目评审与讲座', DATE_ADD(DATE_ADD(CURRENT_DATE(), INTERVAL -16 DAY), INTERVAL '15:00:00' HOUR_SECOND), DATE_ADD(DATE_ADD(CURRENT_DATE(), INTERVAL -16 DAY), INTERVAL '21:00:00' HOUR_SECOND), 'APPROVED', 'OVERTIME', 2, DATE_SUB(NOW(), INTERVAL 419 HOUR), NULL, NULL, '演示数据：覆盖预约、审批、核验和统计报表场景'),
(168, CONCAT('VA', DATE_FORMAT(DATE_ADD(DATE_ADD(CURRENT_DATE(), INTERVAL -15 DAY), INTERVAL '00:00:00' HOUR_SECOND), '%Y%m%d'), '0168'), 28, 6, 13, 28, '学生家长来校办理学籍与生活沟通', DATE_ADD(DATE_ADD(CURRENT_DATE(), INTERVAL -15 DAY), INTERVAL '08:00:00' HOUR_SECOND), DATE_ADD(DATE_ADD(CURRENT_DATE(), INTERVAL -15 DAY), INTERVAL '09:00:00' HOUR_SECOND), 'APPROVED', 'ENTERED', 0, DATE_SUB(NOW(), INTERVAL 384 HOUR), NULL, NULL, '演示数据：覆盖预约、审批、核验和统计报表场景'),
(169, CONCAT('VA', DATE_FORMAT(DATE_ADD(DATE_ADD(CURRENT_DATE(), INTERVAL -14 DAY), INTERVAL '00:00:00' HOUR_SECOND), '%Y%m%d'), '0169'), 29, 7, 2, NULL, '企业合作项目洽谈与实验室参观', DATE_ADD(DATE_ADD(CURRENT_DATE(), INTERVAL -14 DAY), INTERVAL '09:00:00' HOUR_SECOND), DATE_ADD(DATE_ADD(CURRENT_DATE(), INTERVAL -14 DAY), INTERVAL '11:00:00' HOUR_SECOND), 'APPROVED', 'ABNORMAL', 1, DATE_SUB(NOW(), INTERVAL 361 HOUR), NULL, NULL, '演示数据：覆盖预约、审批、核验和统计报表场景'),
(170, CONCAT('VA', DATE_FORMAT(DATE_ADD(DATE_ADD(CURRENT_DATE(), INTERVAL -13 DAY), INTERVAL '00:00:00' HOUR_SECOND), '%Y%m%d'), '0170'), 30, 8, 3, 30, '后勤维修人员进行设备检修', DATE_ADD(DATE_ADD(CURRENT_DATE(), INTERVAL -13 DAY), INTERVAL '10:00:00' HOUR_SECOND), DATE_ADD(DATE_ADD(CURRENT_DATE(), INTERVAL -13 DAY), INTERVAL '13:00:00' HOUR_SECOND), 'PENDING_HOST', 'NOT_ENTERED', 2, DATE_SUB(NOW(), INTERVAL 338 HOUR), NULL, NULL, '演示数据：覆盖预约、审批、核验和统计报表场景'),
(171, CONCAT('VA', DATE_FORMAT(DATE_ADD(DATE_ADD(CURRENT_DATE(), INTERVAL -12 DAY), INTERVAL '00:00:00' HOUR_SECOND), '%Y%m%d'), '0171'), 31, 9, 4, 31, '学术交流报告与课题研讨', DATE_ADD(DATE_ADD(CURRENT_DATE(), INTERVAL -12 DAY), INTERVAL '11:00:00' HOUR_SECOND), DATE_ADD(DATE_ADD(CURRENT_DATE(), INTERVAL -12 DAY), INTERVAL '15:00:00' HOUR_SECOND), 'HOST_CONFIRMED', 'NOT_ENTERED', 0, DATE_SUB(NOW(), INTERVAL 315 HOUR), NULL, NULL, '演示数据：覆盖预约、审批、核验和统计报表场景'),
(172, CONCAT('VA', DATE_FORMAT(DATE_ADD(DATE_ADD(CURRENT_DATE(), INTERVAL -11 DAY), INTERVAL '00:00:00' HOUR_SECOND), '%Y%m%d'), '0172'), 32, 10, 5, NULL, '参加学院实习与就业面试', DATE_ADD(DATE_ADD(CURRENT_DATE(), INTERVAL -11 DAY), INTERVAL '12:00:00' HOUR_SECOND), DATE_ADD(DATE_ADD(CURRENT_DATE(), INTERVAL -11 DAY), INTERVAL '17:00:00' HOUR_SECOND), 'APPROVED', 'OVERTIME', 1, DATE_SUB(NOW(), INTERVAL 292 HOUR), NULL, NULL, '演示数据：覆盖预约、审批、核验和统计报表场景'),
(173, CONCAT('VA', DATE_FORMAT(DATE_ADD(DATE_ADD(CURRENT_DATE(), INTERVAL -10 DAY), INTERVAL '00:00:00' HOUR_SECOND), '%Y%m%d'), '0173'), 33, 11, 6, 33, '快递或配送人员进行物资交付', DATE_ADD(DATE_ADD(CURRENT_DATE(), INTERVAL -10 DAY), INTERVAL '13:00:00' HOUR_SECOND), DATE_ADD(DATE_ADD(CURRENT_DATE(), INTERVAL -10 DAY), INTERVAL '19:00:00' HOUR_SECOND), 'APPROVED', 'ENTERED', 2, DATE_SUB(NOW(), INTERVAL 269 HOUR), NULL, NULL, '演示数据：覆盖预约、审批、核验和统计报表场景'),
(174, CONCAT('VA', DATE_FORMAT(DATE_ADD(DATE_ADD(CURRENT_DATE(), INTERVAL -9 DAY), INTERVAL '00:00:00' HOUR_SECOND), '%Y%m%d'), '0174'), 34, 12, 7, 34, '校友返校参加学院交流活动', DATE_ADD(DATE_ADD(CURRENT_DATE(), INTERVAL -9 DAY), INTERVAL '14:00:00' HOUR_SECOND), DATE_ADD(DATE_ADD(CURRENT_DATE(), INTERVAL -9 DAY), INTERVAL '15:00:00' HOUR_SECOND), 'REJECTED', 'NOT_ENTERED', 0, DATE_SUB(NOW(), INTERVAL 246 HOUR), NULL, NULL, '演示数据：覆盖预约、审批、核验和统计报表场景'),
(175, CONCAT('VA', DATE_FORMAT(DATE_ADD(DATE_ADD(CURRENT_DATE(), INTERVAL -8 DAY), INTERVAL '00:00:00' HOUR_SECOND), '%Y%m%d'), '0175'), 35, 13, 8, NULL, '外聘专家参加项目评审与讲座', DATE_ADD(DATE_ADD(CURRENT_DATE(), INTERVAL -8 DAY), INTERVAL '15:00:00' HOUR_SECOND), DATE_ADD(DATE_ADD(CURRENT_DATE(), INTERVAL -8 DAY), INTERVAL '17:00:00' HOUR_SECOND), 'APPROVED', 'EXITED', 1, DATE_SUB(NOW(), INTERVAL 223 HOUR), NULL, NULL, '演示数据：覆盖预约、审批、核验和统计报表场景'),
(176, CONCAT('VA', DATE_FORMAT(DATE_ADD(DATE_ADD(CURRENT_DATE(), INTERVAL -7 DAY), INTERVAL '00:00:00' HOUR_SECOND), '%Y%m%d'), '0176'), 36, 14, 9, 36, '学生家长来校办理学籍与生活沟通', DATE_ADD(DATE_ADD(CURRENT_DATE(), INTERVAL -7 DAY), INTERVAL '08:00:00' HOUR_SECOND), DATE_ADD(DATE_ADD(CURRENT_DATE(), INTERVAL -7 DAY), INTERVAL '11:00:00' HOUR_SECOND), 'APPROVED', 'EXITED', 2, DATE_SUB(NOW(), INTERVAL 200 HOUR), NULL, NULL, '演示数据：覆盖预约、审批、核验和统计报表场景'),
(177, CONCAT('VA', DATE_FORMAT(DATE_ADD(DATE_ADD(CURRENT_DATE(), INTERVAL -6 DAY), INTERVAL '00:00:00' HOUR_SECOND), '%Y%m%d'), '0177'), 37, 15, 10, 37, '企业合作项目洽谈与实验室参观', DATE_ADD(DATE_ADD(CURRENT_DATE(), INTERVAL -6 DAY), INTERVAL '09:00:00' HOUR_SECOND), DATE_ADD(DATE_ADD(CURRENT_DATE(), INTERVAL -6 DAY), INTERVAL '13:00:00' HOUR_SECOND), 'APPROVED', 'OVERTIME', 0, DATE_SUB(NOW(), INTERVAL 177 HOUR), NULL, NULL, '演示数据：覆盖预约、审批、核验和统计报表场景'),
(178, CONCAT('VA', DATE_FORMAT(DATE_ADD(DATE_ADD(CURRENT_DATE(), INTERVAL -5 DAY), INTERVAL '00:00:00' HOUR_SECOND), '%Y%m%d'), '0178'), 38, 16, 11, NULL, '后勤维修人员进行设备检修', DATE_ADD(DATE_ADD(CURRENT_DATE(), INTERVAL -5 DAY), INTERVAL '10:00:00' HOUR_SECOND), DATE_ADD(DATE_ADD(CURRENT_DATE(), INTERVAL -5 DAY), INTERVAL '15:00:00' HOUR_SECOND), 'APPROVED', 'ENTERED', 1, DATE_SUB(NOW(), INTERVAL 154 HOUR), NULL, NULL, '演示数据：覆盖预约、审批、核验和统计报表场景'),
(179, CONCAT('VA', DATE_FORMAT(DATE_ADD(DATE_ADD(CURRENT_DATE(), INTERVAL -4 DAY), INTERVAL '00:00:00' HOUR_SECOND), '%Y%m%d'), '0179'), 39, 17, 13, 39, '学术交流报告与课题研讨', DATE_ADD(DATE_ADD(CURRENT_DATE(), INTERVAL -4 DAY), INTERVAL '11:00:00' HOUR_SECOND), DATE_ADD(DATE_ADD(CURRENT_DATE(), INTERVAL -4 DAY), INTERVAL '17:00:00' HOUR_SECOND), 'APPROVED', 'ABNORMAL', 2, DATE_SUB(NOW(), INTERVAL 131 HOUR), NULL, NULL, '演示数据：覆盖预约、审批、核验和统计报表场景'),
(180, CONCAT('VA', DATE_FORMAT(DATE_ADD(DATE_ADD(CURRENT_DATE(), INTERVAL -3 DAY), INTERVAL '00:00:00' HOUR_SECOND), '%Y%m%d'), '0180'), 40, 18, 13, 40, '参加学院实习与就业面试', DATE_ADD(DATE_ADD(CURRENT_DATE(), INTERVAL -3 DAY), INTERVAL '12:00:00' HOUR_SECOND), DATE_ADD(DATE_ADD(CURRENT_DATE(), INTERVAL -3 DAY), INTERVAL '13:00:00' HOUR_SECOND), 'APPROVED', 'EXITED', 0, DATE_SUB(NOW(), INTERVAL 96 HOUR), NULL, NULL, '演示数据：覆盖预约、审批、核验和统计报表场景');
INSERT INTO visit_apply (id, apply_no, visitor_id, host_user_id, department_id, vehicle_id, visit_reason, plan_start_time, plan_end_time, apply_status, access_status, companion_count, submit_time, cancel_time, cancel_reason, remark) VALUES
(181, CONCAT('VA', DATE_FORMAT(DATE_ADD(DATE_ADD(CURRENT_DATE(), INTERVAL -2 DAY), INTERVAL '00:00:00' HOUR_SECOND), '%Y%m%d'), '0181'), 41, 4, 2, NULL, '快递或配送人员进行物资交付', DATE_ADD(DATE_ADD(CURRENT_DATE(), INTERVAL -2 DAY), INTERVAL '13:00:00' HOUR_SECOND), DATE_ADD(DATE_ADD(CURRENT_DATE(), INTERVAL -2 DAY), INTERVAL '15:00:00' HOUR_SECOND), 'APPROVED', 'EXITED', 1, DATE_SUB(NOW(), INTERVAL 73 HOUR), NULL, NULL, '演示数据：覆盖预约、审批、核验和统计报表场景'),
(182, CONCAT('VA', DATE_FORMAT(DATE_ADD(DATE_ADD(CURRENT_DATE(), INTERVAL -1 DAY), INTERVAL '00:00:00' HOUR_SECOND), '%Y%m%d'), '0182'), 42, 5, 3, 42, '校友返校参加学院交流活动', DATE_ADD(DATE_ADD(CURRENT_DATE(), INTERVAL -1 DAY), INTERVAL '14:00:00' HOUR_SECOND), DATE_ADD(DATE_ADD(CURRENT_DATE(), INTERVAL -1 DAY), INTERVAL '17:00:00' HOUR_SECOND), 'APPROVED', 'OVERTIME', 2, DATE_SUB(NOW(), INTERVAL 50 HOUR), NULL, NULL, '演示数据：覆盖预约、审批、核验和统计报表场景'),
(183, CONCAT('VA', DATE_FORMAT(DATE_ADD(DATE_ADD(CURRENT_DATE(), INTERVAL 0 DAY), INTERVAL '00:00:00' HOUR_SECOND), '%Y%m%d'), '0183'), 43, 6, 4, 43, '外聘专家参加项目评审与讲座', DATE_ADD(DATE_ADD(CURRENT_DATE(), INTERVAL 0 DAY), INTERVAL '15:00:00' HOUR_SECOND), DATE_ADD(DATE_ADD(CURRENT_DATE(), INTERVAL 0 DAY), INTERVAL '19:00:00' HOUR_SECOND), 'APPROVED', 'NOT_ENTERED', 0, DATE_SUB(NOW(), INTERVAL 27 HOUR), NULL, NULL, '演示数据：覆盖预约、审批、核验和统计报表场景'),
(184, CONCAT('VA', DATE_FORMAT(DATE_ADD(DATE_ADD(CURRENT_DATE(), INTERVAL 1 DAY), INTERVAL '00:00:00' HOUR_SECOND), '%Y%m%d'), '0184'), 44, 7, 5, NULL, '学生家长来校办理学籍与生活沟通', DATE_ADD(DATE_ADD(CURRENT_DATE(), INTERVAL 1 DAY), INTERVAL '08:00:00' HOUR_SECOND), DATE_ADD(DATE_ADD(CURRENT_DATE(), INTERVAL 1 DAY), INTERVAL '13:00:00' HOUR_SECOND), 'PENDING_DEPT', 'NOT_ENTERED', 1, DATE_SUB(NOW(), INTERVAL 28 HOUR), NULL, NULL, '演示数据：覆盖预约、审批、核验和统计报表场景'),
(185, CONCAT('VA', DATE_FORMAT(DATE_ADD(DATE_ADD(CURRENT_DATE(), INTERVAL 2 DAY), INTERVAL '00:00:00' HOUR_SECOND), '%Y%m%d'), '0185'), 45, 8, 6, 45, '企业合作项目洽谈与实验室参观', DATE_ADD(DATE_ADD(CURRENT_DATE(), INTERVAL 2 DAY), INTERVAL '09:00:00' HOUR_SECOND), DATE_ADD(DATE_ADD(CURRENT_DATE(), INTERVAL 2 DAY), INTERVAL '15:00:00' HOUR_SECOND), 'CANCELED', 'NOT_ENTERED', 2, DATE_SUB(NOW(), INTERVAL 29 HOUR), DATE_SUB(NOW(), INTERVAL 3 HOUR), '访客行程变化，主动取消', '演示数据：覆盖预约、审批、核验和统计报表场景'),
(186, CONCAT('VA', DATE_FORMAT(DATE_ADD(DATE_ADD(CURRENT_DATE(), INTERVAL 3 DAY), INTERVAL '00:00:00' HOUR_SECOND), '%Y%m%d'), '0186'), 46, 9, 7, 46, '后勤维修人员进行设备检修', DATE_ADD(DATE_ADD(CURRENT_DATE(), INTERVAL 3 DAY), INTERVAL '10:00:00' HOUR_SECOND), DATE_ADD(DATE_ADD(CURRENT_DATE(), INTERVAL 3 DAY), INTERVAL '11:00:00' HOUR_SECOND), 'HOST_REJECTED', 'NOT_ENTERED', 0, DATE_SUB(NOW(), INTERVAL 30 HOUR), NULL, NULL, '演示数据：覆盖预约、审批、核验和统计报表场景'),
(187, CONCAT('VA', DATE_FORMAT(DATE_ADD(DATE_ADD(CURRENT_DATE(), INTERVAL 4 DAY), INTERVAL '00:00:00' HOUR_SECOND), '%Y%m%d'), '0187'), 47, 10, 8, NULL, '学术交流报告与课题研讨', DATE_ADD(DATE_ADD(CURRENT_DATE(), INTERVAL 4 DAY), INTERVAL '11:00:00' HOUR_SECOND), DATE_ADD(DATE_ADD(CURRENT_DATE(), INTERVAL 4 DAY), INTERVAL '13:00:00' HOUR_SECOND), 'PENDING_HOST', 'NOT_ENTERED', 1, DATE_SUB(NOW(), INTERVAL 31 HOUR), NULL, NULL, '演示数据：覆盖预约、审批、核验和统计报表场景'),
(188, CONCAT('VA', DATE_FORMAT(DATE_ADD(DATE_ADD(CURRENT_DATE(), INTERVAL 5 DAY), INTERVAL '00:00:00' HOUR_SECOND), '%Y%m%d'), '0188'), 48, 11, 9, 48, '参加学院实习与就业面试', DATE_ADD(DATE_ADD(CURRENT_DATE(), INTERVAL 5 DAY), INTERVAL '12:00:00' HOUR_SECOND), DATE_ADD(DATE_ADD(CURRENT_DATE(), INTERVAL 5 DAY), INTERVAL '15:00:00' HOUR_SECOND), 'APPROVED', 'NOT_ENTERED', 2, DATE_SUB(NOW(), INTERVAL 32 HOUR), NULL, NULL, '演示数据：覆盖预约、审批、核验和统计报表场景'),
(189, CONCAT('VA', DATE_FORMAT(DATE_ADD(DATE_ADD(CURRENT_DATE(), INTERVAL 6 DAY), INTERVAL '00:00:00' HOUR_SECOND), '%Y%m%d'), '0189'), 49, 12, 10, 49, '快递或配送人员进行物资交付', DATE_ADD(DATE_ADD(CURRENT_DATE(), INTERVAL 6 DAY), INTERVAL '13:00:00' HOUR_SECOND), DATE_ADD(DATE_ADD(CURRENT_DATE(), INTERVAL 6 DAY), INTERVAL '17:00:00' HOUR_SECOND), 'APPROVED', 'NOT_ENTERED', 0, DATE_SUB(NOW(), INTERVAL 33 HOUR), NULL, NULL, '演示数据：覆盖预约、审批、核验和统计报表场景'),
(190, CONCAT('VA', DATE_FORMAT(DATE_ADD(DATE_ADD(CURRENT_DATE(), INTERVAL 7 DAY), INTERVAL '00:00:00' HOUR_SECOND), '%Y%m%d'), '0190'), 50, 13, 11, NULL, '校友返校参加学院交流活动', DATE_ADD(DATE_ADD(CURRENT_DATE(), INTERVAL 7 DAY), INTERVAL '14:00:00' HOUR_SECOND), DATE_ADD(DATE_ADD(CURRENT_DATE(), INTERVAL 7 DAY), INTERVAL '19:00:00' HOUR_SECOND), 'HOST_CONFIRMED', 'NOT_ENTERED', 1, DATE_SUB(NOW(), INTERVAL 34 HOUR), NULL, NULL, '演示数据：覆盖预约、审批、核验和统计报表场景'),
(191, CONCAT('VA', DATE_FORMAT(DATE_ADD(DATE_ADD(CURRENT_DATE(), INTERVAL -29 DAY), INTERVAL '00:00:00' HOUR_SECOND), '%Y%m%d'), '0191'), 51, 14, 13, 51, '外聘专家参加项目评审与讲座', DATE_ADD(DATE_ADD(CURRENT_DATE(), INTERVAL -29 DAY), INTERVAL '15:00:00' HOUR_SECOND), DATE_ADD(DATE_ADD(CURRENT_DATE(), INTERVAL -29 DAY), INTERVAL '21:00:00' HOUR_SECOND), 'APPROVED', 'EXITED', 2, DATE_SUB(NOW(), INTERVAL 731 HOUR), NULL, NULL, '演示数据：覆盖预约、审批、核验和统计报表场景'),
(192, CONCAT('VA', DATE_FORMAT(DATE_ADD(DATE_ADD(CURRENT_DATE(), INTERVAL -28 DAY), INTERVAL '00:00:00' HOUR_SECOND), '%Y%m%d'), '0192'), 52, 15, 13, 52, '学生家长来校办理学籍与生活沟通', DATE_ADD(DATE_ADD(CURRENT_DATE(), INTERVAL -28 DAY), INTERVAL '08:00:00' HOUR_SECOND), DATE_ADD(DATE_ADD(CURRENT_DATE(), INTERVAL -28 DAY), INTERVAL '09:00:00' HOUR_SECOND), 'APPROVED', 'OVERTIME', 0, DATE_SUB(NOW(), INTERVAL 696 HOUR), NULL, NULL, '演示数据：覆盖预约、审批、核验和统计报表场景'),
(193, CONCAT('VA', DATE_FORMAT(DATE_ADD(DATE_ADD(CURRENT_DATE(), INTERVAL -27 DAY), INTERVAL '00:00:00' HOUR_SECOND), '%Y%m%d'), '0193'), 53, 16, 2, NULL, '企业合作项目洽谈与实验室参观', DATE_ADD(DATE_ADD(CURRENT_DATE(), INTERVAL -27 DAY), INTERVAL '09:00:00' HOUR_SECOND), DATE_ADD(DATE_ADD(CURRENT_DATE(), INTERVAL -27 DAY), INTERVAL '11:00:00' HOUR_SECOND), 'APPROVED', 'ENTERED', 1, DATE_SUB(NOW(), INTERVAL 673 HOUR), NULL, NULL, '演示数据：覆盖预约、审批、核验和统计报表场景'),
(194, CONCAT('VA', DATE_FORMAT(DATE_ADD(DATE_ADD(CURRENT_DATE(), INTERVAL -26 DAY), INTERVAL '00:00:00' HOUR_SECOND), '%Y%m%d'), '0194'), 54, 17, 3, 54, '后勤维修人员进行设备检修', DATE_ADD(DATE_ADD(CURRENT_DATE(), INTERVAL -26 DAY), INTERVAL '10:00:00' HOUR_SECOND), DATE_ADD(DATE_ADD(CURRENT_DATE(), INTERVAL -26 DAY), INTERVAL '13:00:00' HOUR_SECOND), 'APPROVED', 'ABNORMAL', 2, DATE_SUB(NOW(), INTERVAL 650 HOUR), NULL, NULL, '演示数据：覆盖预约、审批、核验和统计报表场景'),
(195, CONCAT('VA', DATE_FORMAT(DATE_ADD(DATE_ADD(CURRENT_DATE(), INTERVAL -25 DAY), INTERVAL '00:00:00' HOUR_SECOND), '%Y%m%d'), '0195'), 55, 18, 4, 55, '学术交流报告与课题研讨', DATE_ADD(DATE_ADD(CURRENT_DATE(), INTERVAL -25 DAY), INTERVAL '11:00:00' HOUR_SECOND), DATE_ADD(DATE_ADD(CURRENT_DATE(), INTERVAL -25 DAY), INTERVAL '15:00:00' HOUR_SECOND), 'APPROVED', 'EXITED', 0, DATE_SUB(NOW(), INTERVAL 627 HOUR), NULL, NULL, '演示数据：覆盖预约、审批、核验和统计报表场景'),
(196, CONCAT('VA', DATE_FORMAT(DATE_ADD(DATE_ADD(CURRENT_DATE(), INTERVAL -24 DAY), INTERVAL '00:00:00' HOUR_SECOND), '%Y%m%d'), '0196'), 56, 4, 5, NULL, '参加学院实习与就业面试', DATE_ADD(DATE_ADD(CURRENT_DATE(), INTERVAL -24 DAY), INTERVAL '12:00:00' HOUR_SECOND), DATE_ADD(DATE_ADD(CURRENT_DATE(), INTERVAL -24 DAY), INTERVAL '17:00:00' HOUR_SECOND), 'APPROVED', 'EXITED', 1, DATE_SUB(NOW(), INTERVAL 604 HOUR), NULL, NULL, '演示数据：覆盖预约、审批、核验和统计报表场景'),
(197, CONCAT('VA', DATE_FORMAT(DATE_ADD(DATE_ADD(CURRENT_DATE(), INTERVAL -23 DAY), INTERVAL '00:00:00' HOUR_SECOND), '%Y%m%d'), '0197'), 57, 5, 6, 57, '快递或配送人员进行物资交付', DATE_ADD(DATE_ADD(CURRENT_DATE(), INTERVAL -23 DAY), INTERVAL '13:00:00' HOUR_SECOND), DATE_ADD(DATE_ADD(CURRENT_DATE(), INTERVAL -23 DAY), INTERVAL '19:00:00' HOUR_SECOND), 'APPROVED', 'OVERTIME', 2, DATE_SUB(NOW(), INTERVAL 581 HOUR), NULL, NULL, '演示数据：覆盖预约、审批、核验和统计报表场景'),
(198, CONCAT('VA', DATE_FORMAT(DATE_ADD(DATE_ADD(CURRENT_DATE(), INTERVAL -22 DAY), INTERVAL '00:00:00' HOUR_SECOND), '%Y%m%d'), '0198'), 58, 6, 7, 58, '校友返校参加学院交流活动', DATE_ADD(DATE_ADD(CURRENT_DATE(), INTERVAL -22 DAY), INTERVAL '14:00:00' HOUR_SECOND), DATE_ADD(DATE_ADD(CURRENT_DATE(), INTERVAL -22 DAY), INTERVAL '15:00:00' HOUR_SECOND), 'APPROVED', 'ENTERED', 0, DATE_SUB(NOW(), INTERVAL 558 HOUR), NULL, NULL, '演示数据：覆盖预约、审批、核验和统计报表场景'),
(199, CONCAT('VA', DATE_FORMAT(DATE_ADD(DATE_ADD(CURRENT_DATE(), INTERVAL -21 DAY), INTERVAL '00:00:00' HOUR_SECOND), '%Y%m%d'), '0199'), 59, 7, 8, NULL, '外聘专家参加项目评审与讲座', DATE_ADD(DATE_ADD(CURRENT_DATE(), INTERVAL -21 DAY), INTERVAL '15:00:00' HOUR_SECOND), DATE_ADD(DATE_ADD(CURRENT_DATE(), INTERVAL -21 DAY), INTERVAL '17:00:00' HOUR_SECOND), 'APPROVED', 'ABNORMAL', 1, DATE_SUB(NOW(), INTERVAL 535 HOUR), NULL, NULL, '演示数据：覆盖预约、审批、核验和统计报表场景'),
(200, CONCAT('VA', DATE_FORMAT(DATE_ADD(DATE_ADD(CURRENT_DATE(), INTERVAL -20 DAY), INTERVAL '00:00:00' HOUR_SECOND), '%Y%m%d'), '0200'), 60, 8, 9, 60, '学生家长来校办理学籍与生活沟通', DATE_ADD(DATE_ADD(CURRENT_DATE(), INTERVAL -20 DAY), INTERVAL '08:00:00' HOUR_SECOND), DATE_ADD(DATE_ADD(CURRENT_DATE(), INTERVAL -20 DAY), INTERVAL '11:00:00' HOUR_SECOND), 'APPROVED', 'EXITED', 2, DATE_SUB(NOW(), INTERVAL 512 HOUR), NULL, NULL, '演示数据：覆盖预约、审批、核验和统计报表场景'),
(201, CONCAT('VA', DATE_FORMAT(DATE_ADD(DATE_ADD(CURRENT_DATE(), INTERVAL -19 DAY), INTERVAL '00:00:00' HOUR_SECOND), '%Y%m%d'), '0201'), 61, 9, 10, 61, '企业合作项目洽谈与实验室参观', DATE_ADD(DATE_ADD(CURRENT_DATE(), INTERVAL -19 DAY), INTERVAL '09:00:00' HOUR_SECOND), DATE_ADD(DATE_ADD(CURRENT_DATE(), INTERVAL -19 DAY), INTERVAL '13:00:00' HOUR_SECOND), 'APPROVED', 'EXITED', 0, DATE_SUB(NOW(), INTERVAL 489 HOUR), NULL, NULL, '演示数据：覆盖预约、审批、核验和统计报表场景'),
(202, CONCAT('VA', DATE_FORMAT(DATE_ADD(DATE_ADD(CURRENT_DATE(), INTERVAL -18 DAY), INTERVAL '00:00:00' HOUR_SECOND), '%Y%m%d'), '0202'), 62, 10, 11, NULL, '后勤维修人员进行设备检修', DATE_ADD(DATE_ADD(CURRENT_DATE(), INTERVAL -18 DAY), INTERVAL '10:00:00' HOUR_SECOND), DATE_ADD(DATE_ADD(CURRENT_DATE(), INTERVAL -18 DAY), INTERVAL '15:00:00' HOUR_SECOND), 'APPROVED', 'OVERTIME', 1, DATE_SUB(NOW(), INTERVAL 466 HOUR), NULL, NULL, '演示数据：覆盖预约、审批、核验和统计报表场景'),
(203, CONCAT('VA', DATE_FORMAT(DATE_ADD(DATE_ADD(CURRENT_DATE(), INTERVAL -17 DAY), INTERVAL '00:00:00' HOUR_SECOND), '%Y%m%d'), '0203'), 63, 11, 13, 63, '学术交流报告与课题研讨', DATE_ADD(DATE_ADD(CURRENT_DATE(), INTERVAL -17 DAY), INTERVAL '11:00:00' HOUR_SECOND), DATE_ADD(DATE_ADD(CURRENT_DATE(), INTERVAL -17 DAY), INTERVAL '17:00:00' HOUR_SECOND), 'REJECTED', 'NOT_ENTERED', 2, DATE_SUB(NOW(), INTERVAL 443 HOUR), NULL, NULL, '演示数据：覆盖预约、审批、核验和统计报表场景'),
(204, CONCAT('VA', DATE_FORMAT(DATE_ADD(DATE_ADD(CURRENT_DATE(), INTERVAL -16 DAY), INTERVAL '00:00:00' HOUR_SECOND), '%Y%m%d'), '0204'), 64, 12, 13, 64, '参加学院实习与就业面试', DATE_ADD(DATE_ADD(CURRENT_DATE(), INTERVAL -16 DAY), INTERVAL '12:00:00' HOUR_SECOND), DATE_ADD(DATE_ADD(CURRENT_DATE(), INTERVAL -16 DAY), INTERVAL '13:00:00' HOUR_SECOND), 'PENDING_HOST', 'NOT_ENTERED', 0, DATE_SUB(NOW(), INTERVAL 408 HOUR), NULL, NULL, '演示数据：覆盖预约、审批、核验和统计报表场景'),
(205, CONCAT('VA', DATE_FORMAT(DATE_ADD(DATE_ADD(CURRENT_DATE(), INTERVAL -15 DAY), INTERVAL '00:00:00' HOUR_SECOND), '%Y%m%d'), '0205'), 65, 13, 2, NULL, '快递或配送人员进行物资交付', DATE_ADD(DATE_ADD(CURRENT_DATE(), INTERVAL -15 DAY), INTERVAL '13:00:00' HOUR_SECOND), DATE_ADD(DATE_ADD(CURRENT_DATE(), INTERVAL -15 DAY), INTERVAL '15:00:00' HOUR_SECOND), 'REJECTED_BLACKLIST', 'NOT_ENTERED', 1, DATE_SUB(NOW(), INTERVAL 385 HOUR), NULL, NULL, '演示数据：覆盖预约、审批、核验和统计报表场景'),
(206, CONCAT('VA', DATE_FORMAT(DATE_ADD(DATE_ADD(CURRENT_DATE(), INTERVAL -14 DAY), INTERVAL '00:00:00' HOUR_SECOND), '%Y%m%d'), '0206'), 66, 14, 3, 66, '校友返校参加学院交流活动', DATE_ADD(DATE_ADD(CURRENT_DATE(), INTERVAL -14 DAY), INTERVAL '14:00:00' HOUR_SECOND), DATE_ADD(DATE_ADD(CURRENT_DATE(), INTERVAL -14 DAY), INTERVAL '17:00:00' HOUR_SECOND), 'APPROVED', 'EXITED', 2, DATE_SUB(NOW(), INTERVAL 362 HOUR), NULL, NULL, '演示数据：覆盖预约、审批、核验和统计报表场景'),
(207, CONCAT('VA', DATE_FORMAT(DATE_ADD(DATE_ADD(CURRENT_DATE(), INTERVAL -13 DAY), INTERVAL '00:00:00' HOUR_SECOND), '%Y%m%d'), '0207'), 67, 15, 4, 67, '外聘专家参加项目评审与讲座', DATE_ADD(DATE_ADD(CURRENT_DATE(), INTERVAL -13 DAY), INTERVAL '15:00:00' HOUR_SECOND), DATE_ADD(DATE_ADD(CURRENT_DATE(), INTERVAL -13 DAY), INTERVAL '19:00:00' HOUR_SECOND), 'PENDING_DEPT', 'NOT_ENTERED', 0, DATE_SUB(NOW(), INTERVAL 339 HOUR), NULL, NULL, '演示数据：覆盖预约、审批、核验和统计报表场景'),
(208, CONCAT('VA', DATE_FORMAT(DATE_ADD(DATE_ADD(CURRENT_DATE(), INTERVAL -12 DAY), INTERVAL '00:00:00' HOUR_SECOND), '%Y%m%d'), '0208'), 68, 16, 5, NULL, '学生家长来校办理学籍与生活沟通', DATE_ADD(DATE_ADD(CURRENT_DATE(), INTERVAL -12 DAY), INTERVAL '08:00:00' HOUR_SECOND), DATE_ADD(DATE_ADD(CURRENT_DATE(), INTERVAL -12 DAY), INTERVAL '13:00:00' HOUR_SECOND), 'APPROVED', 'ENTERED', 1, DATE_SUB(NOW(), INTERVAL 316 HOUR), NULL, NULL, '演示数据：覆盖预约、审批、核验和统计报表场景'),
(209, CONCAT('VA', DATE_FORMAT(DATE_ADD(DATE_ADD(CURRENT_DATE(), INTERVAL -11 DAY), INTERVAL '00:00:00' HOUR_SECOND), '%Y%m%d'), '0209'), 69, 17, 6, 69, '企业合作项目洽谈与实验室参观', DATE_ADD(DATE_ADD(CURRENT_DATE(), INTERVAL -11 DAY), INTERVAL '09:00:00' HOUR_SECOND), DATE_ADD(DATE_ADD(CURRENT_DATE(), INTERVAL -11 DAY), INTERVAL '15:00:00' HOUR_SECOND), 'HOST_CONFIRMED', 'NOT_ENTERED', 2, DATE_SUB(NOW(), INTERVAL 293 HOUR), NULL, NULL, '演示数据：覆盖预约、审批、核验和统计报表场景'),
(210, CONCAT('VA', DATE_FORMAT(DATE_ADD(DATE_ADD(CURRENT_DATE(), INTERVAL -10 DAY), INTERVAL '00:00:00' HOUR_SECOND), '%Y%m%d'), '0210'), 70, 18, 7, 70, '后勤维修人员进行设备检修', DATE_ADD(DATE_ADD(CURRENT_DATE(), INTERVAL -10 DAY), INTERVAL '10:00:00' HOUR_SECOND), DATE_ADD(DATE_ADD(CURRENT_DATE(), INTERVAL -10 DAY), INTERVAL '11:00:00' HOUR_SECOND), 'APPROVED', 'EXITED', 0, DATE_SUB(NOW(), INTERVAL 270 HOUR), NULL, NULL, '演示数据：覆盖预约、审批、核验和统计报表场景'),
(211, CONCAT('VA', DATE_FORMAT(DATE_ADD(DATE_ADD(CURRENT_DATE(), INTERVAL -9 DAY), INTERVAL '00:00:00' HOUR_SECOND), '%Y%m%d'), '0211'), 71, 4, 8, NULL, '学术交流报告与课题研讨', DATE_ADD(DATE_ADD(CURRENT_DATE(), INTERVAL -9 DAY), INTERVAL '11:00:00' HOUR_SECOND), DATE_ADD(DATE_ADD(CURRENT_DATE(), INTERVAL -9 DAY), INTERVAL '13:00:00' HOUR_SECOND), 'APPROVED', 'EXITED', 1, DATE_SUB(NOW(), INTERVAL 247 HOUR), NULL, NULL, '演示数据：覆盖预约、审批、核验和统计报表场景'),
(212, CONCAT('VA', DATE_FORMAT(DATE_ADD(DATE_ADD(CURRENT_DATE(), INTERVAL -8 DAY), INTERVAL '00:00:00' HOUR_SECOND), '%Y%m%d'), '0212'), 72, 5, 9, NULL, '参加学院实习与就业面试', DATE_ADD(DATE_ADD(CURRENT_DATE(), INTERVAL -8 DAY), INTERVAL '12:00:00' HOUR_SECOND), DATE_ADD(DATE_ADD(CURRENT_DATE(), INTERVAL -8 DAY), INTERVAL '15:00:00' HOUR_SECOND), 'APPROVED', 'OVERTIME', 2, DATE_SUB(NOW(), INTERVAL 224 HOUR), NULL, NULL, '演示数据：覆盖预约、审批、核验和统计报表场景'),
(213, CONCAT('VA', DATE_FORMAT(DATE_ADD(DATE_ADD(CURRENT_DATE(), INTERVAL -7 DAY), INTERVAL '00:00:00' HOUR_SECOND), '%Y%m%d'), '0213'), 73, 6, 10, NULL, '快递或配送人员进行物资交付', DATE_ADD(DATE_ADD(CURRENT_DATE(), INTERVAL -7 DAY), INTERVAL '13:00:00' HOUR_SECOND), DATE_ADD(DATE_ADD(CURRENT_DATE(), INTERVAL -7 DAY), INTERVAL '17:00:00' HOUR_SECOND), 'APPROVED', 'ENTERED', 0, DATE_SUB(NOW(), INTERVAL 201 HOUR), NULL, NULL, '演示数据：覆盖预约、审批、核验和统计报表场景'),
(214, CONCAT('VA', DATE_FORMAT(DATE_ADD(DATE_ADD(CURRENT_DATE(), INTERVAL -6 DAY), INTERVAL '00:00:00' HOUR_SECOND), '%Y%m%d'), '0214'), 74, 7, 11, NULL, '校友返校参加学院交流活动', DATE_ADD(DATE_ADD(CURRENT_DATE(), INTERVAL -6 DAY), INTERVAL '14:00:00' HOUR_SECOND), DATE_ADD(DATE_ADD(CURRENT_DATE(), INTERVAL -6 DAY), INTERVAL '19:00:00' HOUR_SECOND), 'APPROVED', 'ABNORMAL', 1, DATE_SUB(NOW(), INTERVAL 178 HOUR), NULL, NULL, '演示数据：覆盖预约、审批、核验和统计报表场景'),
(215, CONCAT('VA', DATE_FORMAT(DATE_ADD(DATE_ADD(CURRENT_DATE(), INTERVAL -5 DAY), INTERVAL '00:00:00' HOUR_SECOND), '%Y%m%d'), '0215'), 75, 8, 13, NULL, '外聘专家参加项目评审与讲座', DATE_ADD(DATE_ADD(CURRENT_DATE(), INTERVAL -5 DAY), INTERVAL '15:00:00' HOUR_SECOND), DATE_ADD(DATE_ADD(CURRENT_DATE(), INTERVAL -5 DAY), INTERVAL '21:00:00' HOUR_SECOND), 'APPROVED', 'EXITED', 2, DATE_SUB(NOW(), INTERVAL 155 HOUR), NULL, NULL, '演示数据：覆盖预约、审批、核验和统计报表场景'),
(216, CONCAT('VA', DATE_FORMAT(DATE_ADD(DATE_ADD(CURRENT_DATE(), INTERVAL -4 DAY), INTERVAL '00:00:00' HOUR_SECOND), '%Y%m%d'), '0216'), 76, 9, 13, NULL, '学生家长来校办理学籍与生活沟通', DATE_ADD(DATE_ADD(CURRENT_DATE(), INTERVAL -4 DAY), INTERVAL '08:00:00' HOUR_SECOND), DATE_ADD(DATE_ADD(CURRENT_DATE(), INTERVAL -4 DAY), INTERVAL '09:00:00' HOUR_SECOND), 'APPROVED', 'EXITED', 0, DATE_SUB(NOW(), INTERVAL 120 HOUR), NULL, NULL, '演示数据：覆盖预约、审批、核验和统计报表场景'),
(217, CONCAT('VA', DATE_FORMAT(DATE_ADD(DATE_ADD(CURRENT_DATE(), INTERVAL -3 DAY), INTERVAL '00:00:00' HOUR_SECOND), '%Y%m%d'), '0217'), 77, 10, 2, NULL, '企业合作项目洽谈与实验室参观', DATE_ADD(DATE_ADD(CURRENT_DATE(), INTERVAL -3 DAY), INTERVAL '09:00:00' HOUR_SECOND), DATE_ADD(DATE_ADD(CURRENT_DATE(), INTERVAL -3 DAY), INTERVAL '11:00:00' HOUR_SECOND), 'HOST_REJECTED', 'NOT_ENTERED', 1, DATE_SUB(NOW(), INTERVAL 97 HOUR), NULL, NULL, '演示数据：覆盖预约、审批、核验和统计报表场景'),
(218, CONCAT('VA', DATE_FORMAT(DATE_ADD(DATE_ADD(CURRENT_DATE(), INTERVAL -2 DAY), INTERVAL '00:00:00' HOUR_SECOND), '%Y%m%d'), '0218'), 78, 11, 3, NULL, '后勤维修人员进行设备检修', DATE_ADD(DATE_ADD(CURRENT_DATE(), INTERVAL -2 DAY), INTERVAL '10:00:00' HOUR_SECOND), DATE_ADD(DATE_ADD(CURRENT_DATE(), INTERVAL -2 DAY), INTERVAL '13:00:00' HOUR_SECOND), 'APPROVED', 'ENTERED', 2, DATE_SUB(NOW(), INTERVAL 74 HOUR), NULL, NULL, '演示数据：覆盖预约、审批、核验和统计报表场景'),
(219, CONCAT('VA', DATE_FORMAT(DATE_ADD(DATE_ADD(CURRENT_DATE(), INTERVAL -1 DAY), INTERVAL '00:00:00' HOUR_SECOND), '%Y%m%d'), '0219'), 79, 12, 4, NULL, '学术交流报告与课题研讨', DATE_ADD(DATE_ADD(CURRENT_DATE(), INTERVAL -1 DAY), INTERVAL '11:00:00' HOUR_SECOND), DATE_ADD(DATE_ADD(CURRENT_DATE(), INTERVAL -1 DAY), INTERVAL '15:00:00' HOUR_SECOND), 'APPROVED', 'ABNORMAL', 0, DATE_SUB(NOW(), INTERVAL 51 HOUR), NULL, NULL, '演示数据：覆盖预约、审批、核验和统计报表场景'),
(220, CONCAT('VA', DATE_FORMAT(DATE_ADD(DATE_ADD(CURRENT_DATE(), INTERVAL 0 DAY), INTERVAL '00:00:00' HOUR_SECOND), '%Y%m%d'), '0220'), 80, 13, 5, NULL, '参加学院实习与就业面试', DATE_ADD(DATE_ADD(CURRENT_DATE(), INTERVAL 0 DAY), INTERVAL '12:00:00' HOUR_SECOND), DATE_ADD(DATE_ADD(CURRENT_DATE(), INTERVAL 0 DAY), INTERVAL '17:00:00' HOUR_SECOND), 'APPROVED', 'ENTERED', 1, DATE_SUB(NOW(), INTERVAL 28 HOUR), NULL, NULL, '演示数据：覆盖预约、审批、核验和统计报表场景');

INSERT INTO visitor_companion (id, apply_id, companion_name, id_type, id_number, phone, relation_remark) VALUES
(1, 2, '赵雅雯', 'ID_CARD', '500108198102023001', '13760000001', '同事'),
(2, 2, '黄泽宇', 'ID_CARD', '500108198203033002', '13760000002', '项目成员'),
(3, 4, '周承志', 'ID_CARD', '500108198304043003', '13760000003', '驾驶员'),
(4, 8, '吴锦程', 'ID_CARD', '500108198405053004', '13760000004', '家属'),
(5, 8, '徐启航', 'ID_CARD', '500108198506063005', '13760000005', '同事'),
(6, 10, '孙明轩', 'ID_CARD', '500108198607073006', '13760000006', '项目成员'),
(7, 14, '胡雅雯', 'ID_CARD', '500108198708083007', '13760000007', '驾驶员'),
(8, 14, '朱泽宇', 'ID_CARD', '500108198809093008', '13760000008', '家属'),
(9, 16, '高承志', 'ID_CARD', '500108198910103009', '13760000009', '同事'),
(10, 20, '林锦程', 'ID_CARD', '500108199011113010', '13760000010', '项目成员'),
(11, 20, '何启航', 'ID_CARD', '500108199112123011', '13760000011', '驾驶员'),
(12, 22, '郭明轩', 'ID_CARD', '500108199201133012', '13760000012', '家属'),
(13, 26, '马雅雯', 'ID_CARD', '500108199302143013', '13760000013', '同事'),
(14, 26, '罗泽宇', 'ID_CARD', '500108199403153014', '13760000014', '项目成员'),
(15, 28, '梁承志', 'ID_CARD', '500108199504163015', '13760000015', '驾驶员'),
(16, 32, '宋锦程', 'ID_CARD', '500108199605173016', '13760000016', '家属'),
(17, 32, '郑启航', 'ID_CARD', '500108199706183017', '13760000017', '同事'),
(18, 34, '谢明轩', 'ID_CARD', '500108199807193018', '13760000018', '项目成员'),
(19, 38, '韩雅雯', 'ID_CARD', '500108199908203019', '13760000019', '驾驶员'),
(20, 38, '唐泽宇', 'ID_CARD', '500108200009213020', '13760000020', '家属'),
(21, 40, '冯承志', 'ID_CARD', '500108200110223021', '13760000021', '同事'),
(22, 44, '于锦程', 'ID_CARD', '500108200211233022', '13760000022', '项目成员'),
(23, 44, '董启航', 'ID_CARD', '500108200312243023', '13760000023', '驾驶员'),
(24, 46, '萧明轩', 'ID_CARD', '500108200401253024', '13760000024', '家属'),
(25, 50, '程雅雯', 'ID_CARD', '500108200502263025', '13760000025', '同事'),
(26, 50, '曹泽宇', 'ID_CARD', '500108200603273026', '13760000026', '项目成员'),
(27, 52, '袁承志', 'ID_CARD', '500108200704283027', '13760000027', '驾驶员'),
(28, 56, '邓锦程', 'ID_CARD', '500108200805013028', '13760000028', '家属'),
(29, 56, '许启航', 'ID_CARD', '500108200906023029', '13760000029', '同事'),
(30, 58, '傅明轩', 'ID_CARD', '500108198007033030', '13760000030', '项目成员'),
(31, 62, '沈雅雯', 'ID_CARD', '500108198108043031', '13760000031', '驾驶员'),
(32, 62, '曾泽宇', 'ID_CARD', '500108198209053032', '13760000032', '家属'),
(33, 64, '彭承志', 'ID_CARD', '500108198310063033', '13760000033', '同事'),
(34, 68, '吕锦程', 'ID_CARD', '500108198411073034', '13760000034', '项目成员'),
(35, 68, '陈启航', 'ID_CARD', '500108198512083035', '13760000035', '驾驶员'),
(36, 70, '李明轩', 'ID_CARD', '500108198601093036', '13760000036', '家属'),
(37, 74, '王雅雯', 'ID_CARD', '500108198702103037', '13760000037', '同事'),
(38, 74, '张泽宇', 'ID_CARD', '500108198803113038', '13760000038', '项目成员'),
(39, 76, '刘承志', 'ID_CARD', '500108198904123039', '13760000039', '驾驶员'),
(40, 80, '杨锦程', 'ID_CARD', '500108199005133040', '13760000040', '家属'),
(41, 80, '赵启航', 'ID_CARD', '500108199106143041', '13760000041', '同事'),
(42, 82, '黄明轩', 'ID_CARD', '500108199207153042', '13760000042', '项目成员'),
(43, 86, '周雅雯', 'ID_CARD', '500108199308163043', '13760000043', '驾驶员'),
(44, 86, '吴泽宇', 'ID_CARD', '500108199409173044', '13760000044', '家属'),
(45, 88, '徐承志', 'ID_CARD', '500108199510183045', '13760000045', '同事'),
(46, 92, '孙锦程', 'ID_CARD', '500108199611193046', '13760000046', '项目成员'),
(47, 92, '胡启航', 'ID_CARD', '500108199712203047', '13760000047', '驾驶员'),
(48, 94, '朱明轩', 'ID_CARD', '500108199801213048', '13760000048', '家属'),
(49, 98, '高雅雯', 'ID_CARD', '500108199902223049', '13760000049', '同事'),
(50, 98, '林泽宇', 'ID_CARD', '500108200003233050', '13760000050', '项目成员'),
(51, 100, '何承志', 'ID_CARD', '500108200104243051', '13760000051', '驾驶员'),
(52, 104, '郭锦程', 'ID_CARD', '500108200205253052', '13760000052', '家属'),
(53, 104, '马启航', 'ID_CARD', '500108200306263053', '13760000053', '同事'),
(54, 106, '罗明轩', 'ID_CARD', '500108200407273054', '13760000054', '项目成员'),
(55, 110, '梁雅雯', 'ID_CARD', '500108200508283055', '13760000055', '驾驶员'),
(56, 110, '宋泽宇', 'ID_CARD', '500108200609013056', '13760000056', '家属'),
(57, 112, '郑承志', 'ID_CARD', '500108200710023057', '13760000057', '同事'),
(58, 116, '谢锦程', 'ID_CARD', '500108200811033058', '13760000058', '项目成员'),
(59, 116, '韩启航', 'ID_CARD', '500108200912043059', '13760000059', '驾驶员'),
(60, 118, '唐明轩', 'ID_CARD', '500108198001053060', '13760000060', '家属'),
(61, 122, '冯雅雯', 'ID_CARD', '500108198102063061', '13760000061', '同事'),
(62, 122, '于泽宇', 'ID_CARD', '500108198203073062', '13760000062', '项目成员'),
(63, 124, '董承志', 'ID_CARD', '500108198304083063', '13760000063', '驾驶员'),
(64, 128, '萧锦程', 'ID_CARD', '500108198405093064', '13760000064', '家属'),
(65, 128, '程启航', 'ID_CARD', '500108198506103065', '13760000065', '同事'),
(66, 130, '曹明轩', 'ID_CARD', '500108198607113066', '13760000066', '项目成员'),
(67, 134, '袁雅雯', 'ID_CARD', '500108198708123067', '13760000067', '驾驶员'),
(68, 134, '邓泽宇', 'ID_CARD', '500108198809133068', '13760000068', '家属'),
(69, 136, '许承志', 'ID_CARD', '500108198910143069', '13760000069', '同事'),
(70, 140, '傅锦程', 'ID_CARD', '500108199011153070', '13760000070', '项目成员'),
(71, 140, '沈启航', 'ID_CARD', '500108199112163071', '13760000071', '驾驶员'),
(72, 142, '曾明轩', 'ID_CARD', '500108199201173072', '13760000072', '家属'),
(73, 146, '彭雅雯', 'ID_CARD', '500108199302183073', '13760000073', '同事'),
(74, 146, '吕泽宇', 'ID_CARD', '500108199403193074', '13760000074', '项目成员'),
(75, 148, '陈承志', 'ID_CARD', '500108199504203075', '13760000075', '驾驶员'),
(76, 152, '李锦程', 'ID_CARD', '500108199605213076', '13760000076', '家属'),
(77, 152, '王启航', 'ID_CARD', '500108199706223077', '13760000077', '同事'),
(78, 154, '张明轩', 'ID_CARD', '500108199807233078', '13760000078', '项目成员'),
(79, 158, '刘雅雯', 'ID_CARD', '500108199908243079', '13760000079', '驾驶员'),
(80, 158, '杨泽宇', 'ID_CARD', '500108200009253080', '13760000080', '家属');
INSERT INTO visitor_companion (id, apply_id, companion_name, id_type, id_number, phone, relation_remark) VALUES
(81, 160, '赵承志', 'ID_CARD', '500108200110263081', '13760000081', '同事'),
(82, 164, '黄锦程', 'ID_CARD', '500108200211273082', '13760000082', '项目成员'),
(83, 164, '周启航', 'ID_CARD', '500108200312283083', '13760000083', '驾驶员'),
(84, 166, '吴明轩', 'ID_CARD', '500108200401013084', '13760000084', '家属'),
(85, 170, '徐雅雯', 'ID_CARD', '500108200502023085', '13760000085', '同事'),
(86, 170, '孙泽宇', 'ID_CARD', '500108200603033086', '13760000086', '项目成员'),
(87, 172, '胡承志', 'ID_CARD', '500108200704043087', '13760000087', '驾驶员'),
(88, 176, '朱锦程', 'ID_CARD', '500108200805053088', '13760000088', '家属'),
(89, 176, '高启航', 'ID_CARD', '500108200906063089', '13760000089', '同事'),
(90, 178, '林明轩', 'ID_CARD', '500108198007073090', '13760000090', '项目成员');

INSERT INTO approval_record (id, apply_id, approval_step, approver_user_id, approval_result, approval_comment, approval_time, sort_order) VALUES
(1, 1, 'HOST_CONFIRM', 4, 'APPROVED', '被访人确认接待', DATE_ADD(DATE_ADD(CURRENT_DATE(), INTERVAL 0 DAY), INTERVAL '07:15:00' HOUR_SECOND), 1),
(2, 1, 'DEPT_APPROVAL', 19, 'APPROVED', '部门审批通过，同意按预约时间入校', DATE_ADD(DATE_ADD(CURRENT_DATE(), INTERVAL 0 DAY), INTERVAL '08:30:00' HOUR_SECOND), 2),
(3, 2, 'HOST_CONFIRM', 5, 'APPROVED', '被访人确认接待', DATE_ADD(DATE_ADD(CURRENT_DATE(), INTERVAL 0 DAY), INTERVAL '08:15:00' HOUR_SECOND), 1),
(4, 2, 'DEPT_APPROVAL', 20, 'APPROVED', '部门审批通过，同意按预约时间入校', DATE_ADD(DATE_ADD(CURRENT_DATE(), INTERVAL 0 DAY), INTERVAL '09:30:00' HOUR_SECOND), 2),
(5, 3, 'HOST_CONFIRM', 6, 'APPROVED', '被访人确认接待', DATE_ADD(DATE_ADD(CURRENT_DATE(), INTERVAL 0 DAY), INTERVAL '09:15:00' HOUR_SECOND), 1),
(6, 3, 'DEPT_APPROVAL', 21, 'APPROVED', '部门审批通过，同意按预约时间入校', DATE_ADD(DATE_ADD(CURRENT_DATE(), INTERVAL 0 DAY), INTERVAL '10:30:00' HOUR_SECOND), 2),
(7, 4, 'HOST_CONFIRM', 7, 'APPROVED', '被访人确认接待', DATE_ADD(DATE_ADD(CURRENT_DATE(), INTERVAL 0 DAY), INTERVAL '10:15:00' HOUR_SECOND), 1),
(8, 4, 'DEPT_APPROVAL', 22, 'APPROVED', '部门审批通过，同意按预约时间入校', DATE_ADD(DATE_ADD(CURRENT_DATE(), INTERVAL 0 DAY), INTERVAL '11:30:00' HOUR_SECOND), 2),
(9, 4, 'SECURITY_CHECK', 29, 'APPROVED', '安保复核通过', DATE_ADD(DATE_ADD(CURRENT_DATE(), INTERVAL 0 DAY), INTERVAL '11:45:00' HOUR_SECOND), 3),
(10, 5, 'HOST_CONFIRM', 8, 'PENDING', '等待被访人确认', DATE_ADD(DATE_ADD(CURRENT_DATE(), INTERVAL 0 DAY), INTERVAL '11:10:00' HOUR_SECOND), 1),
(11, 6, 'HOST_CONFIRM', 9, 'APPROVED', '被访人确认接待', DATE_ADD(DATE_ADD(CURRENT_DATE(), INTERVAL 0 DAY), INTERVAL '12:15:00' HOUR_SECOND), 1),
(12, 6, 'DEPT_APPROVAL', 24, 'PENDING', '等待部门审批', DATE_ADD(DATE_ADD(CURRENT_DATE(), INTERVAL 0 DAY), INTERVAL '13:05:00' HOUR_SECOND), 2),
(13, 7, 'HOST_CONFIRM', 10, 'APPROVED', '被访人确认接待', DATE_ADD(DATE_ADD(CURRENT_DATE(), INTERVAL 0 DAY), INTERVAL '13:15:00' HOUR_SECOND), 1),
(14, 7, 'DEPT_APPROVAL', 19, 'PENDING', '等待部门审批', DATE_ADD(DATE_ADD(CURRENT_DATE(), INTERVAL 0 DAY), INTERVAL '14:05:00' HOUR_SECOND), 2),
(15, 8, 'HOST_CONFIRM', 11, 'APPROVED', '被访人确认接待', DATE_ADD(DATE_ADD(CURRENT_DATE(), INTERVAL 0 DAY), INTERVAL '07:15:00' HOUR_SECOND), 1),
(16, 8, 'DEPT_APPROVAL', 20, 'PENDING', '等待部门审批', DATE_ADD(DATE_ADD(CURRENT_DATE(), INTERVAL 0 DAY), INTERVAL '07:05:00' HOUR_SECOND), 2),
(17, 9, 'HOST_CONFIRM', 12, 'APPROVED', '被访人确认接待', DATE_ADD(DATE_ADD(CURRENT_DATE(), INTERVAL 0 DAY), INTERVAL '07:15:00' HOUR_SECOND), 1),
(18, 9, 'DEPT_APPROVAL', 21, 'RETURNED', '材料不完整或来访事由不充分', DATE_ADD(DATE_ADD(CURRENT_DATE(), INTERVAL 0 DAY), INTERVAL '08:30:00' HOUR_SECOND), 2),
(19, 10, 'HOST_CONFIRM', 13, 'REJECTED', '来访时间与教学安排冲突', DATE_ADD(DATE_ADD(CURRENT_DATE(), INTERVAL 0 DAY), INTERVAL '08:20:00' HOUR_SECOND), 1),
(20, 11, 'HOST_CONFIRM', 14, 'APPROVED', '被访人确认接待', DATE_ADD(DATE_ADD(CURRENT_DATE(), INTERVAL 0 DAY), INTERVAL '09:15:00' HOUR_SECOND), 1),
(21, 11, 'DEPT_APPROVAL', 24, 'APPROVED', '部门审批通过，同意按预约时间入校', DATE_ADD(DATE_ADD(CURRENT_DATE(), INTERVAL 0 DAY), INTERVAL '10:30:00' HOUR_SECOND), 2),
(22, 12, 'HOST_CONFIRM', 15, 'APPROVED', '被访人确认接待', DATE_ADD(DATE_ADD(CURRENT_DATE(), INTERVAL 0 DAY), INTERVAL '10:15:00' HOUR_SECOND), 1),
(23, 12, 'DEPT_APPROVAL', 24, 'APPROVED', '部门审批通过，同意按预约时间入校', DATE_ADD(DATE_ADD(CURRENT_DATE(), INTERVAL 0 DAY), INTERVAL '11:30:00' HOUR_SECOND), 2),
(24, 12, 'SECURITY_CHECK', 27, 'APPROVED', '安保复核通过', DATE_ADD(DATE_ADD(CURRENT_DATE(), INTERVAL 0 DAY), INTERVAL '11:45:00' HOUR_SECOND), 3),
(25, 13, 'HOST_CONFIRM', 16, 'APPROVED', '被访人确认接待', DATE_ADD(DATE_ADD(CURRENT_DATE(), INTERVAL 0 DAY), INTERVAL '11:15:00' HOUR_SECOND), 1),
(26, 13, 'DEPT_APPROVAL', 19, 'APPROVED', '部门审批通过，同意按预约时间入校', DATE_ADD(DATE_ADD(CURRENT_DATE(), INTERVAL 0 DAY), INTERVAL '12:30:00' HOUR_SECOND), 2),
(27, 14, 'HOST_CONFIRM', 17, 'APPROVED', '被访人确认接待', DATE_ADD(DATE_ADD(CURRENT_DATE(), INTERVAL 0 DAY), INTERVAL '12:15:00' HOUR_SECOND), 1),
(28, 14, 'DEPT_APPROVAL', 20, 'APPROVED', '部门审批通过，同意按预约时间入校', DATE_ADD(DATE_ADD(CURRENT_DATE(), INTERVAL 0 DAY), INTERVAL '13:30:00' HOUR_SECOND), 2),
(29, 15, 'HOST_CONFIRM', 18, 'APPROVED', '被访人确认接待', DATE_ADD(DATE_ADD(CURRENT_DATE(), INTERVAL 0 DAY), INTERVAL '13:15:00' HOUR_SECOND), 1),
(30, 15, 'DEPT_APPROVAL', 21, 'APPROVED', '部门审批通过，同意按预约时间入校', DATE_ADD(DATE_ADD(CURRENT_DATE(), INTERVAL 0 DAY), INTERVAL '14:30:00' HOUR_SECOND), 2),
(31, 16, 'HOST_CONFIRM', 4, 'PENDING', '申请已由访客取消', DATE_ADD(DATE_ADD(CURRENT_DATE(), INTERVAL 0 DAY), INTERVAL '07:10:00' HOUR_SECOND), 1),
(32, 17, 'SYSTEM_BLACKLIST_CHECK', 1, 'REJECTED', '命中黑名单风险，系统拦截', DATE_ADD(DATE_ADD(CURRENT_DATE(), INTERVAL 0 DAY), INTERVAL '07:00:00' HOUR_SECOND), 0),
(33, 18, 'HOST_CONFIRM', 6, 'APPROVED', '被访人确认接待', DATE_ADD(DATE_ADD(CURRENT_DATE(), INTERVAL 0 DAY), INTERVAL '08:15:00' HOUR_SECOND), 1),
(34, 18, 'DEPT_APPROVAL', 24, 'APPROVED', '部门审批通过，同意按预约时间入校', DATE_ADD(DATE_ADD(CURRENT_DATE(), INTERVAL 0 DAY), INTERVAL '09:30:00' HOUR_SECOND), 2),
(35, 19, 'HOST_CONFIRM', 7, 'APPROVED', '被访人确认接待', DATE_ADD(DATE_ADD(CURRENT_DATE(), INTERVAL -11 DAY), INTERVAL '09:15:00' HOUR_SECOND), 1),
(36, 19, 'DEPT_APPROVAL', 19, 'PENDING', '等待部门审批', DATE_ADD(DATE_ADD(CURRENT_DATE(), INTERVAL -11 DAY), INTERVAL '10:05:00' HOUR_SECOND), 2),
(37, 20, 'HOST_CONFIRM', 8, 'APPROVED', '被访人确认接待', DATE_ADD(DATE_ADD(CURRENT_DATE(), INTERVAL -10 DAY), INTERVAL '10:15:00' HOUR_SECOND), 1),
(38, 20, 'DEPT_APPROVAL', 20, 'APPROVED', '部门审批通过，同意按预约时间入校', DATE_ADD(DATE_ADD(CURRENT_DATE(), INTERVAL -10 DAY), INTERVAL '11:30:00' HOUR_SECOND), 2),
(39, 20, 'SECURITY_CHECK', 25, 'APPROVED', '安保复核通过', DATE_ADD(DATE_ADD(CURRENT_DATE(), INTERVAL -10 DAY), INTERVAL '11:45:00' HOUR_SECOND), 3),
(40, 21, 'HOST_CONFIRM', 9, 'APPROVED', '被访人确认接待', DATE_ADD(DATE_ADD(CURRENT_DATE(), INTERVAL -9 DAY), INTERVAL '11:15:00' HOUR_SECOND), 1),
(41, 21, 'DEPT_APPROVAL', 21, 'APPROVED', '部门审批通过，同意按预约时间入校', DATE_ADD(DATE_ADD(CURRENT_DATE(), INTERVAL -9 DAY), INTERVAL '12:30:00' HOUR_SECOND), 2),
(42, 22, 'HOST_CONFIRM', 10, 'APPROVED', '被访人确认接待', DATE_ADD(DATE_ADD(CURRENT_DATE(), INTERVAL -8 DAY), INTERVAL '12:15:00' HOUR_SECOND), 1),
(43, 22, 'DEPT_APPROVAL', 22, 'APPROVED', '部门审批通过，同意按预约时间入校', DATE_ADD(DATE_ADD(CURRENT_DATE(), INTERVAL -8 DAY), INTERVAL '13:30:00' HOUR_SECOND), 2),
(44, 23, 'HOST_CONFIRM', 11, 'APPROVED', '被访人确认接待', DATE_ADD(DATE_ADD(CURRENT_DATE(), INTERVAL -7 DAY), INTERVAL '13:15:00' HOUR_SECOND), 1),
(45, 23, 'DEPT_APPROVAL', 24, 'PENDING', '等待部门审批', DATE_ADD(DATE_ADD(CURRENT_DATE(), INTERVAL -7 DAY), INTERVAL '14:05:00' HOUR_SECOND), 2),
(46, 24, 'HOST_CONFIRM', 12, 'APPROVED', '被访人确认接待', DATE_ADD(DATE_ADD(CURRENT_DATE(), INTERVAL -6 DAY), INTERVAL '07:15:00' HOUR_SECOND), 1),
(47, 24, 'DEPT_APPROVAL', 24, 'APPROVED', '部门审批通过，同意按预约时间入校', DATE_ADD(DATE_ADD(CURRENT_DATE(), INTERVAL -6 DAY), INTERVAL '07:30:00' HOUR_SECOND), 2),
(48, 24, 'SECURITY_CHECK', 29, 'APPROVED', '安保复核通过', DATE_ADD(DATE_ADD(CURRENT_DATE(), INTERVAL -6 DAY), INTERVAL '07:45:00' HOUR_SECOND), 3),
(49, 25, 'HOST_CONFIRM', 13, 'APPROVED', '被访人确认接待', DATE_ADD(DATE_ADD(CURRENT_DATE(), INTERVAL -5 DAY), INTERVAL '07:15:00' HOUR_SECOND), 1),
(50, 25, 'DEPT_APPROVAL', 19, 'APPROVED', '部门审批通过，同意按预约时间入校', DATE_ADD(DATE_ADD(CURRENT_DATE(), INTERVAL -5 DAY), INTERVAL '08:30:00' HOUR_SECOND), 2),
(51, 26, 'HOST_CONFIRM', 14, 'APPROVED', '被访人确认接待', DATE_ADD(DATE_ADD(CURRENT_DATE(), INTERVAL -4 DAY), INTERVAL '08:15:00' HOUR_SECOND), 1),
(52, 26, 'DEPT_APPROVAL', 20, 'APPROVED', '部门审批通过，同意按预约时间入校', DATE_ADD(DATE_ADD(CURRENT_DATE(), INTERVAL -4 DAY), INTERVAL '09:30:00' HOUR_SECOND), 2),
(53, 27, 'HOST_CONFIRM', 15, 'APPROVED', '被访人确认接待', DATE_ADD(DATE_ADD(CURRENT_DATE(), INTERVAL -3 DAY), INTERVAL '09:15:00' HOUR_SECOND), 1),
(54, 27, 'DEPT_APPROVAL', 21, 'APPROVED', '部门审批通过，同意按预约时间入校', DATE_ADD(DATE_ADD(CURRENT_DATE(), INTERVAL -3 DAY), INTERVAL '10:30:00' HOUR_SECOND), 2),
(55, 28, 'HOST_CONFIRM', 16, 'APPROVED', '被访人确认接待', DATE_ADD(DATE_ADD(CURRENT_DATE(), INTERVAL -2 DAY), INTERVAL '10:15:00' HOUR_SECOND), 1),
(56, 28, 'DEPT_APPROVAL', 22, 'APPROVED', '部门审批通过，同意按预约时间入校', DATE_ADD(DATE_ADD(CURRENT_DATE(), INTERVAL -2 DAY), INTERVAL '11:30:00' HOUR_SECOND), 2),
(57, 28, 'SECURITY_CHECK', 28, 'APPROVED', '安保复核通过', DATE_ADD(DATE_ADD(CURRENT_DATE(), INTERVAL -2 DAY), INTERVAL '11:45:00' HOUR_SECOND), 3),
(58, 29, 'HOST_CONFIRM', 17, 'APPROVED', '被访人确认接待', DATE_ADD(DATE_ADD(CURRENT_DATE(), INTERVAL -1 DAY), INTERVAL '11:15:00' HOUR_SECOND), 1),
(59, 29, 'DEPT_APPROVAL', 23, 'REJECTED', '材料不完整或来访事由不充分', DATE_ADD(DATE_ADD(CURRENT_DATE(), INTERVAL -1 DAY), INTERVAL '12:30:00' HOUR_SECOND), 2),
(60, 30, 'HOST_CONFIRM', 18, 'APPROVED', '被访人确认接待', DATE_ADD(DATE_ADD(CURRENT_DATE(), INTERVAL 0 DAY), INTERVAL '12:15:00' HOUR_SECOND), 1),
(61, 30, 'DEPT_APPROVAL', 24, 'APPROVED', '部门审批通过，同意按预约时间入校', DATE_ADD(DATE_ADD(CURRENT_DATE(), INTERVAL 0 DAY), INTERVAL '13:30:00' HOUR_SECOND), 2),
(62, 31, 'HOST_CONFIRM', 4, 'REJECTED', '来访时间与教学安排冲突', DATE_ADD(DATE_ADD(CURRENT_DATE(), INTERVAL 1 DAY), INTERVAL '13:20:00' HOUR_SECOND), 1),
(63, 32, 'HOST_CONFIRM', 5, 'APPROVED', '被访人确认接待', DATE_ADD(DATE_ADD(CURRENT_DATE(), INTERVAL 2 DAY), INTERVAL '07:15:00' HOUR_SECOND), 1),
(64, 32, 'DEPT_APPROVAL', 20, 'APPROVED', '部门审批通过，同意按预约时间入校', DATE_ADD(DATE_ADD(CURRENT_DATE(), INTERVAL 2 DAY), INTERVAL '07:30:00' HOUR_SECOND), 2),
(65, 32, 'SECURITY_CHECK', 27, 'APPROVED', '安保复核通过', DATE_ADD(DATE_ADD(CURRENT_DATE(), INTERVAL 2 DAY), INTERVAL '07:45:00' HOUR_SECOND), 3),
(66, 33, 'HOST_CONFIRM', 6, 'APPROVED', '被访人确认接待', DATE_ADD(DATE_ADD(CURRENT_DATE(), INTERVAL 3 DAY), INTERVAL '07:15:00' HOUR_SECOND), 1),
(67, 33, 'DEPT_APPROVAL', 21, 'APPROVED', '部门审批通过，同意按预约时间入校', DATE_ADD(DATE_ADD(CURRENT_DATE(), INTERVAL 3 DAY), INTERVAL '08:30:00' HOUR_SECOND), 2),
(68, 34, 'HOST_CONFIRM', 7, 'PENDING', '等待被访人确认', DATE_ADD(DATE_ADD(CURRENT_DATE(), INTERVAL 4 DAY), INTERVAL '08:10:00' HOUR_SECOND), 1),
(69, 35, 'HOST_CONFIRM', 8, 'APPROVED', '被访人确认接待', DATE_ADD(DATE_ADD(CURRENT_DATE(), INTERVAL 5 DAY), INTERVAL '09:15:00' HOUR_SECOND), 1),
(70, 35, 'DEPT_APPROVAL', 24, 'APPROVED', '部门审批通过，同意按预约时间入校', DATE_ADD(DATE_ADD(CURRENT_DATE(), INTERVAL 5 DAY), INTERVAL '10:30:00' HOUR_SECOND), 2),
(71, 36, 'HOST_CONFIRM', 9, 'APPROVED', '被访人确认接待', DATE_ADD(DATE_ADD(CURRENT_DATE(), INTERVAL 6 DAY), INTERVAL '10:15:00' HOUR_SECOND), 1),
(72, 36, 'DEPT_APPROVAL', 24, 'APPROVED', '部门审批通过，同意按预约时间入校', DATE_ADD(DATE_ADD(CURRENT_DATE(), INTERVAL 6 DAY), INTERVAL '11:30:00' HOUR_SECOND), 2),
(73, 36, 'SECURITY_CHECK', 26, 'APPROVED', '安保复核通过', DATE_ADD(DATE_ADD(CURRENT_DATE(), INTERVAL 6 DAY), INTERVAL '11:45:00' HOUR_SECOND), 3),
(74, 37, 'HOST_CONFIRM', 10, 'PENDING', '申请已由访客取消', DATE_ADD(DATE_ADD(CURRENT_DATE(), INTERVAL 7 DAY), INTERVAL '11:10:00' HOUR_SECOND), 1),
(75, 38, 'HOST_CONFIRM', 11, 'APPROVED', '被访人确认接待', DATE_ADD(DATE_ADD(CURRENT_DATE(), INTERVAL 8 DAY), INTERVAL '12:15:00' HOUR_SECOND), 1),
(76, 38, 'DEPT_APPROVAL', 20, 'PENDING', '等待部门审批', DATE_ADD(DATE_ADD(CURRENT_DATE(), INTERVAL 8 DAY), INTERVAL '13:05:00' HOUR_SECOND), 2),
(77, 39, 'HOST_CONFIRM', 12, 'APPROVED', '被访人确认接待', DATE_ADD(DATE_ADD(CURRENT_DATE(), INTERVAL 9 DAY), INTERVAL '13:15:00' HOUR_SECOND), 1),
(78, 39, 'DEPT_APPROVAL', 21, 'APPROVED', '部门审批通过，同意按预约时间入校', DATE_ADD(DATE_ADD(CURRENT_DATE(), INTERVAL 9 DAY), INTERVAL '14:30:00' HOUR_SECOND), 2),
(79, 40, 'HOST_CONFIRM', 13, 'APPROVED', '被访人确认接待', DATE_ADD(DATE_ADD(CURRENT_DATE(), INTERVAL 10 DAY), INTERVAL '07:15:00' HOUR_SECOND), 1),
(80, 40, 'DEPT_APPROVAL', 22, 'APPROVED', '部门审批通过，同意按预约时间入校', DATE_ADD(DATE_ADD(CURRENT_DATE(), INTERVAL 10 DAY), INTERVAL '07:30:00' HOUR_SECOND), 2),
(81, 40, 'SECURITY_CHECK', 25, 'APPROVED', '安保复核通过', DATE_ADD(DATE_ADD(CURRENT_DATE(), INTERVAL 10 DAY), INTERVAL '07:45:00' HOUR_SECOND), 3),
(82, 41, 'SYSTEM_BLACKLIST_CHECK', 1, 'REJECTED', '命中黑名单风险，系统拦截', DATE_ADD(DATE_ADD(CURRENT_DATE(), INTERVAL 11 DAY), INTERVAL '07:00:00' HOUR_SECOND), 0),
(83, 42, 'HOST_CONFIRM', 15, 'APPROVED', '被访人确认接待', DATE_ADD(DATE_ADD(CURRENT_DATE(), INTERVAL 12 DAY), INTERVAL '08:15:00' HOUR_SECOND), 1),
(84, 42, 'DEPT_APPROVAL', 24, 'APPROVED', '部门审批通过，同意按预约时间入校', DATE_ADD(DATE_ADD(CURRENT_DATE(), INTERVAL 12 DAY), INTERVAL '09:30:00' HOUR_SECOND), 2),
(85, 43, 'HOST_CONFIRM', 16, 'APPROVED', '被访人确认接待', DATE_ADD(DATE_ADD(CURRENT_DATE(), INTERVAL -29 DAY), INTERVAL '09:15:00' HOUR_SECOND), 1),
(86, 43, 'DEPT_APPROVAL', 19, 'APPROVED', '部门审批通过，同意按预约时间入校', DATE_ADD(DATE_ADD(CURRENT_DATE(), INTERVAL -29 DAY), INTERVAL '10:30:00' HOUR_SECOND), 2),
(87, 44, 'HOST_CONFIRM', 17, 'APPROVED', '被访人确认接待', DATE_ADD(DATE_ADD(CURRENT_DATE(), INTERVAL -28 DAY), INTERVAL '10:15:00' HOUR_SECOND), 1),
(88, 44, 'DEPT_APPROVAL', 20, 'APPROVED', '部门审批通过，同意按预约时间入校', DATE_ADD(DATE_ADD(CURRENT_DATE(), INTERVAL -28 DAY), INTERVAL '11:30:00' HOUR_SECOND), 2),
(89, 44, 'SECURITY_CHECK', 29, 'APPROVED', '安保复核通过', DATE_ADD(DATE_ADD(CURRENT_DATE(), INTERVAL -28 DAY), INTERVAL '11:45:00' HOUR_SECOND), 3),
(90, 45, 'HOST_CONFIRM', 18, 'APPROVED', '被访人确认接待', DATE_ADD(DATE_ADD(CURRENT_DATE(), INTERVAL -27 DAY), INTERVAL '11:15:00' HOUR_SECOND), 1),
(91, 45, 'DEPT_APPROVAL', 21, 'APPROVED', '部门审批通过，同意按预约时间入校', DATE_ADD(DATE_ADD(CURRENT_DATE(), INTERVAL -27 DAY), INTERVAL '12:30:00' HOUR_SECOND), 2),
(92, 46, 'HOST_CONFIRM', 4, 'APPROVED', '被访人确认接待', DATE_ADD(DATE_ADD(CURRENT_DATE(), INTERVAL -26 DAY), INTERVAL '12:15:00' HOUR_SECOND), 1),
(93, 46, 'DEPT_APPROVAL', 22, 'PENDING', '等待部门审批', DATE_ADD(DATE_ADD(CURRENT_DATE(), INTERVAL -26 DAY), INTERVAL '13:05:00' HOUR_SECOND), 2),
(94, 47, 'HOST_CONFIRM', 5, 'APPROVED', '被访人确认接待', DATE_ADD(DATE_ADD(CURRENT_DATE(), INTERVAL -25 DAY), INTERVAL '13:15:00' HOUR_SECOND), 1),
(95, 47, 'DEPT_APPROVAL', 24, 'APPROVED', '部门审批通过，同意按预约时间入校', DATE_ADD(DATE_ADD(CURRENT_DATE(), INTERVAL -25 DAY), INTERVAL '14:30:00' HOUR_SECOND), 2),
(96, 48, 'HOST_CONFIRM', 6, 'APPROVED', '被访人确认接待', DATE_ADD(DATE_ADD(CURRENT_DATE(), INTERVAL -24 DAY), INTERVAL '07:15:00' HOUR_SECOND), 1),
(97, 48, 'DEPT_APPROVAL', 24, 'APPROVED', '部门审批通过，同意按预约时间入校', DATE_ADD(DATE_ADD(CURRENT_DATE(), INTERVAL -24 DAY), INTERVAL '07:30:00' HOUR_SECOND), 2),
(98, 48, 'SECURITY_CHECK', 28, 'APPROVED', '安保复核通过', DATE_ADD(DATE_ADD(CURRENT_DATE(), INTERVAL -24 DAY), INTERVAL '07:45:00' HOUR_SECOND), 3),
(99, 49, 'HOST_CONFIRM', 7, 'APPROVED', '被访人确认接待', DATE_ADD(DATE_ADD(CURRENT_DATE(), INTERVAL -23 DAY), INTERVAL '07:15:00' HOUR_SECOND), 1),
(100, 49, 'DEPT_APPROVAL', 19, 'APPROVED', '部门审批通过，同意按预约时间入校', DATE_ADD(DATE_ADD(CURRENT_DATE(), INTERVAL -23 DAY), INTERVAL '08:30:00' HOUR_SECOND), 2);
INSERT INTO approval_record (id, apply_id, approval_step, approver_user_id, approval_result, approval_comment, approval_time, sort_order) VALUES
(101, 50, 'HOST_CONFIRM', 8, 'APPROVED', '被访人确认接待', DATE_ADD(DATE_ADD(CURRENT_DATE(), INTERVAL -22 DAY), INTERVAL '08:15:00' HOUR_SECOND), 1),
(102, 50, 'DEPT_APPROVAL', 20, 'APPROVED', '部门审批通过，同意按预约时间入校', DATE_ADD(DATE_ADD(CURRENT_DATE(), INTERVAL -22 DAY), INTERVAL '09:30:00' HOUR_SECOND), 2),
(103, 51, 'HOST_CONFIRM', 9, 'PENDING', '等待被访人确认', DATE_ADD(DATE_ADD(CURRENT_DATE(), INTERVAL -21 DAY), INTERVAL '09:10:00' HOUR_SECOND), 1),
(104, 52, 'HOST_CONFIRM', 10, 'APPROVED', '被访人确认接待', DATE_ADD(DATE_ADD(CURRENT_DATE(), INTERVAL -20 DAY), INTERVAL '10:15:00' HOUR_SECOND), 1),
(105, 52, 'DEPT_APPROVAL', 22, 'APPROVED', '部门审批通过，同意按预约时间入校', DATE_ADD(DATE_ADD(CURRENT_DATE(), INTERVAL -20 DAY), INTERVAL '11:30:00' HOUR_SECOND), 2),
(106, 52, 'SECURITY_CHECK', 27, 'APPROVED', '安保复核通过', DATE_ADD(DATE_ADD(CURRENT_DATE(), INTERVAL -20 DAY), INTERVAL '11:45:00' HOUR_SECOND), 3),
(107, 53, 'HOST_CONFIRM', 11, 'APPROVED', '被访人确认接待', DATE_ADD(DATE_ADD(CURRENT_DATE(), INTERVAL -19 DAY), INTERVAL '11:15:00' HOUR_SECOND), 1),
(108, 53, 'DEPT_APPROVAL', 23, 'APPROVED', '部门审批通过，同意按预约时间入校', DATE_ADD(DATE_ADD(CURRENT_DATE(), INTERVAL -19 DAY), INTERVAL '12:30:00' HOUR_SECOND), 2),
(109, 54, 'HOST_CONFIRM', 12, 'APPROVED', '被访人确认接待', DATE_ADD(DATE_ADD(CURRENT_DATE(), INTERVAL -18 DAY), INTERVAL '12:15:00' HOUR_SECOND), 1),
(110, 54, 'DEPT_APPROVAL', 24, 'APPROVED', '部门审批通过，同意按预约时间入校', DATE_ADD(DATE_ADD(CURRENT_DATE(), INTERVAL -18 DAY), INTERVAL '13:30:00' HOUR_SECOND), 2),
(111, 55, 'HOST_CONFIRM', 13, 'APPROVED', '被访人确认接待', DATE_ADD(DATE_ADD(CURRENT_DATE(), INTERVAL -17 DAY), INTERVAL '13:15:00' HOUR_SECOND), 1),
(112, 55, 'DEPT_APPROVAL', 19, 'APPROVED', '部门审批通过，同意按预约时间入校', DATE_ADD(DATE_ADD(CURRENT_DATE(), INTERVAL -17 DAY), INTERVAL '14:30:00' HOUR_SECOND), 2),
(113, 56, 'HOST_CONFIRM', 14, 'APPROVED', '被访人确认接待', DATE_ADD(DATE_ADD(CURRENT_DATE(), INTERVAL -16 DAY), INTERVAL '07:15:00' HOUR_SECOND), 1),
(114, 56, 'DEPT_APPROVAL', 20, 'APPROVED', '部门审批通过，同意按预约时间入校', DATE_ADD(DATE_ADD(CURRENT_DATE(), INTERVAL -16 DAY), INTERVAL '07:30:00' HOUR_SECOND), 2),
(115, 56, 'SECURITY_CHECK', 26, 'APPROVED', '安保复核通过', DATE_ADD(DATE_ADD(CURRENT_DATE(), INTERVAL -16 DAY), INTERVAL '07:45:00' HOUR_SECOND), 3),
(116, 57, 'HOST_CONFIRM', 15, 'APPROVED', '被访人确认接待', DATE_ADD(DATE_ADD(CURRENT_DATE(), INTERVAL -15 DAY), INTERVAL '07:15:00' HOUR_SECOND), 1),
(117, 57, 'DEPT_APPROVAL', 21, 'PENDING', '等待部门审批', DATE_ADD(DATE_ADD(CURRENT_DATE(), INTERVAL -15 DAY), INTERVAL '08:05:00' HOUR_SECOND), 2),
(118, 58, 'HOST_CONFIRM', 16, 'APPROVED', '被访人确认接待', DATE_ADD(DATE_ADD(CURRENT_DATE(), INTERVAL -14 DAY), INTERVAL '08:15:00' HOUR_SECOND), 1),
(119, 58, 'DEPT_APPROVAL', 22, 'REJECTED', '材料不完整或来访事由不充分', DATE_ADD(DATE_ADD(CURRENT_DATE(), INTERVAL -14 DAY), INTERVAL '09:30:00' HOUR_SECOND), 2),
(120, 59, 'HOST_CONFIRM', 17, 'APPROVED', '被访人确认接待', DATE_ADD(DATE_ADD(CURRENT_DATE(), INTERVAL -13 DAY), INTERVAL '09:15:00' HOUR_SECOND), 1),
(121, 59, 'DEPT_APPROVAL', 24, 'APPROVED', '部门审批通过，同意按预约时间入校', DATE_ADD(DATE_ADD(CURRENT_DATE(), INTERVAL -13 DAY), INTERVAL '10:30:00' HOUR_SECOND), 2),
(122, 60, 'HOST_CONFIRM', 18, 'APPROVED', '被访人确认接待', DATE_ADD(DATE_ADD(CURRENT_DATE(), INTERVAL -12 DAY), INTERVAL '10:15:00' HOUR_SECOND), 1),
(123, 60, 'DEPT_APPROVAL', 24, 'APPROVED', '部门审批通过，同意按预约时间入校', DATE_ADD(DATE_ADD(CURRENT_DATE(), INTERVAL -12 DAY), INTERVAL '11:30:00' HOUR_SECOND), 2),
(124, 60, 'SECURITY_CHECK', 25, 'APPROVED', '安保复核通过', DATE_ADD(DATE_ADD(CURRENT_DATE(), INTERVAL -12 DAY), INTERVAL '11:45:00' HOUR_SECOND), 3),
(125, 61, 'HOST_CONFIRM', 4, 'APPROVED', '被访人确认接待', DATE_ADD(DATE_ADD(CURRENT_DATE(), INTERVAL -11 DAY), INTERVAL '11:15:00' HOUR_SECOND), 1),
(126, 61, 'DEPT_APPROVAL', 19, 'APPROVED', '部门审批通过，同意按预约时间入校', DATE_ADD(DATE_ADD(CURRENT_DATE(), INTERVAL -11 DAY), INTERVAL '12:30:00' HOUR_SECOND), 2),
(127, 62, 'HOST_CONFIRM', 5, 'REJECTED', '来访时间与教学安排冲突', DATE_ADD(DATE_ADD(CURRENT_DATE(), INTERVAL -10 DAY), INTERVAL '12:20:00' HOUR_SECOND), 1),
(128, 63, 'HOST_CONFIRM', 6, 'APPROVED', '被访人确认接待', DATE_ADD(DATE_ADD(CURRENT_DATE(), INTERVAL -9 DAY), INTERVAL '13:15:00' HOUR_SECOND), 1),
(129, 63, 'DEPT_APPROVAL', 21, 'APPROVED', '部门审批通过，同意按预约时间入校', DATE_ADD(DATE_ADD(CURRENT_DATE(), INTERVAL -9 DAY), INTERVAL '14:30:00' HOUR_SECOND), 2),
(130, 64, 'HOST_CONFIRM', 7, 'APPROVED', '被访人确认接待', DATE_ADD(DATE_ADD(CURRENT_DATE(), INTERVAL -8 DAY), INTERVAL '07:15:00' HOUR_SECOND), 1),
(131, 64, 'DEPT_APPROVAL', 22, 'APPROVED', '部门审批通过，同意按预约时间入校', DATE_ADD(DATE_ADD(CURRENT_DATE(), INTERVAL -8 DAY), INTERVAL '07:30:00' HOUR_SECOND), 2),
(132, 64, 'SECURITY_CHECK', 29, 'APPROVED', '安保复核通过', DATE_ADD(DATE_ADD(CURRENT_DATE(), INTERVAL -8 DAY), INTERVAL '07:45:00' HOUR_SECOND), 3),
(133, 65, 'HOST_CONFIRM', 8, 'APPROVED', '被访人确认接待', DATE_ADD(DATE_ADD(CURRENT_DATE(), INTERVAL -7 DAY), INTERVAL '07:15:00' HOUR_SECOND), 1),
(134, 65, 'DEPT_APPROVAL', 23, 'APPROVED', '部门审批通过，同意按预约时间入校', DATE_ADD(DATE_ADD(CURRENT_DATE(), INTERVAL -7 DAY), INTERVAL '08:30:00' HOUR_SECOND), 2),
(135, 66, 'HOST_CONFIRM', 9, 'APPROVED', '被访人确认接待', DATE_ADD(DATE_ADD(CURRENT_DATE(), INTERVAL -6 DAY), INTERVAL '08:15:00' HOUR_SECOND), 1),
(136, 66, 'DEPT_APPROVAL', 24, 'APPROVED', '部门审批通过，同意按预约时间入校', DATE_ADD(DATE_ADD(CURRENT_DATE(), INTERVAL -6 DAY), INTERVAL '09:30:00' HOUR_SECOND), 2),
(137, 67, 'HOST_CONFIRM', 10, 'APPROVED', '被访人确认接待', DATE_ADD(DATE_ADD(CURRENT_DATE(), INTERVAL -5 DAY), INTERVAL '09:15:00' HOUR_SECOND), 1),
(138, 67, 'DEPT_APPROVAL', 19, 'APPROVED', '部门审批通过，同意按预约时间入校', DATE_ADD(DATE_ADD(CURRENT_DATE(), INTERVAL -5 DAY), INTERVAL '10:30:00' HOUR_SECOND), 2),
(139, 68, 'HOST_CONFIRM', 11, 'PENDING', '等待被访人确认', DATE_ADD(DATE_ADD(CURRENT_DATE(), INTERVAL -4 DAY), INTERVAL '10:10:00' HOUR_SECOND), 1),
(140, 69, 'HOST_CONFIRM', 12, 'APPROVED', '被访人确认接待', DATE_ADD(DATE_ADD(CURRENT_DATE(), INTERVAL -3 DAY), INTERVAL '11:15:00' HOUR_SECOND), 1),
(141, 69, 'DEPT_APPROVAL', 21, 'PENDING', '等待部门审批', DATE_ADD(DATE_ADD(CURRENT_DATE(), INTERVAL -3 DAY), INTERVAL '12:05:00' HOUR_SECOND), 2),
(142, 70, 'HOST_CONFIRM', 13, 'APPROVED', '被访人确认接待', DATE_ADD(DATE_ADD(CURRENT_DATE(), INTERVAL -2 DAY), INTERVAL '12:15:00' HOUR_SECOND), 1),
(143, 70, 'DEPT_APPROVAL', 22, 'APPROVED', '部门审批通过，同意按预约时间入校', DATE_ADD(DATE_ADD(CURRENT_DATE(), INTERVAL -2 DAY), INTERVAL '13:30:00' HOUR_SECOND), 2),
(144, 71, 'HOST_CONFIRM', 14, 'APPROVED', '被访人确认接待', DATE_ADD(DATE_ADD(CURRENT_DATE(), INTERVAL -1 DAY), INTERVAL '13:15:00' HOUR_SECOND), 1),
(145, 71, 'DEPT_APPROVAL', 24, 'APPROVED', '部门审批通过，同意按预约时间入校', DATE_ADD(DATE_ADD(CURRENT_DATE(), INTERVAL -1 DAY), INTERVAL '14:30:00' HOUR_SECOND), 2),
(146, 72, 'HOST_CONFIRM', 15, 'APPROVED', '被访人确认接待', DATE_ADD(DATE_ADD(CURRENT_DATE(), INTERVAL 0 DAY), INTERVAL '07:15:00' HOUR_SECOND), 1),
(147, 72, 'DEPT_APPROVAL', 24, 'APPROVED', '部门审批通过，同意按预约时间入校', DATE_ADD(DATE_ADD(CURRENT_DATE(), INTERVAL 0 DAY), INTERVAL '07:30:00' HOUR_SECOND), 2),
(148, 72, 'SECURITY_CHECK', 27, 'APPROVED', '安保复核通过', DATE_ADD(DATE_ADD(CURRENT_DATE(), INTERVAL 0 DAY), INTERVAL '07:45:00' HOUR_SECOND), 3),
(149, 73, 'HOST_CONFIRM', 16, 'APPROVED', '被访人确认接待', DATE_ADD(DATE_ADD(CURRENT_DATE(), INTERVAL 1 DAY), INTERVAL '07:15:00' HOUR_SECOND), 1),
(150, 73, 'DEPT_APPROVAL', 19, 'APPROVED', '部门审批通过，同意按预约时间入校', DATE_ADD(DATE_ADD(CURRENT_DATE(), INTERVAL 1 DAY), INTERVAL '08:30:00' HOUR_SECOND), 2),
(151, 74, 'HOST_CONFIRM', 17, 'PENDING', '申请已由访客取消', DATE_ADD(DATE_ADD(CURRENT_DATE(), INTERVAL 2 DAY), INTERVAL '08:10:00' HOUR_SECOND), 1),
(152, 75, 'HOST_CONFIRM', 18, 'APPROVED', '被访人确认接待', DATE_ADD(DATE_ADD(CURRENT_DATE(), INTERVAL 3 DAY), INTERVAL '09:15:00' HOUR_SECOND), 1),
(153, 75, 'DEPT_APPROVAL', 21, 'APPROVED', '部门审批通过，同意按预约时间入校', DATE_ADD(DATE_ADD(CURRENT_DATE(), INTERVAL 3 DAY), INTERVAL '10:30:00' HOUR_SECOND), 2),
(154, 76, 'HOST_CONFIRM', 4, 'APPROVED', '被访人确认接待', DATE_ADD(DATE_ADD(CURRENT_DATE(), INTERVAL 4 DAY), INTERVAL '10:15:00' HOUR_SECOND), 1),
(155, 76, 'DEPT_APPROVAL', 22, 'PENDING', '等待部门审批', DATE_ADD(DATE_ADD(CURRENT_DATE(), INTERVAL 4 DAY), INTERVAL '11:05:00' HOUR_SECOND), 2),
(156, 77, 'HOST_CONFIRM', 5, 'APPROVED', '被访人确认接待', DATE_ADD(DATE_ADD(CURRENT_DATE(), INTERVAL 5 DAY), INTERVAL '11:15:00' HOUR_SECOND), 1),
(157, 77, 'DEPT_APPROVAL', 23, 'APPROVED', '部门审批通过，同意按预约时间入校', DATE_ADD(DATE_ADD(CURRENT_DATE(), INTERVAL 5 DAY), INTERVAL '12:30:00' HOUR_SECOND), 2),
(158, 78, 'HOST_CONFIRM', 6, 'APPROVED', '被访人确认接待', DATE_ADD(DATE_ADD(CURRENT_DATE(), INTERVAL 6 DAY), INTERVAL '12:15:00' HOUR_SECOND), 1),
(159, 78, 'DEPT_APPROVAL', 24, 'APPROVED', '部门审批通过，同意按预约时间入校', DATE_ADD(DATE_ADD(CURRENT_DATE(), INTERVAL 6 DAY), INTERVAL '13:30:00' HOUR_SECOND), 2),
(160, 79, 'HOST_CONFIRM', 7, 'APPROVED', '被访人确认接待', DATE_ADD(DATE_ADD(CURRENT_DATE(), INTERVAL 7 DAY), INTERVAL '13:15:00' HOUR_SECOND), 1),
(161, 79, 'DEPT_APPROVAL', 19, 'APPROVED', '部门审批通过，同意按预约时间入校', DATE_ADD(DATE_ADD(CURRENT_DATE(), INTERVAL 7 DAY), INTERVAL '14:30:00' HOUR_SECOND), 2),
(162, 80, 'HOST_CONFIRM', 8, 'APPROVED', '被访人确认接待', DATE_ADD(DATE_ADD(CURRENT_DATE(), INTERVAL -29 DAY), INTERVAL '07:15:00' HOUR_SECOND), 1),
(163, 80, 'DEPT_APPROVAL', 20, 'APPROVED', '部门审批通过，同意按预约时间入校', DATE_ADD(DATE_ADD(CURRENT_DATE(), INTERVAL -29 DAY), INTERVAL '07:30:00' HOUR_SECOND), 2),
(164, 80, 'SECURITY_CHECK', 25, 'APPROVED', '安保复核通过', DATE_ADD(DATE_ADD(CURRENT_DATE(), INTERVAL -29 DAY), INTERVAL '07:45:00' HOUR_SECOND), 3),
(165, 81, 'HOST_CONFIRM', 9, 'APPROVED', '被访人确认接待', DATE_ADD(DATE_ADD(CURRENT_DATE(), INTERVAL -28 DAY), INTERVAL '07:15:00' HOUR_SECOND), 1),
(166, 81, 'DEPT_APPROVAL', 21, 'APPROVED', '部门审批通过，同意按预约时间入校', DATE_ADD(DATE_ADD(CURRENT_DATE(), INTERVAL -28 DAY), INTERVAL '08:30:00' HOUR_SECOND), 2),
(167, 82, 'SYSTEM_BLACKLIST_CHECK', 1, 'REJECTED', '命中黑名单风险，系统拦截', DATE_ADD(DATE_ADD(CURRENT_DATE(), INTERVAL -27 DAY), INTERVAL '08:00:00' HOUR_SECOND), 0),
(168, 83, 'HOST_CONFIRM', 11, 'APPROVED', '被访人确认接待', DATE_ADD(DATE_ADD(CURRENT_DATE(), INTERVAL -26 DAY), INTERVAL '09:15:00' HOUR_SECOND), 1),
(169, 83, 'DEPT_APPROVAL', 24, 'APPROVED', '部门审批通过，同意按预约时间入校', DATE_ADD(DATE_ADD(CURRENT_DATE(), INTERVAL -26 DAY), INTERVAL '10:30:00' HOUR_SECOND), 2),
(170, 84, 'HOST_CONFIRM', 12, 'APPROVED', '被访人确认接待', DATE_ADD(DATE_ADD(CURRENT_DATE(), INTERVAL -25 DAY), INTERVAL '10:15:00' HOUR_SECOND), 1),
(171, 84, 'DEPT_APPROVAL', 24, 'APPROVED', '部门审批通过，同意按预约时间入校', DATE_ADD(DATE_ADD(CURRENT_DATE(), INTERVAL -25 DAY), INTERVAL '11:30:00' HOUR_SECOND), 2),
(172, 84, 'SECURITY_CHECK', 29, 'APPROVED', '安保复核通过', DATE_ADD(DATE_ADD(CURRENT_DATE(), INTERVAL -25 DAY), INTERVAL '11:45:00' HOUR_SECOND), 3),
(173, 85, 'HOST_CONFIRM', 13, 'PENDING', '等待被访人确认', DATE_ADD(DATE_ADD(CURRENT_DATE(), INTERVAL -24 DAY), INTERVAL '11:10:00' HOUR_SECOND), 1),
(174, 86, 'HOST_CONFIRM', 14, 'APPROVED', '被访人确认接待', DATE_ADD(DATE_ADD(CURRENT_DATE(), INTERVAL -23 DAY), INTERVAL '12:15:00' HOUR_SECOND), 1),
(175, 86, 'DEPT_APPROVAL', 20, 'APPROVED', '部门审批通过，同意按预约时间入校', DATE_ADD(DATE_ADD(CURRENT_DATE(), INTERVAL -23 DAY), INTERVAL '13:30:00' HOUR_SECOND), 2),
(176, 87, 'HOST_CONFIRM', 15, 'APPROVED', '被访人确认接待', DATE_ADD(DATE_ADD(CURRENT_DATE(), INTERVAL -22 DAY), INTERVAL '13:15:00' HOUR_SECOND), 1),
(177, 87, 'DEPT_APPROVAL', 21, 'RETURNED', '材料不完整或来访事由不充分', DATE_ADD(DATE_ADD(CURRENT_DATE(), INTERVAL -22 DAY), INTERVAL '14:30:00' HOUR_SECOND), 2),
(178, 88, 'HOST_CONFIRM', 16, 'APPROVED', '被访人确认接待', DATE_ADD(DATE_ADD(CURRENT_DATE(), INTERVAL -21 DAY), INTERVAL '07:15:00' HOUR_SECOND), 1),
(179, 88, 'DEPT_APPROVAL', 22, 'APPROVED', '部门审批通过，同意按预约时间入校', DATE_ADD(DATE_ADD(CURRENT_DATE(), INTERVAL -21 DAY), INTERVAL '07:30:00' HOUR_SECOND), 2),
(180, 88, 'SECURITY_CHECK', 28, 'APPROVED', '安保复核通过', DATE_ADD(DATE_ADD(CURRENT_DATE(), INTERVAL -21 DAY), INTERVAL '07:45:00' HOUR_SECOND), 3),
(181, 89, 'HOST_CONFIRM', 17, 'APPROVED', '被访人确认接待', DATE_ADD(DATE_ADD(CURRENT_DATE(), INTERVAL -20 DAY), INTERVAL '07:15:00' HOUR_SECOND), 1),
(182, 89, 'DEPT_APPROVAL', 23, 'APPROVED', '部门审批通过，同意按预约时间入校', DATE_ADD(DATE_ADD(CURRENT_DATE(), INTERVAL -20 DAY), INTERVAL '08:30:00' HOUR_SECOND), 2),
(183, 90, 'HOST_CONFIRM', 18, 'APPROVED', '被访人确认接待', DATE_ADD(DATE_ADD(CURRENT_DATE(), INTERVAL -19 DAY), INTERVAL '08:15:00' HOUR_SECOND), 1),
(184, 90, 'DEPT_APPROVAL', 24, 'APPROVED', '部门审批通过，同意按预约时间入校', DATE_ADD(DATE_ADD(CURRENT_DATE(), INTERVAL -19 DAY), INTERVAL '09:30:00' HOUR_SECOND), 2),
(185, 91, 'HOST_CONFIRM', 4, 'APPROVED', '被访人确认接待', DATE_ADD(DATE_ADD(CURRENT_DATE(), INTERVAL -18 DAY), INTERVAL '09:15:00' HOUR_SECOND), 1),
(186, 91, 'DEPT_APPROVAL', 19, 'APPROVED', '部门审批通过，同意按预约时间入校', DATE_ADD(DATE_ADD(CURRENT_DATE(), INTERVAL -18 DAY), INTERVAL '10:30:00' HOUR_SECOND), 2),
(187, 92, 'HOST_CONFIRM', 5, 'APPROVED', '被访人确认接待', DATE_ADD(DATE_ADD(CURRENT_DATE(), INTERVAL -17 DAY), INTERVAL '10:15:00' HOUR_SECOND), 1),
(188, 92, 'DEPT_APPROVAL', 20, 'PENDING', '等待部门审批', DATE_ADD(DATE_ADD(CURRENT_DATE(), INTERVAL -17 DAY), INTERVAL '11:05:00' HOUR_SECOND), 2),
(189, 93, 'HOST_CONFIRM', 6, 'REJECTED', '来访时间与教学安排冲突', DATE_ADD(DATE_ADD(CURRENT_DATE(), INTERVAL -16 DAY), INTERVAL '11:20:00' HOUR_SECOND), 1),
(190, 94, 'HOST_CONFIRM', 7, 'APPROVED', '被访人确认接待', DATE_ADD(DATE_ADD(CURRENT_DATE(), INTERVAL -15 DAY), INTERVAL '12:15:00' HOUR_SECOND), 1),
(191, 94, 'DEPT_APPROVAL', 22, 'APPROVED', '部门审批通过，同意按预约时间入校', DATE_ADD(DATE_ADD(CURRENT_DATE(), INTERVAL -15 DAY), INTERVAL '13:30:00' HOUR_SECOND), 2),
(192, 95, 'HOST_CONFIRM', 8, 'APPROVED', '被访人确认接待', DATE_ADD(DATE_ADD(CURRENT_DATE(), INTERVAL -14 DAY), INTERVAL '13:15:00' HOUR_SECOND), 1),
(193, 95, 'DEPT_APPROVAL', 24, 'PENDING', '等待部门审批', DATE_ADD(DATE_ADD(CURRENT_DATE(), INTERVAL -14 DAY), INTERVAL '14:05:00' HOUR_SECOND), 2),
(194, 96, 'HOST_CONFIRM', 9, 'APPROVED', '被访人确认接待', DATE_ADD(DATE_ADD(CURRENT_DATE(), INTERVAL -13 DAY), INTERVAL '07:15:00' HOUR_SECOND), 1),
(195, 96, 'DEPT_APPROVAL', 24, 'APPROVED', '部门审批通过，同意按预约时间入校', DATE_ADD(DATE_ADD(CURRENT_DATE(), INTERVAL -13 DAY), INTERVAL '07:30:00' HOUR_SECOND), 2),
(196, 96, 'SECURITY_CHECK', 26, 'APPROVED', '安保复核通过', DATE_ADD(DATE_ADD(CURRENT_DATE(), INTERVAL -13 DAY), INTERVAL '07:45:00' HOUR_SECOND), 3),
(197, 97, 'HOST_CONFIRM', 10, 'APPROVED', '被访人确认接待', DATE_ADD(DATE_ADD(CURRENT_DATE(), INTERVAL -12 DAY), INTERVAL '07:15:00' HOUR_SECOND), 1),
(198, 97, 'DEPT_APPROVAL', 19, 'APPROVED', '部门审批通过，同意按预约时间入校', DATE_ADD(DATE_ADD(CURRENT_DATE(), INTERVAL -12 DAY), INTERVAL '08:30:00' HOUR_SECOND), 2),
(199, 98, 'HOST_CONFIRM', 11, 'APPROVED', '被访人确认接待', DATE_ADD(DATE_ADD(CURRENT_DATE(), INTERVAL -11 DAY), INTERVAL '08:15:00' HOUR_SECOND), 1),
(200, 98, 'DEPT_APPROVAL', 20, 'APPROVED', '部门审批通过，同意按预约时间入校', DATE_ADD(DATE_ADD(CURRENT_DATE(), INTERVAL -11 DAY), INTERVAL '09:30:00' HOUR_SECOND), 2);
INSERT INTO approval_record (id, apply_id, approval_step, approver_user_id, approval_result, approval_comment, approval_time, sort_order) VALUES
(201, 99, 'HOST_CONFIRM', 12, 'APPROVED', '被访人确认接待', DATE_ADD(DATE_ADD(CURRENT_DATE(), INTERVAL -10 DAY), INTERVAL '09:15:00' HOUR_SECOND), 1),
(202, 99, 'DEPT_APPROVAL', 21, 'APPROVED', '部门审批通过，同意按预约时间入校', DATE_ADD(DATE_ADD(CURRENT_DATE(), INTERVAL -10 DAY), INTERVAL '10:30:00' HOUR_SECOND), 2),
(203, 100, 'HOST_CONFIRM', 13, 'APPROVED', '被访人确认接待', DATE_ADD(DATE_ADD(CURRENT_DATE(), INTERVAL -9 DAY), INTERVAL '10:15:00' HOUR_SECOND), 1),
(204, 100, 'DEPT_APPROVAL', 22, 'APPROVED', '部门审批通过，同意按预约时间入校', DATE_ADD(DATE_ADD(CURRENT_DATE(), INTERVAL -9 DAY), INTERVAL '11:30:00' HOUR_SECOND), 2),
(205, 100, 'SECURITY_CHECK', 25, 'APPROVED', '安保复核通过', DATE_ADD(DATE_ADD(CURRENT_DATE(), INTERVAL -9 DAY), INTERVAL '11:45:00' HOUR_SECOND), 3),
(206, 101, 'HOST_CONFIRM', 14, 'APPROVED', '被访人确认接待', DATE_ADD(DATE_ADD(CURRENT_DATE(), INTERVAL -8 DAY), INTERVAL '11:15:00' HOUR_SECOND), 1),
(207, 101, 'DEPT_APPROVAL', 23, 'APPROVED', '部门审批通过，同意按预约时间入校', DATE_ADD(DATE_ADD(CURRENT_DATE(), INTERVAL -8 DAY), INTERVAL '12:30:00' HOUR_SECOND), 2),
(208, 102, 'HOST_CONFIRM', 15, 'PENDING', '等待被访人确认', DATE_ADD(DATE_ADD(CURRENT_DATE(), INTERVAL -7 DAY), INTERVAL '12:10:00' HOUR_SECOND), 1),
(209, 103, 'HOST_CONFIRM', 16, 'APPROVED', '被访人确认接待', DATE_ADD(DATE_ADD(CURRENT_DATE(), INTERVAL -6 DAY), INTERVAL '13:15:00' HOUR_SECOND), 1),
(210, 103, 'DEPT_APPROVAL', 19, 'APPROVED', '部门审批通过，同意按预约时间入校', DATE_ADD(DATE_ADD(CURRENT_DATE(), INTERVAL -6 DAY), INTERVAL '14:30:00' HOUR_SECOND), 2),
(211, 104, 'HOST_CONFIRM', 17, 'APPROVED', '被访人确认接待', DATE_ADD(DATE_ADD(CURRENT_DATE(), INTERVAL -5 DAY), INTERVAL '07:15:00' HOUR_SECOND), 1),
(212, 104, 'DEPT_APPROVAL', 20, 'APPROVED', '部门审批通过，同意按预约时间入校', DATE_ADD(DATE_ADD(CURRENT_DATE(), INTERVAL -5 DAY), INTERVAL '07:30:00' HOUR_SECOND), 2),
(213, 104, 'SECURITY_CHECK', 29, 'APPROVED', '安保复核通过', DATE_ADD(DATE_ADD(CURRENT_DATE(), INTERVAL -5 DAY), INTERVAL '07:45:00' HOUR_SECOND), 3),
(214, 105, 'HOST_CONFIRM', 18, 'APPROVED', '被访人确认接待', DATE_ADD(DATE_ADD(CURRENT_DATE(), INTERVAL -4 DAY), INTERVAL '07:15:00' HOUR_SECOND), 1),
(215, 105, 'DEPT_APPROVAL', 21, 'APPROVED', '部门审批通过，同意按预约时间入校', DATE_ADD(DATE_ADD(CURRENT_DATE(), INTERVAL -4 DAY), INTERVAL '08:30:00' HOUR_SECOND), 2),
(216, 106, 'HOST_CONFIRM', 4, 'APPROVED', '被访人确认接待', DATE_ADD(DATE_ADD(CURRENT_DATE(), INTERVAL -3 DAY), INTERVAL '08:15:00' HOUR_SECOND), 1),
(217, 106, 'DEPT_APPROVAL', 22, 'APPROVED', '部门审批通过，同意按预约时间入校', DATE_ADD(DATE_ADD(CURRENT_DATE(), INTERVAL -3 DAY), INTERVAL '09:30:00' HOUR_SECOND), 2),
(218, 107, 'HOST_CONFIRM', 5, 'APPROVED', '被访人确认接待', DATE_ADD(DATE_ADD(CURRENT_DATE(), INTERVAL -2 DAY), INTERVAL '09:15:00' HOUR_SECOND), 1),
(219, 107, 'DEPT_APPROVAL', 24, 'APPROVED', '部门审批通过，同意按预约时间入校', DATE_ADD(DATE_ADD(CURRENT_DATE(), INTERVAL -2 DAY), INTERVAL '10:30:00' HOUR_SECOND), 2),
(220, 108, 'HOST_CONFIRM', 6, 'APPROVED', '被访人确认接待', DATE_ADD(DATE_ADD(CURRENT_DATE(), INTERVAL -1 DAY), INTERVAL '10:15:00' HOUR_SECOND), 1),
(221, 108, 'DEPT_APPROVAL', 24, 'APPROVED', '部门审批通过，同意按预约时间入校', DATE_ADD(DATE_ADD(CURRENT_DATE(), INTERVAL -1 DAY), INTERVAL '11:30:00' HOUR_SECOND), 2),
(222, 108, 'SECURITY_CHECK', 28, 'APPROVED', '安保复核通过', DATE_ADD(DATE_ADD(CURRENT_DATE(), INTERVAL -1 DAY), INTERVAL '11:45:00' HOUR_SECOND), 3),
(223, 109, 'HOST_CONFIRM', 7, 'APPROVED', '被访人确认接待', DATE_ADD(DATE_ADD(CURRENT_DATE(), INTERVAL 0 DAY), INTERVAL '11:15:00' HOUR_SECOND), 1),
(224, 109, 'DEPT_APPROVAL', 19, 'APPROVED', '部门审批通过，同意按预约时间入校', DATE_ADD(DATE_ADD(CURRENT_DATE(), INTERVAL 0 DAY), INTERVAL '12:30:00' HOUR_SECOND), 2),
(225, 110, 'HOST_CONFIRM', 8, 'APPROVED', '被访人确认接待', DATE_ADD(DATE_ADD(CURRENT_DATE(), INTERVAL 1 DAY), INTERVAL '12:15:00' HOUR_SECOND), 1),
(226, 110, 'DEPT_APPROVAL', 20, 'APPROVED', '部门审批通过，同意按预约时间入校', DATE_ADD(DATE_ADD(CURRENT_DATE(), INTERVAL 1 DAY), INTERVAL '13:30:00' HOUR_SECOND), 2),
(227, 111, 'HOST_CONFIRM', 9, 'PENDING', '申请已由访客取消', DATE_ADD(DATE_ADD(CURRENT_DATE(), INTERVAL 2 DAY), INTERVAL '13:10:00' HOUR_SECOND), 1),
(228, 112, 'HOST_CONFIRM', 10, 'APPROVED', '被访人确认接待', DATE_ADD(DATE_ADD(CURRENT_DATE(), INTERVAL 3 DAY), INTERVAL '07:15:00' HOUR_SECOND), 1),
(229, 112, 'DEPT_APPROVAL', 22, 'APPROVED', '部门审批通过，同意按预约时间入校', DATE_ADD(DATE_ADD(CURRENT_DATE(), INTERVAL 3 DAY), INTERVAL '07:30:00' HOUR_SECOND), 2),
(230, 112, 'SECURITY_CHECK', 27, 'APPROVED', '安保复核通过', DATE_ADD(DATE_ADD(CURRENT_DATE(), INTERVAL 3 DAY), INTERVAL '07:45:00' HOUR_SECOND), 3),
(231, 113, 'HOST_CONFIRM', 11, 'APPROVED', '被访人确认接待', DATE_ADD(DATE_ADD(CURRENT_DATE(), INTERVAL 4 DAY), INTERVAL '07:15:00' HOUR_SECOND), 1),
(232, 113, 'DEPT_APPROVAL', 23, 'APPROVED', '部门审批通过，同意按预约时间入校', DATE_ADD(DATE_ADD(CURRENT_DATE(), INTERVAL 4 DAY), INTERVAL '08:30:00' HOUR_SECOND), 2),
(233, 114, 'HOST_CONFIRM', 12, 'APPROVED', '被访人确认接待', DATE_ADD(DATE_ADD(CURRENT_DATE(), INTERVAL 5 DAY), INTERVAL '08:15:00' HOUR_SECOND), 1),
(234, 114, 'DEPT_APPROVAL', 24, 'PENDING', '等待部门审批', DATE_ADD(DATE_ADD(CURRENT_DATE(), INTERVAL 5 DAY), INTERVAL '09:05:00' HOUR_SECOND), 2),
(235, 115, 'HOST_CONFIRM', 13, 'APPROVED', '被访人确认接待', DATE_ADD(DATE_ADD(CURRENT_DATE(), INTERVAL 6 DAY), INTERVAL '09:15:00' HOUR_SECOND), 1),
(236, 115, 'DEPT_APPROVAL', 19, 'PENDING', '等待部门审批', DATE_ADD(DATE_ADD(CURRENT_DATE(), INTERVAL 6 DAY), INTERVAL '10:05:00' HOUR_SECOND), 2),
(237, 116, 'HOST_CONFIRM', 14, 'APPROVED', '被访人确认接待', DATE_ADD(DATE_ADD(CURRENT_DATE(), INTERVAL 7 DAY), INTERVAL '10:15:00' HOUR_SECOND), 1),
(238, 116, 'DEPT_APPROVAL', 20, 'REJECTED', '材料不完整或来访事由不充分', DATE_ADD(DATE_ADD(CURRENT_DATE(), INTERVAL 7 DAY), INTERVAL '11:30:00' HOUR_SECOND), 2),
(239, 117, 'HOST_CONFIRM', 15, 'APPROVED', '被访人确认接待', DATE_ADD(DATE_ADD(CURRENT_DATE(), INTERVAL -29 DAY), INTERVAL '11:15:00' HOUR_SECOND), 1),
(240, 117, 'DEPT_APPROVAL', 21, 'APPROVED', '部门审批通过，同意按预约时间入校', DATE_ADD(DATE_ADD(CURRENT_DATE(), INTERVAL -29 DAY), INTERVAL '12:30:00' HOUR_SECOND), 2),
(241, 118, 'HOST_CONFIRM', 16, 'APPROVED', '被访人确认接待', DATE_ADD(DATE_ADD(CURRENT_DATE(), INTERVAL -28 DAY), INTERVAL '12:15:00' HOUR_SECOND), 1),
(242, 118, 'DEPT_APPROVAL', 22, 'APPROVED', '部门审批通过，同意按预约时间入校', DATE_ADD(DATE_ADD(CURRENT_DATE(), INTERVAL -28 DAY), INTERVAL '13:30:00' HOUR_SECOND), 2),
(243, 119, 'HOST_CONFIRM', 17, 'PENDING', '等待被访人确认', DATE_ADD(DATE_ADD(CURRENT_DATE(), INTERVAL -27 DAY), INTERVAL '13:10:00' HOUR_SECOND), 1),
(244, 120, 'HOST_CONFIRM', 18, 'APPROVED', '被访人确认接待', DATE_ADD(DATE_ADD(CURRENT_DATE(), INTERVAL -26 DAY), INTERVAL '07:15:00' HOUR_SECOND), 1),
(245, 120, 'DEPT_APPROVAL', 24, 'APPROVED', '部门审批通过，同意按预约时间入校', DATE_ADD(DATE_ADD(CURRENT_DATE(), INTERVAL -26 DAY), INTERVAL '07:30:00' HOUR_SECOND), 2),
(246, 120, 'SECURITY_CHECK', 25, 'APPROVED', '安保复核通过', DATE_ADD(DATE_ADD(CURRENT_DATE(), INTERVAL -26 DAY), INTERVAL '07:45:00' HOUR_SECOND), 3),
(247, 121, 'HOST_CONFIRM', 4, 'APPROVED', '被访人确认接待', DATE_ADD(DATE_ADD(CURRENT_DATE(), INTERVAL -25 DAY), INTERVAL '07:15:00' HOUR_SECOND), 1),
(248, 121, 'DEPT_APPROVAL', 19, 'APPROVED', '部门审批通过，同意按预约时间入校', DATE_ADD(DATE_ADD(CURRENT_DATE(), INTERVAL -25 DAY), INTERVAL '08:30:00' HOUR_SECOND), 2),
(249, 122, 'HOST_CONFIRM', 5, 'APPROVED', '被访人确认接待', DATE_ADD(DATE_ADD(CURRENT_DATE(), INTERVAL -24 DAY), INTERVAL '08:15:00' HOUR_SECOND), 1),
(250, 122, 'DEPT_APPROVAL', 20, 'APPROVED', '部门审批通过，同意按预约时间入校', DATE_ADD(DATE_ADD(CURRENT_DATE(), INTERVAL -24 DAY), INTERVAL '09:30:00' HOUR_SECOND), 2),
(251, 123, 'SYSTEM_BLACKLIST_CHECK', 1, 'REJECTED', '命中黑名单风险，系统拦截', DATE_ADD(DATE_ADD(CURRENT_DATE(), INTERVAL -23 DAY), INTERVAL '09:00:00' HOUR_SECOND), 0),
(252, 124, 'HOST_CONFIRM', 7, 'REJECTED', '来访时间与教学安排冲突', DATE_ADD(DATE_ADD(CURRENT_DATE(), INTERVAL -22 DAY), INTERVAL '10:20:00' HOUR_SECOND), 1),
(253, 125, 'HOST_CONFIRM', 8, 'APPROVED', '被访人确认接待', DATE_ADD(DATE_ADD(CURRENT_DATE(), INTERVAL -21 DAY), INTERVAL '11:15:00' HOUR_SECOND), 1),
(254, 125, 'DEPT_APPROVAL', 23, 'APPROVED', '部门审批通过，同意按预约时间入校', DATE_ADD(DATE_ADD(CURRENT_DATE(), INTERVAL -21 DAY), INTERVAL '12:30:00' HOUR_SECOND), 2),
(255, 126, 'HOST_CONFIRM', 9, 'APPROVED', '被访人确认接待', DATE_ADD(DATE_ADD(CURRENT_DATE(), INTERVAL -20 DAY), INTERVAL '12:15:00' HOUR_SECOND), 1),
(256, 126, 'DEPT_APPROVAL', 24, 'APPROVED', '部门审批通过，同意按预约时间入校', DATE_ADD(DATE_ADD(CURRENT_DATE(), INTERVAL -20 DAY), INTERVAL '13:30:00' HOUR_SECOND), 2),
(257, 127, 'HOST_CONFIRM', 10, 'APPROVED', '被访人确认接待', DATE_ADD(DATE_ADD(CURRENT_DATE(), INTERVAL -19 DAY), INTERVAL '13:15:00' HOUR_SECOND), 1),
(258, 127, 'DEPT_APPROVAL', 19, 'APPROVED', '部门审批通过，同意按预约时间入校', DATE_ADD(DATE_ADD(CURRENT_DATE(), INTERVAL -19 DAY), INTERVAL '14:30:00' HOUR_SECOND), 2),
(259, 128, 'HOST_CONFIRM', 11, 'APPROVED', '被访人确认接待', DATE_ADD(DATE_ADD(CURRENT_DATE(), INTERVAL -18 DAY), INTERVAL '07:15:00' HOUR_SECOND), 1),
(260, 128, 'DEPT_APPROVAL', 20, 'APPROVED', '部门审批通过，同意按预约时间入校', DATE_ADD(DATE_ADD(CURRENT_DATE(), INTERVAL -18 DAY), INTERVAL '07:30:00' HOUR_SECOND), 2),
(261, 128, 'SECURITY_CHECK', 28, 'APPROVED', '安保复核通过', DATE_ADD(DATE_ADD(CURRENT_DATE(), INTERVAL -18 DAY), INTERVAL '07:45:00' HOUR_SECOND), 3),
(262, 129, 'HOST_CONFIRM', 12, 'APPROVED', '被访人确认接待', DATE_ADD(DATE_ADD(CURRENT_DATE(), INTERVAL -17 DAY), INTERVAL '07:15:00' HOUR_SECOND), 1),
(263, 129, 'DEPT_APPROVAL', 21, 'APPROVED', '部门审批通过，同意按预约时间入校', DATE_ADD(DATE_ADD(CURRENT_DATE(), INTERVAL -17 DAY), INTERVAL '08:30:00' HOUR_SECOND), 2),
(264, 130, 'HOST_CONFIRM', 13, 'APPROVED', '被访人确认接待', DATE_ADD(DATE_ADD(CURRENT_DATE(), INTERVAL -16 DAY), INTERVAL '08:15:00' HOUR_SECOND), 1),
(265, 130, 'DEPT_APPROVAL', 22, 'APPROVED', '部门审批通过，同意按预约时间入校', DATE_ADD(DATE_ADD(CURRENT_DATE(), INTERVAL -16 DAY), INTERVAL '09:30:00' HOUR_SECOND), 2),
(266, 131, 'HOST_CONFIRM', 14, 'APPROVED', '被访人确认接待', DATE_ADD(DATE_ADD(CURRENT_DATE(), INTERVAL -15 DAY), INTERVAL '09:15:00' HOUR_SECOND), 1),
(267, 131, 'DEPT_APPROVAL', 24, 'APPROVED', '部门审批通过，同意按预约时间入校', DATE_ADD(DATE_ADD(CURRENT_DATE(), INTERVAL -15 DAY), INTERVAL '10:30:00' HOUR_SECOND), 2),
(268, 132, 'HOST_CONFIRM', 15, 'APPROVED', '被访人确认接待', DATE_ADD(DATE_ADD(CURRENT_DATE(), INTERVAL -14 DAY), INTERVAL '10:15:00' HOUR_SECOND), 1),
(269, 132, 'DEPT_APPROVAL', 24, 'APPROVED', '部门审批通过，同意按预约时间入校', DATE_ADD(DATE_ADD(CURRENT_DATE(), INTERVAL -14 DAY), INTERVAL '11:30:00' HOUR_SECOND), 2),
(270, 132, 'SECURITY_CHECK', 27, 'APPROVED', '安保复核通过', DATE_ADD(DATE_ADD(CURRENT_DATE(), INTERVAL -14 DAY), INTERVAL '11:45:00' HOUR_SECOND), 3),
(271, 133, 'HOST_CONFIRM', 16, 'APPROVED', '被访人确认接待', DATE_ADD(DATE_ADD(CURRENT_DATE(), INTERVAL -13 DAY), INTERVAL '11:15:00' HOUR_SECOND), 1),
(272, 133, 'DEPT_APPROVAL', 19, 'PENDING', '等待部门审批', DATE_ADD(DATE_ADD(CURRENT_DATE(), INTERVAL -13 DAY), INTERVAL '12:05:00' HOUR_SECOND), 2),
(273, 134, 'HOST_CONFIRM', 17, 'APPROVED', '被访人确认接待', DATE_ADD(DATE_ADD(CURRENT_DATE(), INTERVAL -12 DAY), INTERVAL '12:15:00' HOUR_SECOND), 1),
(274, 134, 'DEPT_APPROVAL', 20, 'APPROVED', '部门审批通过，同意按预约时间入校', DATE_ADD(DATE_ADD(CURRENT_DATE(), INTERVAL -12 DAY), INTERVAL '13:30:00' HOUR_SECOND), 2),
(275, 135, 'HOST_CONFIRM', 18, 'APPROVED', '被访人确认接待', DATE_ADD(DATE_ADD(CURRENT_DATE(), INTERVAL -11 DAY), INTERVAL '13:15:00' HOUR_SECOND), 1),
(276, 135, 'DEPT_APPROVAL', 21, 'APPROVED', '部门审批通过，同意按预约时间入校', DATE_ADD(DATE_ADD(CURRENT_DATE(), INTERVAL -11 DAY), INTERVAL '14:30:00' HOUR_SECOND), 2),
(277, 136, 'HOST_CONFIRM', 4, 'PENDING', '等待被访人确认', DATE_ADD(DATE_ADD(CURRENT_DATE(), INTERVAL -10 DAY), INTERVAL '07:10:00' HOUR_SECOND), 1),
(278, 137, 'HOST_CONFIRM', 5, 'APPROVED', '被访人确认接待', DATE_ADD(DATE_ADD(CURRENT_DATE(), INTERVAL -9 DAY), INTERVAL '07:15:00' HOUR_SECOND), 1),
(279, 137, 'DEPT_APPROVAL', 23, 'APPROVED', '部门审批通过，同意按预约时间入校', DATE_ADD(DATE_ADD(CURRENT_DATE(), INTERVAL -9 DAY), INTERVAL '08:30:00' HOUR_SECOND), 2),
(280, 138, 'HOST_CONFIRM', 6, 'APPROVED', '被访人确认接待', DATE_ADD(DATE_ADD(CURRENT_DATE(), INTERVAL -8 DAY), INTERVAL '08:15:00' HOUR_SECOND), 1),
(281, 138, 'DEPT_APPROVAL', 24, 'PENDING', '等待部门审批', DATE_ADD(DATE_ADD(CURRENT_DATE(), INTERVAL -8 DAY), INTERVAL '09:05:00' HOUR_SECOND), 2),
(282, 139, 'HOST_CONFIRM', 7, 'APPROVED', '被访人确认接待', DATE_ADD(DATE_ADD(CURRENT_DATE(), INTERVAL -7 DAY), INTERVAL '09:15:00' HOUR_SECOND), 1),
(283, 139, 'DEPT_APPROVAL', 19, 'APPROVED', '部门审批通过，同意按预约时间入校', DATE_ADD(DATE_ADD(CURRENT_DATE(), INTERVAL -7 DAY), INTERVAL '10:30:00' HOUR_SECOND), 2),
(284, 140, 'HOST_CONFIRM', 8, 'APPROVED', '被访人确认接待', DATE_ADD(DATE_ADD(CURRENT_DATE(), INTERVAL -6 DAY), INTERVAL '10:15:00' HOUR_SECOND), 1),
(285, 140, 'DEPT_APPROVAL', 20, 'APPROVED', '部门审批通过，同意按预约时间入校', DATE_ADD(DATE_ADD(CURRENT_DATE(), INTERVAL -6 DAY), INTERVAL '11:30:00' HOUR_SECOND), 2),
(286, 140, 'SECURITY_CHECK', 25, 'APPROVED', '安保复核通过', DATE_ADD(DATE_ADD(CURRENT_DATE(), INTERVAL -6 DAY), INTERVAL '11:45:00' HOUR_SECOND), 3),
(287, 141, 'HOST_CONFIRM', 9, 'APPROVED', '被访人确认接待', DATE_ADD(DATE_ADD(CURRENT_DATE(), INTERVAL -5 DAY), INTERVAL '11:15:00' HOUR_SECOND), 1),
(288, 141, 'DEPT_APPROVAL', 21, 'APPROVED', '部门审批通过，同意按预约时间入校', DATE_ADD(DATE_ADD(CURRENT_DATE(), INTERVAL -5 DAY), INTERVAL '12:30:00' HOUR_SECOND), 2),
(289, 142, 'HOST_CONFIRM', 10, 'APPROVED', '被访人确认接待', DATE_ADD(DATE_ADD(CURRENT_DATE(), INTERVAL -4 DAY), INTERVAL '12:15:00' HOUR_SECOND), 1),
(290, 142, 'DEPT_APPROVAL', 22, 'APPROVED', '部门审批通过，同意按预约时间入校', DATE_ADD(DATE_ADD(CURRENT_DATE(), INTERVAL -4 DAY), INTERVAL '13:30:00' HOUR_SECOND), 2),
(291, 143, 'HOST_CONFIRM', 11, 'APPROVED', '被访人确认接待', DATE_ADD(DATE_ADD(CURRENT_DATE(), INTERVAL -3 DAY), INTERVAL '13:15:00' HOUR_SECOND), 1),
(292, 143, 'DEPT_APPROVAL', 24, 'APPROVED', '部门审批通过，同意按预约时间入校', DATE_ADD(DATE_ADD(CURRENT_DATE(), INTERVAL -3 DAY), INTERVAL '14:30:00' HOUR_SECOND), 2),
(293, 144, 'HOST_CONFIRM', 12, 'APPROVED', '被访人确认接待', DATE_ADD(DATE_ADD(CURRENT_DATE(), INTERVAL -2 DAY), INTERVAL '07:15:00' HOUR_SECOND), 1),
(294, 144, 'DEPT_APPROVAL', 24, 'APPROVED', '部门审批通过，同意按预约时间入校', DATE_ADD(DATE_ADD(CURRENT_DATE(), INTERVAL -2 DAY), INTERVAL '07:30:00' HOUR_SECOND), 2),
(295, 144, 'SECURITY_CHECK', 29, 'APPROVED', '安保复核通过', DATE_ADD(DATE_ADD(CURRENT_DATE(), INTERVAL -2 DAY), INTERVAL '07:45:00' HOUR_SECOND), 3),
(296, 145, 'HOST_CONFIRM', 13, 'APPROVED', '被访人确认接待', DATE_ADD(DATE_ADD(CURRENT_DATE(), INTERVAL -1 DAY), INTERVAL '07:15:00' HOUR_SECOND), 1),
(297, 145, 'DEPT_APPROVAL', 19, 'REJECTED', '材料不完整或来访事由不充分', DATE_ADD(DATE_ADD(CURRENT_DATE(), INTERVAL -1 DAY), INTERVAL '08:30:00' HOUR_SECOND), 2),
(298, 146, 'HOST_CONFIRM', 14, 'APPROVED', '被访人确认接待', DATE_ADD(DATE_ADD(CURRENT_DATE(), INTERVAL 0 DAY), INTERVAL '08:15:00' HOUR_SECOND), 1),
(299, 146, 'DEPT_APPROVAL', 20, 'APPROVED', '部门审批通过，同意按预约时间入校', DATE_ADD(DATE_ADD(CURRENT_DATE(), INTERVAL 0 DAY), INTERVAL '09:30:00' HOUR_SECOND), 2),
(300, 147, 'HOST_CONFIRM', 15, 'APPROVED', '被访人确认接待', DATE_ADD(DATE_ADD(CURRENT_DATE(), INTERVAL 1 DAY), INTERVAL '09:15:00' HOUR_SECOND), 1);
INSERT INTO approval_record (id, apply_id, approval_step, approver_user_id, approval_result, approval_comment, approval_time, sort_order) VALUES
(301, 147, 'DEPT_APPROVAL', 21, 'APPROVED', '部门审批通过，同意按预约时间入校', DATE_ADD(DATE_ADD(CURRENT_DATE(), INTERVAL 1 DAY), INTERVAL '10:30:00' HOUR_SECOND), 2),
(302, 148, 'HOST_CONFIRM', 16, 'PENDING', '申请已由访客取消', DATE_ADD(DATE_ADD(CURRENT_DATE(), INTERVAL 2 DAY), INTERVAL '10:10:00' HOUR_SECOND), 1),
(303, 149, 'HOST_CONFIRM', 17, 'APPROVED', '被访人确认接待', DATE_ADD(DATE_ADD(CURRENT_DATE(), INTERVAL 3 DAY), INTERVAL '11:15:00' HOUR_SECOND), 1),
(304, 149, 'DEPT_APPROVAL', 23, 'APPROVED', '部门审批通过，同意按预约时间入校', DATE_ADD(DATE_ADD(CURRENT_DATE(), INTERVAL 3 DAY), INTERVAL '12:30:00' HOUR_SECOND), 2),
(305, 150, 'HOST_CONFIRM', 18, 'APPROVED', '被访人确认接待', DATE_ADD(DATE_ADD(CURRENT_DATE(), INTERVAL 4 DAY), INTERVAL '12:15:00' HOUR_SECOND), 1),
(306, 150, 'DEPT_APPROVAL', 24, 'APPROVED', '部门审批通过，同意按预约时间入校', DATE_ADD(DATE_ADD(CURRENT_DATE(), INTERVAL 4 DAY), INTERVAL '13:30:00' HOUR_SECOND), 2),
(307, 151, 'HOST_CONFIRM', 4, 'APPROVED', '被访人确认接待', DATE_ADD(DATE_ADD(CURRENT_DATE(), INTERVAL 5 DAY), INTERVAL '13:15:00' HOUR_SECOND), 1),
(308, 151, 'DEPT_APPROVAL', 19, 'APPROVED', '部门审批通过，同意按预约时间入校', DATE_ADD(DATE_ADD(CURRENT_DATE(), INTERVAL 5 DAY), INTERVAL '14:30:00' HOUR_SECOND), 2),
(309, 152, 'HOST_CONFIRM', 5, 'APPROVED', '被访人确认接待', DATE_ADD(DATE_ADD(CURRENT_DATE(), INTERVAL 6 DAY), INTERVAL '07:15:00' HOUR_SECOND), 1),
(310, 152, 'DEPT_APPROVAL', 20, 'PENDING', '等待部门审批', DATE_ADD(DATE_ADD(CURRENT_DATE(), INTERVAL 6 DAY), INTERVAL '07:05:00' HOUR_SECOND), 2),
(311, 153, 'HOST_CONFIRM', 6, 'PENDING', '等待被访人确认', DATE_ADD(DATE_ADD(CURRENT_DATE(), INTERVAL 7 DAY), INTERVAL '07:10:00' HOUR_SECOND), 1),
(312, 154, 'HOST_CONFIRM', 7, 'APPROVED', '被访人确认接待', DATE_ADD(DATE_ADD(CURRENT_DATE(), INTERVAL -29 DAY), INTERVAL '08:15:00' HOUR_SECOND), 1),
(313, 154, 'DEPT_APPROVAL', 22, 'APPROVED', '部门审批通过，同意按预约时间入校', DATE_ADD(DATE_ADD(CURRENT_DATE(), INTERVAL -29 DAY), INTERVAL '09:30:00' HOUR_SECOND), 2),
(314, 155, 'HOST_CONFIRM', 8, 'REJECTED', '来访时间与教学安排冲突', DATE_ADD(DATE_ADD(CURRENT_DATE(), INTERVAL -28 DAY), INTERVAL '09:20:00' HOUR_SECOND), 1),
(315, 156, 'HOST_CONFIRM', 9, 'APPROVED', '被访人确认接待', DATE_ADD(DATE_ADD(CURRENT_DATE(), INTERVAL -27 DAY), INTERVAL '10:15:00' HOUR_SECOND), 1),
(316, 156, 'DEPT_APPROVAL', 24, 'APPROVED', '部门审批通过，同意按预约时间入校', DATE_ADD(DATE_ADD(CURRENT_DATE(), INTERVAL -27 DAY), INTERVAL '11:30:00' HOUR_SECOND), 2),
(317, 156, 'SECURITY_CHECK', 26, 'APPROVED', '安保复核通过', DATE_ADD(DATE_ADD(CURRENT_DATE(), INTERVAL -27 DAY), INTERVAL '11:45:00' HOUR_SECOND), 3),
(318, 157, 'HOST_CONFIRM', 10, 'APPROVED', '被访人确认接待', DATE_ADD(DATE_ADD(CURRENT_DATE(), INTERVAL -26 DAY), INTERVAL '11:15:00' HOUR_SECOND), 1),
(319, 157, 'DEPT_APPROVAL', 19, 'APPROVED', '部门审批通过，同意按预约时间入校', DATE_ADD(DATE_ADD(CURRENT_DATE(), INTERVAL -26 DAY), INTERVAL '12:30:00' HOUR_SECOND), 2),
(320, 158, 'HOST_CONFIRM', 11, 'APPROVED', '被访人确认接待', DATE_ADD(DATE_ADD(CURRENT_DATE(), INTERVAL -25 DAY), INTERVAL '12:15:00' HOUR_SECOND), 1),
(321, 158, 'DEPT_APPROVAL', 20, 'APPROVED', '部门审批通过，同意按预约时间入校', DATE_ADD(DATE_ADD(CURRENT_DATE(), INTERVAL -25 DAY), INTERVAL '13:30:00' HOUR_SECOND), 2),
(322, 159, 'HOST_CONFIRM', 12, 'APPROVED', '被访人确认接待', DATE_ADD(DATE_ADD(CURRENT_DATE(), INTERVAL -24 DAY), INTERVAL '13:15:00' HOUR_SECOND), 1),
(323, 159, 'DEPT_APPROVAL', 21, 'APPROVED', '部门审批通过，同意按预约时间入校', DATE_ADD(DATE_ADD(CURRENT_DATE(), INTERVAL -24 DAY), INTERVAL '14:30:00' HOUR_SECOND), 2),
(324, 160, 'HOST_CONFIRM', 13, 'APPROVED', '被访人确认接待', DATE_ADD(DATE_ADD(CURRENT_DATE(), INTERVAL -23 DAY), INTERVAL '07:15:00' HOUR_SECOND), 1),
(325, 160, 'DEPT_APPROVAL', 22, 'APPROVED', '部门审批通过，同意按预约时间入校', DATE_ADD(DATE_ADD(CURRENT_DATE(), INTERVAL -23 DAY), INTERVAL '07:30:00' HOUR_SECOND), 2),
(326, 160, 'SECURITY_CHECK', 25, 'APPROVED', '安保复核通过', DATE_ADD(DATE_ADD(CURRENT_DATE(), INTERVAL -23 DAY), INTERVAL '07:45:00' HOUR_SECOND), 3),
(327, 161, 'HOST_CONFIRM', 14, 'APPROVED', '被访人确认接待', DATE_ADD(DATE_ADD(CURRENT_DATE(), INTERVAL -22 DAY), INTERVAL '07:15:00' HOUR_SECOND), 1),
(328, 161, 'DEPT_APPROVAL', 23, 'PENDING', '等待部门审批', DATE_ADD(DATE_ADD(CURRENT_DATE(), INTERVAL -22 DAY), INTERVAL '08:05:00' HOUR_SECOND), 2),
(329, 162, 'HOST_CONFIRM', 15, 'APPROVED', '被访人确认接待', DATE_ADD(DATE_ADD(CURRENT_DATE(), INTERVAL -21 DAY), INTERVAL '08:15:00' HOUR_SECOND), 1),
(330, 162, 'DEPT_APPROVAL', 24, 'APPROVED', '部门审批通过，同意按预约时间入校', DATE_ADD(DATE_ADD(CURRENT_DATE(), INTERVAL -21 DAY), INTERVAL '09:30:00' HOUR_SECOND), 2),
(331, 163, 'HOST_CONFIRM', 16, 'APPROVED', '被访人确认接待', DATE_ADD(DATE_ADD(CURRENT_DATE(), INTERVAL -20 DAY), INTERVAL '09:15:00' HOUR_SECOND), 1),
(332, 163, 'DEPT_APPROVAL', 19, 'APPROVED', '部门审批通过，同意按预约时间入校', DATE_ADD(DATE_ADD(CURRENT_DATE(), INTERVAL -20 DAY), INTERVAL '10:30:00' HOUR_SECOND), 2),
(333, 164, 'SYSTEM_BLACKLIST_CHECK', 1, 'REJECTED', '命中黑名单风险，系统拦截', DATE_ADD(DATE_ADD(CURRENT_DATE(), INTERVAL -19 DAY), INTERVAL '10:00:00' HOUR_SECOND), 0),
(334, 165, 'HOST_CONFIRM', 18, 'APPROVED', '被访人确认接待', DATE_ADD(DATE_ADD(CURRENT_DATE(), INTERVAL -18 DAY), INTERVAL '11:15:00' HOUR_SECOND), 1),
(335, 165, 'DEPT_APPROVAL', 21, 'APPROVED', '部门审批通过，同意按预约时间入校', DATE_ADD(DATE_ADD(CURRENT_DATE(), INTERVAL -18 DAY), INTERVAL '12:30:00' HOUR_SECOND), 2),
(336, 166, 'HOST_CONFIRM', 4, 'APPROVED', '被访人确认接待', DATE_ADD(DATE_ADD(CURRENT_DATE(), INTERVAL -17 DAY), INTERVAL '12:15:00' HOUR_SECOND), 1),
(337, 166, 'DEPT_APPROVAL', 22, 'APPROVED', '部门审批通过，同意按预约时间入校', DATE_ADD(DATE_ADD(CURRENT_DATE(), INTERVAL -17 DAY), INTERVAL '13:30:00' HOUR_SECOND), 2),
(338, 167, 'HOST_CONFIRM', 5, 'APPROVED', '被访人确认接待', DATE_ADD(DATE_ADD(CURRENT_DATE(), INTERVAL -16 DAY), INTERVAL '13:15:00' HOUR_SECOND), 1),
(339, 167, 'DEPT_APPROVAL', 24, 'APPROVED', '部门审批通过，同意按预约时间入校', DATE_ADD(DATE_ADD(CURRENT_DATE(), INTERVAL -16 DAY), INTERVAL '14:30:00' HOUR_SECOND), 2),
(340, 168, 'HOST_CONFIRM', 6, 'APPROVED', '被访人确认接待', DATE_ADD(DATE_ADD(CURRENT_DATE(), INTERVAL -15 DAY), INTERVAL '07:15:00' HOUR_SECOND), 1),
(341, 168, 'DEPT_APPROVAL', 24, 'APPROVED', '部门审批通过，同意按预约时间入校', DATE_ADD(DATE_ADD(CURRENT_DATE(), INTERVAL -15 DAY), INTERVAL '07:30:00' HOUR_SECOND), 2),
(342, 168, 'SECURITY_CHECK', 28, 'APPROVED', '安保复核通过', DATE_ADD(DATE_ADD(CURRENT_DATE(), INTERVAL -15 DAY), INTERVAL '07:45:00' HOUR_SECOND), 3),
(343, 169, 'HOST_CONFIRM', 7, 'APPROVED', '被访人确认接待', DATE_ADD(DATE_ADD(CURRENT_DATE(), INTERVAL -14 DAY), INTERVAL '07:15:00' HOUR_SECOND), 1),
(344, 169, 'DEPT_APPROVAL', 19, 'APPROVED', '部门审批通过，同意按预约时间入校', DATE_ADD(DATE_ADD(CURRENT_DATE(), INTERVAL -14 DAY), INTERVAL '08:30:00' HOUR_SECOND), 2),
(345, 170, 'HOST_CONFIRM', 8, 'PENDING', '等待被访人确认', DATE_ADD(DATE_ADD(CURRENT_DATE(), INTERVAL -13 DAY), INTERVAL '08:10:00' HOUR_SECOND), 1),
(346, 171, 'HOST_CONFIRM', 9, 'APPROVED', '被访人确认接待', DATE_ADD(DATE_ADD(CURRENT_DATE(), INTERVAL -12 DAY), INTERVAL '09:15:00' HOUR_SECOND), 1),
(347, 171, 'DEPT_APPROVAL', 21, 'PENDING', '等待部门审批', DATE_ADD(DATE_ADD(CURRENT_DATE(), INTERVAL -12 DAY), INTERVAL '10:05:00' HOUR_SECOND), 2),
(348, 172, 'HOST_CONFIRM', 10, 'APPROVED', '被访人确认接待', DATE_ADD(DATE_ADD(CURRENT_DATE(), INTERVAL -11 DAY), INTERVAL '10:15:00' HOUR_SECOND), 1),
(349, 172, 'DEPT_APPROVAL', 22, 'APPROVED', '部门审批通过，同意按预约时间入校', DATE_ADD(DATE_ADD(CURRENT_DATE(), INTERVAL -11 DAY), INTERVAL '11:30:00' HOUR_SECOND), 2),
(350, 172, 'SECURITY_CHECK', 27, 'APPROVED', '安保复核通过', DATE_ADD(DATE_ADD(CURRENT_DATE(), INTERVAL -11 DAY), INTERVAL '11:45:00' HOUR_SECOND), 3),
(351, 173, 'HOST_CONFIRM', 11, 'APPROVED', '被访人确认接待', DATE_ADD(DATE_ADD(CURRENT_DATE(), INTERVAL -10 DAY), INTERVAL '11:15:00' HOUR_SECOND), 1),
(352, 173, 'DEPT_APPROVAL', 23, 'APPROVED', '部门审批通过，同意按预约时间入校', DATE_ADD(DATE_ADD(CURRENT_DATE(), INTERVAL -10 DAY), INTERVAL '12:30:00' HOUR_SECOND), 2),
(353, 174, 'HOST_CONFIRM', 12, 'APPROVED', '被访人确认接待', DATE_ADD(DATE_ADD(CURRENT_DATE(), INTERVAL -9 DAY), INTERVAL '12:15:00' HOUR_SECOND), 1),
(354, 174, 'DEPT_APPROVAL', 24, 'RETURNED', '材料不完整或来访事由不充分', DATE_ADD(DATE_ADD(CURRENT_DATE(), INTERVAL -9 DAY), INTERVAL '13:30:00' HOUR_SECOND), 2),
(355, 175, 'HOST_CONFIRM', 13, 'APPROVED', '被访人确认接待', DATE_ADD(DATE_ADD(CURRENT_DATE(), INTERVAL -8 DAY), INTERVAL '13:15:00' HOUR_SECOND), 1),
(356, 175, 'DEPT_APPROVAL', 19, 'APPROVED', '部门审批通过，同意按预约时间入校', DATE_ADD(DATE_ADD(CURRENT_DATE(), INTERVAL -8 DAY), INTERVAL '14:30:00' HOUR_SECOND), 2),
(357, 176, 'HOST_CONFIRM', 14, 'APPROVED', '被访人确认接待', DATE_ADD(DATE_ADD(CURRENT_DATE(), INTERVAL -7 DAY), INTERVAL '07:15:00' HOUR_SECOND), 1),
(358, 176, 'DEPT_APPROVAL', 20, 'APPROVED', '部门审批通过，同意按预约时间入校', DATE_ADD(DATE_ADD(CURRENT_DATE(), INTERVAL -7 DAY), INTERVAL '07:30:00' HOUR_SECOND), 2),
(359, 176, 'SECURITY_CHECK', 26, 'APPROVED', '安保复核通过', DATE_ADD(DATE_ADD(CURRENT_DATE(), INTERVAL -7 DAY), INTERVAL '07:45:00' HOUR_SECOND), 3),
(360, 177, 'HOST_CONFIRM', 15, 'APPROVED', '被访人确认接待', DATE_ADD(DATE_ADD(CURRENT_DATE(), INTERVAL -6 DAY), INTERVAL '07:15:00' HOUR_SECOND), 1),
(361, 177, 'DEPT_APPROVAL', 21, 'APPROVED', '部门审批通过，同意按预约时间入校', DATE_ADD(DATE_ADD(CURRENT_DATE(), INTERVAL -6 DAY), INTERVAL '08:30:00' HOUR_SECOND), 2),
(362, 178, 'HOST_CONFIRM', 16, 'APPROVED', '被访人确认接待', DATE_ADD(DATE_ADD(CURRENT_DATE(), INTERVAL -5 DAY), INTERVAL '08:15:00' HOUR_SECOND), 1),
(363, 178, 'DEPT_APPROVAL', 22, 'APPROVED', '部门审批通过，同意按预约时间入校', DATE_ADD(DATE_ADD(CURRENT_DATE(), INTERVAL -5 DAY), INTERVAL '09:30:00' HOUR_SECOND), 2),
(364, 179, 'HOST_CONFIRM', 17, 'APPROVED', '被访人确认接待', DATE_ADD(DATE_ADD(CURRENT_DATE(), INTERVAL -4 DAY), INTERVAL '09:15:00' HOUR_SECOND), 1),
(365, 179, 'DEPT_APPROVAL', 24, 'APPROVED', '部门审批通过，同意按预约时间入校', DATE_ADD(DATE_ADD(CURRENT_DATE(), INTERVAL -4 DAY), INTERVAL '10:30:00' HOUR_SECOND), 2),
(366, 180, 'HOST_CONFIRM', 18, 'APPROVED', '被访人确认接待', DATE_ADD(DATE_ADD(CURRENT_DATE(), INTERVAL -3 DAY), INTERVAL '10:15:00' HOUR_SECOND), 1),
(367, 180, 'DEPT_APPROVAL', 24, 'APPROVED', '部门审批通过，同意按预约时间入校', DATE_ADD(DATE_ADD(CURRENT_DATE(), INTERVAL -3 DAY), INTERVAL '11:30:00' HOUR_SECOND), 2),
(368, 180, 'SECURITY_CHECK', 25, 'APPROVED', '安保复核通过', DATE_ADD(DATE_ADD(CURRENT_DATE(), INTERVAL -3 DAY), INTERVAL '11:45:00' HOUR_SECOND), 3),
(369, 181, 'HOST_CONFIRM', 4, 'APPROVED', '被访人确认接待', DATE_ADD(DATE_ADD(CURRENT_DATE(), INTERVAL -2 DAY), INTERVAL '11:15:00' HOUR_SECOND), 1),
(370, 181, 'DEPT_APPROVAL', 19, 'APPROVED', '部门审批通过，同意按预约时间入校', DATE_ADD(DATE_ADD(CURRENT_DATE(), INTERVAL -2 DAY), INTERVAL '12:30:00' HOUR_SECOND), 2),
(371, 182, 'HOST_CONFIRM', 5, 'APPROVED', '被访人确认接待', DATE_ADD(DATE_ADD(CURRENT_DATE(), INTERVAL -1 DAY), INTERVAL '12:15:00' HOUR_SECOND), 1),
(372, 182, 'DEPT_APPROVAL', 20, 'APPROVED', '部门审批通过，同意按预约时间入校', DATE_ADD(DATE_ADD(CURRENT_DATE(), INTERVAL -1 DAY), INTERVAL '13:30:00' HOUR_SECOND), 2),
(373, 183, 'HOST_CONFIRM', 6, 'APPROVED', '被访人确认接待', DATE_ADD(DATE_ADD(CURRENT_DATE(), INTERVAL 0 DAY), INTERVAL '13:15:00' HOUR_SECOND), 1),
(374, 183, 'DEPT_APPROVAL', 21, 'APPROVED', '部门审批通过，同意按预约时间入校', DATE_ADD(DATE_ADD(CURRENT_DATE(), INTERVAL 0 DAY), INTERVAL '14:30:00' HOUR_SECOND), 2),
(375, 184, 'HOST_CONFIRM', 7, 'APPROVED', '被访人确认接待', DATE_ADD(DATE_ADD(CURRENT_DATE(), INTERVAL 1 DAY), INTERVAL '07:15:00' HOUR_SECOND), 1),
(376, 184, 'DEPT_APPROVAL', 22, 'PENDING', '等待部门审批', DATE_ADD(DATE_ADD(CURRENT_DATE(), INTERVAL 1 DAY), INTERVAL '07:05:00' HOUR_SECOND), 2),
(377, 185, 'HOST_CONFIRM', 8, 'PENDING', '申请已由访客取消', DATE_ADD(DATE_ADD(CURRENT_DATE(), INTERVAL 2 DAY), INTERVAL '07:10:00' HOUR_SECOND), 1),
(378, 186, 'HOST_CONFIRM', 9, 'REJECTED', '来访时间与教学安排冲突', DATE_ADD(DATE_ADD(CURRENT_DATE(), INTERVAL 3 DAY), INTERVAL '08:20:00' HOUR_SECOND), 1),
(379, 187, 'HOST_CONFIRM', 10, 'PENDING', '等待被访人确认', DATE_ADD(DATE_ADD(CURRENT_DATE(), INTERVAL 4 DAY), INTERVAL '09:10:00' HOUR_SECOND), 1),
(380, 188, 'HOST_CONFIRM', 11, 'APPROVED', '被访人确认接待', DATE_ADD(DATE_ADD(CURRENT_DATE(), INTERVAL 5 DAY), INTERVAL '10:15:00' HOUR_SECOND), 1),
(381, 188, 'DEPT_APPROVAL', 20, 'APPROVED', '部门审批通过，同意按预约时间入校', DATE_ADD(DATE_ADD(CURRENT_DATE(), INTERVAL 5 DAY), INTERVAL '11:30:00' HOUR_SECOND), 2),
(382, 188, 'SECURITY_CHECK', 28, 'APPROVED', '安保复核通过', DATE_ADD(DATE_ADD(CURRENT_DATE(), INTERVAL 5 DAY), INTERVAL '11:45:00' HOUR_SECOND), 3),
(383, 189, 'HOST_CONFIRM', 12, 'APPROVED', '被访人确认接待', DATE_ADD(DATE_ADD(CURRENT_DATE(), INTERVAL 6 DAY), INTERVAL '11:15:00' HOUR_SECOND), 1),
(384, 189, 'DEPT_APPROVAL', 21, 'APPROVED', '部门审批通过，同意按预约时间入校', DATE_ADD(DATE_ADD(CURRENT_DATE(), INTERVAL 6 DAY), INTERVAL '12:30:00' HOUR_SECOND), 2),
(385, 190, 'HOST_CONFIRM', 13, 'APPROVED', '被访人确认接待', DATE_ADD(DATE_ADD(CURRENT_DATE(), INTERVAL 7 DAY), INTERVAL '12:15:00' HOUR_SECOND), 1),
(386, 190, 'DEPT_APPROVAL', 22, 'PENDING', '等待部门审批', DATE_ADD(DATE_ADD(CURRENT_DATE(), INTERVAL 7 DAY), INTERVAL '13:05:00' HOUR_SECOND), 2),
(387, 191, 'HOST_CONFIRM', 14, 'APPROVED', '被访人确认接待', DATE_ADD(DATE_ADD(CURRENT_DATE(), INTERVAL -29 DAY), INTERVAL '13:15:00' HOUR_SECOND), 1),
(388, 191, 'DEPT_APPROVAL', 24, 'APPROVED', '部门审批通过，同意按预约时间入校', DATE_ADD(DATE_ADD(CURRENT_DATE(), INTERVAL -29 DAY), INTERVAL '14:30:00' HOUR_SECOND), 2),
(389, 192, 'HOST_CONFIRM', 15, 'APPROVED', '被访人确认接待', DATE_ADD(DATE_ADD(CURRENT_DATE(), INTERVAL -28 DAY), INTERVAL '07:15:00' HOUR_SECOND), 1),
(390, 192, 'DEPT_APPROVAL', 24, 'APPROVED', '部门审批通过，同意按预约时间入校', DATE_ADD(DATE_ADD(CURRENT_DATE(), INTERVAL -28 DAY), INTERVAL '07:30:00' HOUR_SECOND), 2),
(391, 192, 'SECURITY_CHECK', 27, 'APPROVED', '安保复核通过', DATE_ADD(DATE_ADD(CURRENT_DATE(), INTERVAL -28 DAY), INTERVAL '07:45:00' HOUR_SECOND), 3),
(392, 193, 'HOST_CONFIRM', 16, 'APPROVED', '被访人确认接待', DATE_ADD(DATE_ADD(CURRENT_DATE(), INTERVAL -27 DAY), INTERVAL '07:15:00' HOUR_SECOND), 1),
(393, 193, 'DEPT_APPROVAL', 19, 'APPROVED', '部门审批通过，同意按预约时间入校', DATE_ADD(DATE_ADD(CURRENT_DATE(), INTERVAL -27 DAY), INTERVAL '08:30:00' HOUR_SECOND), 2),
(394, 194, 'HOST_CONFIRM', 17, 'APPROVED', '被访人确认接待', DATE_ADD(DATE_ADD(CURRENT_DATE(), INTERVAL -26 DAY), INTERVAL '08:15:00' HOUR_SECOND), 1),
(395, 194, 'DEPT_APPROVAL', 20, 'APPROVED', '部门审批通过，同意按预约时间入校', DATE_ADD(DATE_ADD(CURRENT_DATE(), INTERVAL -26 DAY), INTERVAL '09:30:00' HOUR_SECOND), 2),
(396, 195, 'HOST_CONFIRM', 18, 'APPROVED', '被访人确认接待', DATE_ADD(DATE_ADD(CURRENT_DATE(), INTERVAL -25 DAY), INTERVAL '09:15:00' HOUR_SECOND), 1),
(397, 195, 'DEPT_APPROVAL', 21, 'APPROVED', '部门审批通过，同意按预约时间入校', DATE_ADD(DATE_ADD(CURRENT_DATE(), INTERVAL -25 DAY), INTERVAL '10:30:00' HOUR_SECOND), 2),
(398, 196, 'HOST_CONFIRM', 4, 'APPROVED', '被访人确认接待', DATE_ADD(DATE_ADD(CURRENT_DATE(), INTERVAL -24 DAY), INTERVAL '10:15:00' HOUR_SECOND), 1),
(399, 196, 'DEPT_APPROVAL', 22, 'APPROVED', '部门审批通过，同意按预约时间入校', DATE_ADD(DATE_ADD(CURRENT_DATE(), INTERVAL -24 DAY), INTERVAL '11:30:00' HOUR_SECOND), 2),
(400, 196, 'SECURITY_CHECK', 26, 'APPROVED', '安保复核通过', DATE_ADD(DATE_ADD(CURRENT_DATE(), INTERVAL -24 DAY), INTERVAL '11:45:00' HOUR_SECOND), 3);
INSERT INTO approval_record (id, apply_id, approval_step, approver_user_id, approval_result, approval_comment, approval_time, sort_order) VALUES
(401, 197, 'HOST_CONFIRM', 5, 'APPROVED', '被访人确认接待', DATE_ADD(DATE_ADD(CURRENT_DATE(), INTERVAL -23 DAY), INTERVAL '11:15:00' HOUR_SECOND), 1),
(402, 197, 'DEPT_APPROVAL', 23, 'APPROVED', '部门审批通过，同意按预约时间入校', DATE_ADD(DATE_ADD(CURRENT_DATE(), INTERVAL -23 DAY), INTERVAL '12:30:00' HOUR_SECOND), 2),
(403, 198, 'HOST_CONFIRM', 6, 'APPROVED', '被访人确认接待', DATE_ADD(DATE_ADD(CURRENT_DATE(), INTERVAL -22 DAY), INTERVAL '12:15:00' HOUR_SECOND), 1),
(404, 198, 'DEPT_APPROVAL', 24, 'APPROVED', '部门审批通过，同意按预约时间入校', DATE_ADD(DATE_ADD(CURRENT_DATE(), INTERVAL -22 DAY), INTERVAL '13:30:00' HOUR_SECOND), 2),
(405, 199, 'HOST_CONFIRM', 7, 'APPROVED', '被访人确认接待', DATE_ADD(DATE_ADD(CURRENT_DATE(), INTERVAL -21 DAY), INTERVAL '13:15:00' HOUR_SECOND), 1),
(406, 199, 'DEPT_APPROVAL', 19, 'APPROVED', '部门审批通过，同意按预约时间入校', DATE_ADD(DATE_ADD(CURRENT_DATE(), INTERVAL -21 DAY), INTERVAL '14:30:00' HOUR_SECOND), 2),
(407, 200, 'HOST_CONFIRM', 8, 'APPROVED', '被访人确认接待', DATE_ADD(DATE_ADD(CURRENT_DATE(), INTERVAL -20 DAY), INTERVAL '07:15:00' HOUR_SECOND), 1),
(408, 200, 'DEPT_APPROVAL', 20, 'APPROVED', '部门审批通过，同意按预约时间入校', DATE_ADD(DATE_ADD(CURRENT_DATE(), INTERVAL -20 DAY), INTERVAL '07:30:00' HOUR_SECOND), 2),
(409, 200, 'SECURITY_CHECK', 25, 'APPROVED', '安保复核通过', DATE_ADD(DATE_ADD(CURRENT_DATE(), INTERVAL -20 DAY), INTERVAL '07:45:00' HOUR_SECOND), 3),
(410, 201, 'HOST_CONFIRM', 9, 'APPROVED', '被访人确认接待', DATE_ADD(DATE_ADD(CURRENT_DATE(), INTERVAL -19 DAY), INTERVAL '07:15:00' HOUR_SECOND), 1),
(411, 201, 'DEPT_APPROVAL', 21, 'APPROVED', '部门审批通过，同意按预约时间入校', DATE_ADD(DATE_ADD(CURRENT_DATE(), INTERVAL -19 DAY), INTERVAL '08:30:00' HOUR_SECOND), 2),
(412, 202, 'HOST_CONFIRM', 10, 'APPROVED', '被访人确认接待', DATE_ADD(DATE_ADD(CURRENT_DATE(), INTERVAL -18 DAY), INTERVAL '08:15:00' HOUR_SECOND), 1),
(413, 202, 'DEPT_APPROVAL', 22, 'APPROVED', '部门审批通过，同意按预约时间入校', DATE_ADD(DATE_ADD(CURRENT_DATE(), INTERVAL -18 DAY), INTERVAL '09:30:00' HOUR_SECOND), 2),
(414, 203, 'HOST_CONFIRM', 11, 'APPROVED', '被访人确认接待', DATE_ADD(DATE_ADD(CURRENT_DATE(), INTERVAL -17 DAY), INTERVAL '09:15:00' HOUR_SECOND), 1),
(415, 203, 'DEPT_APPROVAL', 24, 'REJECTED', '材料不完整或来访事由不充分', DATE_ADD(DATE_ADD(CURRENT_DATE(), INTERVAL -17 DAY), INTERVAL '10:30:00' HOUR_SECOND), 2),
(416, 204, 'HOST_CONFIRM', 12, 'PENDING', '等待被访人确认', DATE_ADD(DATE_ADD(CURRENT_DATE(), INTERVAL -16 DAY), INTERVAL '10:10:00' HOUR_SECOND), 1),
(417, 205, 'SYSTEM_BLACKLIST_CHECK', 1, 'REJECTED', '命中黑名单风险，系统拦截', DATE_ADD(DATE_ADD(CURRENT_DATE(), INTERVAL -15 DAY), INTERVAL '11:00:00' HOUR_SECOND), 0),
(418, 206, 'HOST_CONFIRM', 14, 'APPROVED', '被访人确认接待', DATE_ADD(DATE_ADD(CURRENT_DATE(), INTERVAL -14 DAY), INTERVAL '12:15:00' HOUR_SECOND), 1),
(419, 206, 'DEPT_APPROVAL', 20, 'APPROVED', '部门审批通过，同意按预约时间入校', DATE_ADD(DATE_ADD(CURRENT_DATE(), INTERVAL -14 DAY), INTERVAL '13:30:00' HOUR_SECOND), 2),
(420, 207, 'HOST_CONFIRM', 15, 'APPROVED', '被访人确认接待', DATE_ADD(DATE_ADD(CURRENT_DATE(), INTERVAL -13 DAY), INTERVAL '13:15:00' HOUR_SECOND), 1),
(421, 207, 'DEPT_APPROVAL', 21, 'PENDING', '等待部门审批', DATE_ADD(DATE_ADD(CURRENT_DATE(), INTERVAL -13 DAY), INTERVAL '14:05:00' HOUR_SECOND), 2),
(422, 208, 'HOST_CONFIRM', 16, 'APPROVED', '被访人确认接待', DATE_ADD(DATE_ADD(CURRENT_DATE(), INTERVAL -12 DAY), INTERVAL '07:15:00' HOUR_SECOND), 1),
(423, 208, 'DEPT_APPROVAL', 22, 'APPROVED', '部门审批通过，同意按预约时间入校', DATE_ADD(DATE_ADD(CURRENT_DATE(), INTERVAL -12 DAY), INTERVAL '07:30:00' HOUR_SECOND), 2),
(424, 208, 'SECURITY_CHECK', 28, 'APPROVED', '安保复核通过', DATE_ADD(DATE_ADD(CURRENT_DATE(), INTERVAL -12 DAY), INTERVAL '07:45:00' HOUR_SECOND), 3),
(425, 209, 'HOST_CONFIRM', 17, 'APPROVED', '被访人确认接待', DATE_ADD(DATE_ADD(CURRENT_DATE(), INTERVAL -11 DAY), INTERVAL '07:15:00' HOUR_SECOND), 1),
(426, 209, 'DEPT_APPROVAL', 23, 'PENDING', '等待部门审批', DATE_ADD(DATE_ADD(CURRENT_DATE(), INTERVAL -11 DAY), INTERVAL '08:05:00' HOUR_SECOND), 2),
(427, 210, 'HOST_CONFIRM', 18, 'APPROVED', '被访人确认接待', DATE_ADD(DATE_ADD(CURRENT_DATE(), INTERVAL -10 DAY), INTERVAL '08:15:00' HOUR_SECOND), 1),
(428, 210, 'DEPT_APPROVAL', 24, 'APPROVED', '部门审批通过，同意按预约时间入校', DATE_ADD(DATE_ADD(CURRENT_DATE(), INTERVAL -10 DAY), INTERVAL '09:30:00' HOUR_SECOND), 2),
(429, 211, 'HOST_CONFIRM', 4, 'APPROVED', '被访人确认接待', DATE_ADD(DATE_ADD(CURRENT_DATE(), INTERVAL -9 DAY), INTERVAL '09:15:00' HOUR_SECOND), 1),
(430, 211, 'DEPT_APPROVAL', 19, 'APPROVED', '部门审批通过，同意按预约时间入校', DATE_ADD(DATE_ADD(CURRENT_DATE(), INTERVAL -9 DAY), INTERVAL '10:30:00' HOUR_SECOND), 2),
(431, 212, 'HOST_CONFIRM', 5, 'APPROVED', '被访人确认接待', DATE_ADD(DATE_ADD(CURRENT_DATE(), INTERVAL -8 DAY), INTERVAL '10:15:00' HOUR_SECOND), 1),
(432, 212, 'DEPT_APPROVAL', 20, 'APPROVED', '部门审批通过，同意按预约时间入校', DATE_ADD(DATE_ADD(CURRENT_DATE(), INTERVAL -8 DAY), INTERVAL '11:30:00' HOUR_SECOND), 2),
(433, 212, 'SECURITY_CHECK', 27, 'APPROVED', '安保复核通过', DATE_ADD(DATE_ADD(CURRENT_DATE(), INTERVAL -8 DAY), INTERVAL '11:45:00' HOUR_SECOND), 3),
(434, 213, 'HOST_CONFIRM', 6, 'APPROVED', '被访人确认接待', DATE_ADD(DATE_ADD(CURRENT_DATE(), INTERVAL -7 DAY), INTERVAL '11:15:00' HOUR_SECOND), 1),
(435, 213, 'DEPT_APPROVAL', 21, 'APPROVED', '部门审批通过，同意按预约时间入校', DATE_ADD(DATE_ADD(CURRENT_DATE(), INTERVAL -7 DAY), INTERVAL '12:30:00' HOUR_SECOND), 2),
(436, 214, 'HOST_CONFIRM', 7, 'APPROVED', '被访人确认接待', DATE_ADD(DATE_ADD(CURRENT_DATE(), INTERVAL -6 DAY), INTERVAL '12:15:00' HOUR_SECOND), 1),
(437, 214, 'DEPT_APPROVAL', 22, 'APPROVED', '部门审批通过，同意按预约时间入校', DATE_ADD(DATE_ADD(CURRENT_DATE(), INTERVAL -6 DAY), INTERVAL '13:30:00' HOUR_SECOND), 2),
(438, 215, 'HOST_CONFIRM', 8, 'APPROVED', '被访人确认接待', DATE_ADD(DATE_ADD(CURRENT_DATE(), INTERVAL -5 DAY), INTERVAL '13:15:00' HOUR_SECOND), 1),
(439, 215, 'DEPT_APPROVAL', 24, 'APPROVED', '部门审批通过，同意按预约时间入校', DATE_ADD(DATE_ADD(CURRENT_DATE(), INTERVAL -5 DAY), INTERVAL '14:30:00' HOUR_SECOND), 2),
(440, 216, 'HOST_CONFIRM', 9, 'APPROVED', '被访人确认接待', DATE_ADD(DATE_ADD(CURRENT_DATE(), INTERVAL -4 DAY), INTERVAL '07:15:00' HOUR_SECOND), 1),
(441, 216, 'DEPT_APPROVAL', 24, 'APPROVED', '部门审批通过，同意按预约时间入校', DATE_ADD(DATE_ADD(CURRENT_DATE(), INTERVAL -4 DAY), INTERVAL '07:30:00' HOUR_SECOND), 2),
(442, 216, 'SECURITY_CHECK', 26, 'APPROVED', '安保复核通过', DATE_ADD(DATE_ADD(CURRENT_DATE(), INTERVAL -4 DAY), INTERVAL '07:45:00' HOUR_SECOND), 3),
(443, 217, 'HOST_CONFIRM', 10, 'REJECTED', '来访时间与教学安排冲突', DATE_ADD(DATE_ADD(CURRENT_DATE(), INTERVAL -3 DAY), INTERVAL '07:20:00' HOUR_SECOND), 1),
(444, 218, 'HOST_CONFIRM', 11, 'APPROVED', '被访人确认接待', DATE_ADD(DATE_ADD(CURRENT_DATE(), INTERVAL -2 DAY), INTERVAL '08:15:00' HOUR_SECOND), 1),
(445, 218, 'DEPT_APPROVAL', 20, 'APPROVED', '部门审批通过，同意按预约时间入校', DATE_ADD(DATE_ADD(CURRENT_DATE(), INTERVAL -2 DAY), INTERVAL '09:30:00' HOUR_SECOND), 2),
(446, 219, 'HOST_CONFIRM', 12, 'APPROVED', '被访人确认接待', DATE_ADD(DATE_ADD(CURRENT_DATE(), INTERVAL -1 DAY), INTERVAL '09:15:00' HOUR_SECOND), 1),
(447, 219, 'DEPT_APPROVAL', 21, 'APPROVED', '部门审批通过，同意按预约时间入校', DATE_ADD(DATE_ADD(CURRENT_DATE(), INTERVAL -1 DAY), INTERVAL '10:30:00' HOUR_SECOND), 2),
(448, 220, 'HOST_CONFIRM', 13, 'APPROVED', '被访人确认接待', DATE_ADD(DATE_ADD(CURRENT_DATE(), INTERVAL 0 DAY), INTERVAL '10:15:00' HOUR_SECOND), 1),
(449, 220, 'DEPT_APPROVAL', 22, 'APPROVED', '部门审批通过，同意按预约时间入校', DATE_ADD(DATE_ADD(CURRENT_DATE(), INTERVAL 0 DAY), INTERVAL '11:30:00' HOUR_SECOND), 2),
(450, 220, 'SECURITY_CHECK', 25, 'APPROVED', '安保复核通过', DATE_ADD(DATE_ADD(CURRENT_DATE(), INTERVAL 0 DAY), INTERVAL '11:45:00' HOUR_SECOND), 3);

INSERT INTO pass_code (id, apply_id, pass_code, qr_content, valid_from, valid_to, pass_status, used_time, verify_count) VALUES
(1, 1, 'PC100001', 'QR:CQUPT:PC100001:APPLY:1', DATE_ADD(DATE_ADD(CURRENT_DATE(), INTERVAL 0 DAY), INTERVAL '08:00:00' HOUR_SECOND), DATE_ADD(DATE_ADD(CURRENT_DATE(), INTERVAL 0 DAY), INTERVAL '11:30:00' HOUR_SECOND), 'USED', DATE_ADD(DATE_ADD(CURRENT_DATE(), INTERVAL 0 DAY), INTERVAL '09:10:00' HOUR_SECOND), 1),
(2, 2, 'PC100002', 'QR:CQUPT:PC100002:APPLY:2', DATE_ADD(DATE_ADD(CURRENT_DATE(), INTERVAL 0 DAY), INTERVAL '09:00:00' HOUR_SECOND), DATE_ADD(DATE_ADD(CURRENT_DATE(), INTERVAL 0 DAY), INTERVAL '13:30:00' HOUR_SECOND), 'USED', DATE_ADD(DATE_ADD(CURRENT_DATE(), INTERVAL 0 DAY), INTERVAL '10:10:00' HOUR_SECOND), 1),
(3, 3, 'PC100003', 'QR:CQUPT:PC100003:APPLY:3', DATE_ADD(DATE_ADD(CURRENT_DATE(), INTERVAL 0 DAY), INTERVAL '10:00:00' HOUR_SECOND), DATE_ADD(DATE_ADD(CURRENT_DATE(), INTERVAL 0 DAY), INTERVAL '15:30:00' HOUR_SECOND), 'VALID', NULL, 0),
(4, 4, 'PC100004', 'QR:CQUPT:PC100004:APPLY:4', DATE_ADD(DATE_ADD(CURRENT_DATE(), INTERVAL 0 DAY), INTERVAL '11:00:00' HOUR_SECOND), DATE_ADD(DATE_ADD(CURRENT_DATE(), INTERVAL 0 DAY), INTERVAL '17:30:00' HOUR_SECOND), 'USED', DATE_ADD(DATE_ADD(CURRENT_DATE(), INTERVAL 0 DAY), INTERVAL '12:10:00' HOUR_SECOND), 1),
(5, 11, 'PC100005', 'QR:CQUPT:PC100005:APPLY:11', DATE_ADD(DATE_ADD(CURRENT_DATE(), INTERVAL 0 DAY), INTERVAL '10:00:00' HOUR_SECOND), DATE_ADD(DATE_ADD(CURRENT_DATE(), INTERVAL 0 DAY), INTERVAL '17:30:00' HOUR_SECOND), 'VALID', NULL, 0),
(6, 12, 'PC100006', 'QR:CQUPT:PC100006:APPLY:12', DATE_ADD(DATE_ADD(CURRENT_DATE(), INTERVAL 0 DAY), INTERVAL '11:00:00' HOUR_SECOND), DATE_ADD(DATE_ADD(CURRENT_DATE(), INTERVAL 0 DAY), INTERVAL '13:30:00' HOUR_SECOND), 'USED', DATE_ADD(DATE_ADD(CURRENT_DATE(), INTERVAL 0 DAY), INTERVAL '12:10:00' HOUR_SECOND), 1),
(7, 13, 'PC100007', 'QR:CQUPT:PC100007:APPLY:13', DATE_ADD(DATE_ADD(CURRENT_DATE(), INTERVAL 0 DAY), INTERVAL '12:00:00' HOUR_SECOND), DATE_ADD(DATE_ADD(CURRENT_DATE(), INTERVAL 0 DAY), INTERVAL '15:30:00' HOUR_SECOND), 'USED', DATE_ADD(DATE_ADD(CURRENT_DATE(), INTERVAL 0 DAY), INTERVAL '13:10:00' HOUR_SECOND), 1),
(8, 14, 'PC100008', 'QR:CQUPT:PC100008:APPLY:14', DATE_ADD(DATE_ADD(CURRENT_DATE(), INTERVAL 0 DAY), INTERVAL '13:00:00' HOUR_SECOND), DATE_ADD(DATE_ADD(CURRENT_DATE(), INTERVAL 0 DAY), INTERVAL '17:30:00' HOUR_SECOND), 'USED', DATE_ADD(DATE_ADD(CURRENT_DATE(), INTERVAL 0 DAY), INTERVAL '14:10:00' HOUR_SECOND), 1),
(9, 15, 'PC100009', 'QR:CQUPT:PC100009:APPLY:15', DATE_ADD(DATE_ADD(CURRENT_DATE(), INTERVAL 0 DAY), INTERVAL '14:00:00' HOUR_SECOND), DATE_ADD(DATE_ADD(CURRENT_DATE(), INTERVAL 0 DAY), INTERVAL '19:30:00' HOUR_SECOND), 'VALID', NULL, 0),
(10, 18, 'PC100010', 'QR:CQUPT:PC100010:APPLY:18', DATE_ADD(DATE_ADD(CURRENT_DATE(), INTERVAL 0 DAY), INTERVAL '09:00:00' HOUR_SECOND), DATE_ADD(DATE_ADD(CURRENT_DATE(), INTERVAL 0 DAY), INTERVAL '11:30:00' HOUR_SECOND), 'USED', DATE_ADD(DATE_ADD(CURRENT_DATE(), INTERVAL 0 DAY), INTERVAL '10:10:00' HOUR_SECOND), 1),
(11, 20, 'PC100011', 'QR:CQUPT:PC100011:APPLY:20', DATE_ADD(DATE_ADD(CURRENT_DATE(), INTERVAL -10 DAY), INTERVAL '11:00:00' HOUR_SECOND), DATE_ADD(DATE_ADD(CURRENT_DATE(), INTERVAL -10 DAY), INTERVAL '15:30:00' HOUR_SECOND), 'USED', DATE_ADD(DATE_ADD(CURRENT_DATE(), INTERVAL -10 DAY), INTERVAL '12:10:00' HOUR_SECOND), 1),
(12, 21, 'PC100012', 'QR:CQUPT:PC100012:APPLY:21', DATE_ADD(DATE_ADD(CURRENT_DATE(), INTERVAL -9 DAY), INTERVAL '12:00:00' HOUR_SECOND), DATE_ADD(DATE_ADD(CURRENT_DATE(), INTERVAL -9 DAY), INTERVAL '17:30:00' HOUR_SECOND), 'USED', DATE_ADD(DATE_ADD(CURRENT_DATE(), INTERVAL -9 DAY), INTERVAL '13:10:00' HOUR_SECOND), 1),
(13, 22, 'PC100013', 'QR:CQUPT:PC100013:APPLY:22', DATE_ADD(DATE_ADD(CURRENT_DATE(), INTERVAL -8 DAY), INTERVAL '13:00:00' HOUR_SECOND), DATE_ADD(DATE_ADD(CURRENT_DATE(), INTERVAL -8 DAY), INTERVAL '19:30:00' HOUR_SECOND), 'USED', DATE_ADD(DATE_ADD(CURRENT_DATE(), INTERVAL -8 DAY), INTERVAL '14:10:00' HOUR_SECOND), 1),
(14, 24, 'PC100014', 'QR:CQUPT:PC100014:APPLY:24', DATE_ADD(DATE_ADD(CURRENT_DATE(), INTERVAL -6 DAY), INTERVAL '07:00:00' HOUR_SECOND), DATE_ADD(DATE_ADD(CURRENT_DATE(), INTERVAL -6 DAY), INTERVAL '09:30:00' HOUR_SECOND), 'USED', DATE_ADD(DATE_ADD(CURRENT_DATE(), INTERVAL -6 DAY), INTERVAL '08:10:00' HOUR_SECOND), 1),
(15, 25, 'PC100015', 'QR:CQUPT:PC100015:APPLY:25', DATE_ADD(DATE_ADD(CURRENT_DATE(), INTERVAL -5 DAY), INTERVAL '08:00:00' HOUR_SECOND), DATE_ADD(DATE_ADD(CURRENT_DATE(), INTERVAL -5 DAY), INTERVAL '11:30:00' HOUR_SECOND), 'USED', DATE_ADD(DATE_ADD(CURRENT_DATE(), INTERVAL -5 DAY), INTERVAL '09:10:00' HOUR_SECOND), 1),
(16, 26, 'PC100016', 'QR:CQUPT:PC100016:APPLY:26', DATE_ADD(DATE_ADD(CURRENT_DATE(), INTERVAL -4 DAY), INTERVAL '09:00:00' HOUR_SECOND), DATE_ADD(DATE_ADD(CURRENT_DATE(), INTERVAL -4 DAY), INTERVAL '13:30:00' HOUR_SECOND), 'USED', DATE_ADD(DATE_ADD(CURRENT_DATE(), INTERVAL -4 DAY), INTERVAL '10:10:00' HOUR_SECOND), 1),
(17, 27, 'PC100017', 'QR:CQUPT:PC100017:APPLY:27', DATE_ADD(DATE_ADD(CURRENT_DATE(), INTERVAL -3 DAY), INTERVAL '10:00:00' HOUR_SECOND), DATE_ADD(DATE_ADD(CURRENT_DATE(), INTERVAL -3 DAY), INTERVAL '15:30:00' HOUR_SECOND), 'USED', DATE_ADD(DATE_ADD(CURRENT_DATE(), INTERVAL -3 DAY), INTERVAL '11:10:00' HOUR_SECOND), 1),
(18, 28, 'PC100018', 'QR:CQUPT:PC100018:APPLY:28', DATE_ADD(DATE_ADD(CURRENT_DATE(), INTERVAL -2 DAY), INTERVAL '11:00:00' HOUR_SECOND), DATE_ADD(DATE_ADD(CURRENT_DATE(), INTERVAL -2 DAY), INTERVAL '17:30:00' HOUR_SECOND), 'USED', DATE_ADD(DATE_ADD(CURRENT_DATE(), INTERVAL -2 DAY), INTERVAL '12:10:00' HOUR_SECOND), 1),
(19, 30, 'PC100019', 'QR:CQUPT:PC100019:APPLY:30', DATE_ADD(DATE_ADD(CURRENT_DATE(), INTERVAL 0 DAY), INTERVAL '13:00:00' HOUR_SECOND), DATE_ADD(DATE_ADD(CURRENT_DATE(), INTERVAL 0 DAY), INTERVAL '15:30:00' HOUR_SECOND), 'USED', DATE_ADD(DATE_ADD(CURRENT_DATE(), INTERVAL 0 DAY), INTERVAL '14:10:00' HOUR_SECOND), 1),
(20, 32, 'PC100020', 'QR:CQUPT:PC100020:APPLY:32', DATE_ADD(DATE_ADD(CURRENT_DATE(), INTERVAL 2 DAY), INTERVAL '07:00:00' HOUR_SECOND), DATE_ADD(DATE_ADD(CURRENT_DATE(), INTERVAL 2 DAY), INTERVAL '11:30:00' HOUR_SECOND), 'VALID', NULL, 0),
(21, 33, 'PC100021', 'QR:CQUPT:PC100021:APPLY:33', DATE_ADD(DATE_ADD(CURRENT_DATE(), INTERVAL 3 DAY), INTERVAL '08:00:00' HOUR_SECOND), DATE_ADD(DATE_ADD(CURRENT_DATE(), INTERVAL 3 DAY), INTERVAL '13:30:00' HOUR_SECOND), 'VALID', NULL, 0),
(22, 35, 'PC100022', 'QR:CQUPT:PC100022:APPLY:35', DATE_ADD(DATE_ADD(CURRENT_DATE(), INTERVAL 5 DAY), INTERVAL '10:00:00' HOUR_SECOND), DATE_ADD(DATE_ADD(CURRENT_DATE(), INTERVAL 5 DAY), INTERVAL '17:30:00' HOUR_SECOND), 'VALID', NULL, 0),
(23, 36, 'PC100023', 'QR:CQUPT:PC100023:APPLY:36', DATE_ADD(DATE_ADD(CURRENT_DATE(), INTERVAL 6 DAY), INTERVAL '11:00:00' HOUR_SECOND), DATE_ADD(DATE_ADD(CURRENT_DATE(), INTERVAL 6 DAY), INTERVAL '13:30:00' HOUR_SECOND), 'VALID', NULL, 0),
(24, 39, 'PC100024', 'QR:CQUPT:PC100024:APPLY:39', DATE_ADD(DATE_ADD(CURRENT_DATE(), INTERVAL 9 DAY), INTERVAL '14:00:00' HOUR_SECOND), DATE_ADD(DATE_ADD(CURRENT_DATE(), INTERVAL 9 DAY), INTERVAL '19:30:00' HOUR_SECOND), 'VALID', NULL, 0),
(25, 40, 'PC100025', 'QR:CQUPT:PC100025:APPLY:40', DATE_ADD(DATE_ADD(CURRENT_DATE(), INTERVAL 10 DAY), INTERVAL '07:00:00' HOUR_SECOND), DATE_ADD(DATE_ADD(CURRENT_DATE(), INTERVAL 10 DAY), INTERVAL '13:30:00' HOUR_SECOND), 'VALID', NULL, 0),
(26, 42, 'PC100026', 'QR:CQUPT:PC100026:APPLY:42', DATE_ADD(DATE_ADD(CURRENT_DATE(), INTERVAL 12 DAY), INTERVAL '09:00:00' HOUR_SECOND), DATE_ADD(DATE_ADD(CURRENT_DATE(), INTERVAL 12 DAY), INTERVAL '11:30:00' HOUR_SECOND), 'VALID', NULL, 0),
(27, 43, 'PC100027', 'QR:CQUPT:PC100027:APPLY:43', DATE_ADD(DATE_ADD(CURRENT_DATE(), INTERVAL -29 DAY), INTERVAL '10:00:00' HOUR_SECOND), DATE_ADD(DATE_ADD(CURRENT_DATE(), INTERVAL -29 DAY), INTERVAL '13:30:00' HOUR_SECOND), 'USED', DATE_ADD(DATE_ADD(CURRENT_DATE(), INTERVAL -29 DAY), INTERVAL '11:10:00' HOUR_SECOND), 1),
(28, 44, 'PC100028', 'QR:CQUPT:PC100028:APPLY:44', DATE_ADD(DATE_ADD(CURRENT_DATE(), INTERVAL -28 DAY), INTERVAL '11:00:00' HOUR_SECOND), DATE_ADD(DATE_ADD(CURRENT_DATE(), INTERVAL -28 DAY), INTERVAL '15:30:00' HOUR_SECOND), 'USED', DATE_ADD(DATE_ADD(CURRENT_DATE(), INTERVAL -28 DAY), INTERVAL '12:10:00' HOUR_SECOND), 1),
(29, 45, 'PC100029', 'QR:CQUPT:PC100029:APPLY:45', DATE_ADD(DATE_ADD(CURRENT_DATE(), INTERVAL -27 DAY), INTERVAL '12:00:00' HOUR_SECOND), DATE_ADD(DATE_ADD(CURRENT_DATE(), INTERVAL -27 DAY), INTERVAL '17:30:00' HOUR_SECOND), 'USED', DATE_ADD(DATE_ADD(CURRENT_DATE(), INTERVAL -27 DAY), INTERVAL '13:10:00' HOUR_SECOND), 1),
(30, 47, 'PC100030', 'QR:CQUPT:PC100030:APPLY:47', DATE_ADD(DATE_ADD(CURRENT_DATE(), INTERVAL -25 DAY), INTERVAL '14:00:00' HOUR_SECOND), DATE_ADD(DATE_ADD(CURRENT_DATE(), INTERVAL -25 DAY), INTERVAL '21:30:00' HOUR_SECOND), 'USED', DATE_ADD(DATE_ADD(CURRENT_DATE(), INTERVAL -25 DAY), INTERVAL '15:10:00' HOUR_SECOND), 1),
(31, 48, 'PC100031', 'QR:CQUPT:PC100031:APPLY:48', DATE_ADD(DATE_ADD(CURRENT_DATE(), INTERVAL -24 DAY), INTERVAL '07:00:00' HOUR_SECOND), DATE_ADD(DATE_ADD(CURRENT_DATE(), INTERVAL -24 DAY), INTERVAL '09:30:00' HOUR_SECOND), 'USED', DATE_ADD(DATE_ADD(CURRENT_DATE(), INTERVAL -24 DAY), INTERVAL '08:10:00' HOUR_SECOND), 1),
(32, 49, 'PC100032', 'QR:CQUPT:PC100032:APPLY:49', DATE_ADD(DATE_ADD(CURRENT_DATE(), INTERVAL -23 DAY), INTERVAL '08:00:00' HOUR_SECOND), DATE_ADD(DATE_ADD(CURRENT_DATE(), INTERVAL -23 DAY), INTERVAL '11:30:00' HOUR_SECOND), 'USED', DATE_ADD(DATE_ADD(CURRENT_DATE(), INTERVAL -23 DAY), INTERVAL '09:10:00' HOUR_SECOND), 1),
(33, 50, 'PC100033', 'QR:CQUPT:PC100033:APPLY:50', DATE_ADD(DATE_ADD(CURRENT_DATE(), INTERVAL -22 DAY), INTERVAL '09:00:00' HOUR_SECOND), DATE_ADD(DATE_ADD(CURRENT_DATE(), INTERVAL -22 DAY), INTERVAL '13:30:00' HOUR_SECOND), 'USED', DATE_ADD(DATE_ADD(CURRENT_DATE(), INTERVAL -22 DAY), INTERVAL '10:10:00' HOUR_SECOND), 1),
(34, 52, 'PC100034', 'QR:CQUPT:PC100034:APPLY:52', DATE_ADD(DATE_ADD(CURRENT_DATE(), INTERVAL -20 DAY), INTERVAL '11:00:00' HOUR_SECOND), DATE_ADD(DATE_ADD(CURRENT_DATE(), INTERVAL -20 DAY), INTERVAL '17:30:00' HOUR_SECOND), 'USED', DATE_ADD(DATE_ADD(CURRENT_DATE(), INTERVAL -20 DAY), INTERVAL '12:10:00' HOUR_SECOND), 1),
(35, 53, 'PC100035', 'QR:CQUPT:PC100035:APPLY:53', DATE_ADD(DATE_ADD(CURRENT_DATE(), INTERVAL -19 DAY), INTERVAL '12:00:00' HOUR_SECOND), DATE_ADD(DATE_ADD(CURRENT_DATE(), INTERVAL -19 DAY), INTERVAL '19:30:00' HOUR_SECOND), 'USED', DATE_ADD(DATE_ADD(CURRENT_DATE(), INTERVAL -19 DAY), INTERVAL '13:10:00' HOUR_SECOND), 1),
(36, 54, 'PC100036', 'QR:CQUPT:PC100036:APPLY:54', DATE_ADD(DATE_ADD(CURRENT_DATE(), INTERVAL -18 DAY), INTERVAL '13:00:00' HOUR_SECOND), DATE_ADD(DATE_ADD(CURRENT_DATE(), INTERVAL -18 DAY), INTERVAL '15:30:00' HOUR_SECOND), 'USED', DATE_ADD(DATE_ADD(CURRENT_DATE(), INTERVAL -18 DAY), INTERVAL '14:10:00' HOUR_SECOND), 1),
(37, 55, 'PC100037', 'QR:CQUPT:PC100037:APPLY:55', DATE_ADD(DATE_ADD(CURRENT_DATE(), INTERVAL -17 DAY), INTERVAL '14:00:00' HOUR_SECOND), DATE_ADD(DATE_ADD(CURRENT_DATE(), INTERVAL -17 DAY), INTERVAL '17:30:00' HOUR_SECOND), 'USED', DATE_ADD(DATE_ADD(CURRENT_DATE(), INTERVAL -17 DAY), INTERVAL '15:10:00' HOUR_SECOND), 1),
(38, 56, 'PC100038', 'QR:CQUPT:PC100038:APPLY:56', DATE_ADD(DATE_ADD(CURRENT_DATE(), INTERVAL -16 DAY), INTERVAL '07:00:00' HOUR_SECOND), DATE_ADD(DATE_ADD(CURRENT_DATE(), INTERVAL -16 DAY), INTERVAL '11:30:00' HOUR_SECOND), 'USED', DATE_ADD(DATE_ADD(CURRENT_DATE(), INTERVAL -16 DAY), INTERVAL '08:10:00' HOUR_SECOND), 1),
(39, 59, 'PC100039', 'QR:CQUPT:PC100039:APPLY:59', DATE_ADD(DATE_ADD(CURRENT_DATE(), INTERVAL -13 DAY), INTERVAL '10:00:00' HOUR_SECOND), DATE_ADD(DATE_ADD(CURRENT_DATE(), INTERVAL -13 DAY), INTERVAL '17:30:00' HOUR_SECOND), 'USED', DATE_ADD(DATE_ADD(CURRENT_DATE(), INTERVAL -13 DAY), INTERVAL '11:10:00' HOUR_SECOND), 1),
(40, 60, 'PC100040', 'QR:CQUPT:PC100040:APPLY:60', DATE_ADD(DATE_ADD(CURRENT_DATE(), INTERVAL -12 DAY), INTERVAL '11:00:00' HOUR_SECOND), DATE_ADD(DATE_ADD(CURRENT_DATE(), INTERVAL -12 DAY), INTERVAL '13:30:00' HOUR_SECOND), 'USED', DATE_ADD(DATE_ADD(CURRENT_DATE(), INTERVAL -12 DAY), INTERVAL '12:10:00' HOUR_SECOND), 1),
(41, 61, 'PC100041', 'QR:CQUPT:PC100041:APPLY:61', DATE_ADD(DATE_ADD(CURRENT_DATE(), INTERVAL -11 DAY), INTERVAL '12:00:00' HOUR_SECOND), DATE_ADD(DATE_ADD(CURRENT_DATE(), INTERVAL -11 DAY), INTERVAL '15:30:00' HOUR_SECOND), 'USED', DATE_ADD(DATE_ADD(CURRENT_DATE(), INTERVAL -11 DAY), INTERVAL '13:10:00' HOUR_SECOND), 1),
(42, 63, 'PC100042', 'QR:CQUPT:PC100042:APPLY:63', DATE_ADD(DATE_ADD(CURRENT_DATE(), INTERVAL -9 DAY), INTERVAL '14:00:00' HOUR_SECOND), DATE_ADD(DATE_ADD(CURRENT_DATE(), INTERVAL -9 DAY), INTERVAL '19:30:00' HOUR_SECOND), 'USED', DATE_ADD(DATE_ADD(CURRENT_DATE(), INTERVAL -9 DAY), INTERVAL '15:10:00' HOUR_SECOND), 1),
(43, 64, 'PC100043', 'QR:CQUPT:PC100043:APPLY:64', DATE_ADD(DATE_ADD(CURRENT_DATE(), INTERVAL -8 DAY), INTERVAL '07:00:00' HOUR_SECOND), DATE_ADD(DATE_ADD(CURRENT_DATE(), INTERVAL -8 DAY), INTERVAL '13:30:00' HOUR_SECOND), 'USED', DATE_ADD(DATE_ADD(CURRENT_DATE(), INTERVAL -8 DAY), INTERVAL '08:10:00' HOUR_SECOND), 1),
(44, 65, 'PC100044', 'QR:CQUPT:PC100044:APPLY:65', DATE_ADD(DATE_ADD(CURRENT_DATE(), INTERVAL -7 DAY), INTERVAL '08:00:00' HOUR_SECOND), DATE_ADD(DATE_ADD(CURRENT_DATE(), INTERVAL -7 DAY), INTERVAL '15:30:00' HOUR_SECOND), 'USED', DATE_ADD(DATE_ADD(CURRENT_DATE(), INTERVAL -7 DAY), INTERVAL '09:10:00' HOUR_SECOND), 1),
(45, 66, 'PC100045', 'QR:CQUPT:PC100045:APPLY:66', DATE_ADD(DATE_ADD(CURRENT_DATE(), INTERVAL -6 DAY), INTERVAL '09:00:00' HOUR_SECOND), DATE_ADD(DATE_ADD(CURRENT_DATE(), INTERVAL -6 DAY), INTERVAL '11:30:00' HOUR_SECOND), 'USED', DATE_ADD(DATE_ADD(CURRENT_DATE(), INTERVAL -6 DAY), INTERVAL '10:10:00' HOUR_SECOND), 1),
(46, 67, 'PC100046', 'QR:CQUPT:PC100046:APPLY:67', DATE_ADD(DATE_ADD(CURRENT_DATE(), INTERVAL -5 DAY), INTERVAL '10:00:00' HOUR_SECOND), DATE_ADD(DATE_ADD(CURRENT_DATE(), INTERVAL -5 DAY), INTERVAL '13:30:00' HOUR_SECOND), 'USED', DATE_ADD(DATE_ADD(CURRENT_DATE(), INTERVAL -5 DAY), INTERVAL '11:10:00' HOUR_SECOND), 1),
(47, 70, 'PC100047', 'QR:CQUPT:PC100047:APPLY:70', DATE_ADD(DATE_ADD(CURRENT_DATE(), INTERVAL -2 DAY), INTERVAL '13:00:00' HOUR_SECOND), DATE_ADD(DATE_ADD(CURRENT_DATE(), INTERVAL -2 DAY), INTERVAL '19:30:00' HOUR_SECOND), 'USED', DATE_ADD(DATE_ADD(CURRENT_DATE(), INTERVAL -2 DAY), INTERVAL '14:10:00' HOUR_SECOND), 1),
(48, 71, 'PC100048', 'QR:CQUPT:PC100048:APPLY:71', DATE_ADD(DATE_ADD(CURRENT_DATE(), INTERVAL -1 DAY), INTERVAL '14:00:00' HOUR_SECOND), DATE_ADD(DATE_ADD(CURRENT_DATE(), INTERVAL -1 DAY), INTERVAL '21:30:00' HOUR_SECOND), 'USED', DATE_ADD(DATE_ADD(CURRENT_DATE(), INTERVAL -1 DAY), INTERVAL '15:10:00' HOUR_SECOND), 1),
(49, 72, 'PC100049', 'QR:CQUPT:PC100049:APPLY:72', DATE_ADD(DATE_ADD(CURRENT_DATE(), INTERVAL 0 DAY), INTERVAL '07:00:00' HOUR_SECOND), DATE_ADD(DATE_ADD(CURRENT_DATE(), INTERVAL 0 DAY), INTERVAL '09:30:00' HOUR_SECOND), 'USED', DATE_ADD(DATE_ADD(CURRENT_DATE(), INTERVAL 0 DAY), INTERVAL '08:10:00' HOUR_SECOND), 1),
(50, 73, 'PC100050', 'QR:CQUPT:PC100050:APPLY:73', DATE_ADD(DATE_ADD(CURRENT_DATE(), INTERVAL 1 DAY), INTERVAL '08:00:00' HOUR_SECOND), DATE_ADD(DATE_ADD(CURRENT_DATE(), INTERVAL 1 DAY), INTERVAL '11:30:00' HOUR_SECOND), 'VALID', NULL, 0),
(51, 75, 'PC100051', 'QR:CQUPT:PC100051:APPLY:75', DATE_ADD(DATE_ADD(CURRENT_DATE(), INTERVAL 3 DAY), INTERVAL '10:00:00' HOUR_SECOND), DATE_ADD(DATE_ADD(CURRENT_DATE(), INTERVAL 3 DAY), INTERVAL '15:30:00' HOUR_SECOND), 'VALID', NULL, 0),
(52, 77, 'PC100052', 'QR:CQUPT:PC100052:APPLY:77', DATE_ADD(DATE_ADD(CURRENT_DATE(), INTERVAL 5 DAY), INTERVAL '12:00:00' HOUR_SECOND), DATE_ADD(DATE_ADD(CURRENT_DATE(), INTERVAL 5 DAY), INTERVAL '19:30:00' HOUR_SECOND), 'VALID', NULL, 0),
(53, 78, 'PC100053', 'QR:CQUPT:PC100053:APPLY:78', DATE_ADD(DATE_ADD(CURRENT_DATE(), INTERVAL 6 DAY), INTERVAL '13:00:00' HOUR_SECOND), DATE_ADD(DATE_ADD(CURRENT_DATE(), INTERVAL 6 DAY), INTERVAL '15:30:00' HOUR_SECOND), 'VALID', NULL, 0),
(54, 79, 'PC100054', 'QR:CQUPT:PC100054:APPLY:79', DATE_ADD(DATE_ADD(CURRENT_DATE(), INTERVAL 7 DAY), INTERVAL '14:00:00' HOUR_SECOND), DATE_ADD(DATE_ADD(CURRENT_DATE(), INTERVAL 7 DAY), INTERVAL '17:30:00' HOUR_SECOND), 'VALID', NULL, 0),
(55, 80, 'PC100055', 'QR:CQUPT:PC100055:APPLY:80', DATE_ADD(DATE_ADD(CURRENT_DATE(), INTERVAL -29 DAY), INTERVAL '07:00:00' HOUR_SECOND), DATE_ADD(DATE_ADD(CURRENT_DATE(), INTERVAL -29 DAY), INTERVAL '11:30:00' HOUR_SECOND), 'USED', DATE_ADD(DATE_ADD(CURRENT_DATE(), INTERVAL -29 DAY), INTERVAL '08:10:00' HOUR_SECOND), 1),
(56, 81, 'PC100056', 'QR:CQUPT:PC100056:APPLY:81', DATE_ADD(DATE_ADD(CURRENT_DATE(), INTERVAL -28 DAY), INTERVAL '08:00:00' HOUR_SECOND), DATE_ADD(DATE_ADD(CURRENT_DATE(), INTERVAL -28 DAY), INTERVAL '13:30:00' HOUR_SECOND), 'USED', DATE_ADD(DATE_ADD(CURRENT_DATE(), INTERVAL -28 DAY), INTERVAL '09:10:00' HOUR_SECOND), 1),
(57, 83, 'PC100057', 'QR:CQUPT:PC100057:APPLY:83', DATE_ADD(DATE_ADD(CURRENT_DATE(), INTERVAL -26 DAY), INTERVAL '10:00:00' HOUR_SECOND), DATE_ADD(DATE_ADD(CURRENT_DATE(), INTERVAL -26 DAY), INTERVAL '17:30:00' HOUR_SECOND), 'USED', DATE_ADD(DATE_ADD(CURRENT_DATE(), INTERVAL -26 DAY), INTERVAL '11:10:00' HOUR_SECOND), 1),
(58, 84, 'PC100058', 'QR:CQUPT:PC100058:APPLY:84', DATE_ADD(DATE_ADD(CURRENT_DATE(), INTERVAL -25 DAY), INTERVAL '11:00:00' HOUR_SECOND), DATE_ADD(DATE_ADD(CURRENT_DATE(), INTERVAL -25 DAY), INTERVAL '13:30:00' HOUR_SECOND), 'USED', DATE_ADD(DATE_ADD(CURRENT_DATE(), INTERVAL -25 DAY), INTERVAL '12:10:00' HOUR_SECOND), 1),
(59, 86, 'PC100059', 'QR:CQUPT:PC100059:APPLY:86', DATE_ADD(DATE_ADD(CURRENT_DATE(), INTERVAL -23 DAY), INTERVAL '13:00:00' HOUR_SECOND), DATE_ADD(DATE_ADD(CURRENT_DATE(), INTERVAL -23 DAY), INTERVAL '17:30:00' HOUR_SECOND), 'USED', DATE_ADD(DATE_ADD(CURRENT_DATE(), INTERVAL -23 DAY), INTERVAL '14:10:00' HOUR_SECOND), 1),
(60, 88, 'PC100060', 'QR:CQUPT:PC100060:APPLY:88', DATE_ADD(DATE_ADD(CURRENT_DATE(), INTERVAL -21 DAY), INTERVAL '07:00:00' HOUR_SECOND), DATE_ADD(DATE_ADD(CURRENT_DATE(), INTERVAL -21 DAY), INTERVAL '13:30:00' HOUR_SECOND), 'USED', DATE_ADD(DATE_ADD(CURRENT_DATE(), INTERVAL -21 DAY), INTERVAL '08:10:00' HOUR_SECOND), 1),
(61, 89, 'PC100061', 'QR:CQUPT:PC100061:APPLY:89', DATE_ADD(DATE_ADD(CURRENT_DATE(), INTERVAL -20 DAY), INTERVAL '08:00:00' HOUR_SECOND), DATE_ADD(DATE_ADD(CURRENT_DATE(), INTERVAL -20 DAY), INTERVAL '15:30:00' HOUR_SECOND), 'USED', DATE_ADD(DATE_ADD(CURRENT_DATE(), INTERVAL -20 DAY), INTERVAL '09:10:00' HOUR_SECOND), 1),
(62, 90, 'PC100062', 'QR:CQUPT:PC100062:APPLY:90', DATE_ADD(DATE_ADD(CURRENT_DATE(), INTERVAL -19 DAY), INTERVAL '09:00:00' HOUR_SECOND), DATE_ADD(DATE_ADD(CURRENT_DATE(), INTERVAL -19 DAY), INTERVAL '11:30:00' HOUR_SECOND), 'USED', DATE_ADD(DATE_ADD(CURRENT_DATE(), INTERVAL -19 DAY), INTERVAL '10:10:00' HOUR_SECOND), 1),
(63, 91, 'PC100063', 'QR:CQUPT:PC100063:APPLY:91', DATE_ADD(DATE_ADD(CURRENT_DATE(), INTERVAL -18 DAY), INTERVAL '10:00:00' HOUR_SECOND), DATE_ADD(DATE_ADD(CURRENT_DATE(), INTERVAL -18 DAY), INTERVAL '13:30:00' HOUR_SECOND), 'USED', DATE_ADD(DATE_ADD(CURRENT_DATE(), INTERVAL -18 DAY), INTERVAL '11:10:00' HOUR_SECOND), 1),
(64, 94, 'PC100064', 'QR:CQUPT:PC100064:APPLY:94', DATE_ADD(DATE_ADD(CURRENT_DATE(), INTERVAL -15 DAY), INTERVAL '13:00:00' HOUR_SECOND), DATE_ADD(DATE_ADD(CURRENT_DATE(), INTERVAL -15 DAY), INTERVAL '19:30:00' HOUR_SECOND), 'USED', DATE_ADD(DATE_ADD(CURRENT_DATE(), INTERVAL -15 DAY), INTERVAL '14:10:00' HOUR_SECOND), 1),
(65, 96, 'PC100065', 'QR:CQUPT:PC100065:APPLY:96', DATE_ADD(DATE_ADD(CURRENT_DATE(), INTERVAL -13 DAY), INTERVAL '07:00:00' HOUR_SECOND), DATE_ADD(DATE_ADD(CURRENT_DATE(), INTERVAL -13 DAY), INTERVAL '09:30:00' HOUR_SECOND), 'USED', DATE_ADD(DATE_ADD(CURRENT_DATE(), INTERVAL -13 DAY), INTERVAL '08:10:00' HOUR_SECOND), 1),
(66, 97, 'PC100066', 'QR:CQUPT:PC100066:APPLY:97', DATE_ADD(DATE_ADD(CURRENT_DATE(), INTERVAL -12 DAY), INTERVAL '08:00:00' HOUR_SECOND), DATE_ADD(DATE_ADD(CURRENT_DATE(), INTERVAL -12 DAY), INTERVAL '11:30:00' HOUR_SECOND), 'USED', DATE_ADD(DATE_ADD(CURRENT_DATE(), INTERVAL -12 DAY), INTERVAL '09:10:00' HOUR_SECOND), 1),
(67, 98, 'PC100067', 'QR:CQUPT:PC100067:APPLY:98', DATE_ADD(DATE_ADD(CURRENT_DATE(), INTERVAL -11 DAY), INTERVAL '09:00:00' HOUR_SECOND), DATE_ADD(DATE_ADD(CURRENT_DATE(), INTERVAL -11 DAY), INTERVAL '13:30:00' HOUR_SECOND), 'USED', DATE_ADD(DATE_ADD(CURRENT_DATE(), INTERVAL -11 DAY), INTERVAL '10:10:00' HOUR_SECOND), 1),
(68, 99, 'PC100068', 'QR:CQUPT:PC100068:APPLY:99', DATE_ADD(DATE_ADD(CURRENT_DATE(), INTERVAL -10 DAY), INTERVAL '10:00:00' HOUR_SECOND), DATE_ADD(DATE_ADD(CURRENT_DATE(), INTERVAL -10 DAY), INTERVAL '15:30:00' HOUR_SECOND), 'USED', DATE_ADD(DATE_ADD(CURRENT_DATE(), INTERVAL -10 DAY), INTERVAL '11:10:00' HOUR_SECOND), 1),
(69, 100, 'PC100069', 'QR:CQUPT:PC100069:APPLY:100', DATE_ADD(DATE_ADD(CURRENT_DATE(), INTERVAL -9 DAY), INTERVAL '11:00:00' HOUR_SECOND), DATE_ADD(DATE_ADD(CURRENT_DATE(), INTERVAL -9 DAY), INTERVAL '17:30:00' HOUR_SECOND), 'USED', DATE_ADD(DATE_ADD(CURRENT_DATE(), INTERVAL -9 DAY), INTERVAL '12:10:00' HOUR_SECOND), 1),
(70, 101, 'PC100070', 'QR:CQUPT:PC100070:APPLY:101', DATE_ADD(DATE_ADD(CURRENT_DATE(), INTERVAL -8 DAY), INTERVAL '12:00:00' HOUR_SECOND), DATE_ADD(DATE_ADD(CURRENT_DATE(), INTERVAL -8 DAY), INTERVAL '19:30:00' HOUR_SECOND), 'USED', DATE_ADD(DATE_ADD(CURRENT_DATE(), INTERVAL -8 DAY), INTERVAL '13:10:00' HOUR_SECOND), 1),
(71, 103, 'PC100071', 'QR:CQUPT:PC100071:APPLY:103', DATE_ADD(DATE_ADD(CURRENT_DATE(), INTERVAL -6 DAY), INTERVAL '14:00:00' HOUR_SECOND), DATE_ADD(DATE_ADD(CURRENT_DATE(), INTERVAL -6 DAY), INTERVAL '17:30:00' HOUR_SECOND), 'USED', DATE_ADD(DATE_ADD(CURRENT_DATE(), INTERVAL -6 DAY), INTERVAL '15:10:00' HOUR_SECOND), 1),
(72, 104, 'PC100072', 'QR:CQUPT:PC100072:APPLY:104', DATE_ADD(DATE_ADD(CURRENT_DATE(), INTERVAL -5 DAY), INTERVAL '07:00:00' HOUR_SECOND), DATE_ADD(DATE_ADD(CURRENT_DATE(), INTERVAL -5 DAY), INTERVAL '11:30:00' HOUR_SECOND), 'USED', DATE_ADD(DATE_ADD(CURRENT_DATE(), INTERVAL -5 DAY), INTERVAL '08:10:00' HOUR_SECOND), 1),
(73, 105, 'PC100073', 'QR:CQUPT:PC100073:APPLY:105', DATE_ADD(DATE_ADD(CURRENT_DATE(), INTERVAL -4 DAY), INTERVAL '08:00:00' HOUR_SECOND), DATE_ADD(DATE_ADD(CURRENT_DATE(), INTERVAL -4 DAY), INTERVAL '13:30:00' HOUR_SECOND), 'USED', DATE_ADD(DATE_ADD(CURRENT_DATE(), INTERVAL -4 DAY), INTERVAL '09:10:00' HOUR_SECOND), 1),
(74, 106, 'PC100074', 'QR:CQUPT:PC100074:APPLY:106', DATE_ADD(DATE_ADD(CURRENT_DATE(), INTERVAL -3 DAY), INTERVAL '09:00:00' HOUR_SECOND), DATE_ADD(DATE_ADD(CURRENT_DATE(), INTERVAL -3 DAY), INTERVAL '15:30:00' HOUR_SECOND), 'USED', DATE_ADD(DATE_ADD(CURRENT_DATE(), INTERVAL -3 DAY), INTERVAL '10:10:00' HOUR_SECOND), 1),
(75, 107, 'PC100075', 'QR:CQUPT:PC100075:APPLY:107', DATE_ADD(DATE_ADD(CURRENT_DATE(), INTERVAL -2 DAY), INTERVAL '10:00:00' HOUR_SECOND), DATE_ADD(DATE_ADD(CURRENT_DATE(), INTERVAL -2 DAY), INTERVAL '17:30:00' HOUR_SECOND), 'USED', DATE_ADD(DATE_ADD(CURRENT_DATE(), INTERVAL -2 DAY), INTERVAL '11:10:00' HOUR_SECOND), 1),
(76, 108, 'PC100076', 'QR:CQUPT:PC100076:APPLY:108', DATE_ADD(DATE_ADD(CURRENT_DATE(), INTERVAL -1 DAY), INTERVAL '11:00:00' HOUR_SECOND), DATE_ADD(DATE_ADD(CURRENT_DATE(), INTERVAL -1 DAY), INTERVAL '13:30:00' HOUR_SECOND), 'USED', DATE_ADD(DATE_ADD(CURRENT_DATE(), INTERVAL -1 DAY), INTERVAL '12:10:00' HOUR_SECOND), 1),
(77, 109, 'PC100077', 'QR:CQUPT:PC100077:APPLY:109', DATE_ADD(DATE_ADD(CURRENT_DATE(), INTERVAL 0 DAY), INTERVAL '12:00:00' HOUR_SECOND), DATE_ADD(DATE_ADD(CURRENT_DATE(), INTERVAL 0 DAY), INTERVAL '15:30:00' HOUR_SECOND), 'USED', DATE_ADD(DATE_ADD(CURRENT_DATE(), INTERVAL 0 DAY), INTERVAL '13:10:00' HOUR_SECOND), 1),
(78, 110, 'PC100078', 'QR:CQUPT:PC100078:APPLY:110', DATE_ADD(DATE_ADD(CURRENT_DATE(), INTERVAL 1 DAY), INTERVAL '13:00:00' HOUR_SECOND), DATE_ADD(DATE_ADD(CURRENT_DATE(), INTERVAL 1 DAY), INTERVAL '17:30:00' HOUR_SECOND), 'VALID', NULL, 0),
(79, 112, 'PC100079', 'QR:CQUPT:PC100079:APPLY:112', DATE_ADD(DATE_ADD(CURRENT_DATE(), INTERVAL 3 DAY), INTERVAL '07:00:00' HOUR_SECOND), DATE_ADD(DATE_ADD(CURRENT_DATE(), INTERVAL 3 DAY), INTERVAL '13:30:00' HOUR_SECOND), 'VALID', NULL, 0),
(80, 113, 'PC100080', 'QR:CQUPT:PC100080:APPLY:113', DATE_ADD(DATE_ADD(CURRENT_DATE(), INTERVAL 4 DAY), INTERVAL '08:00:00' HOUR_SECOND), DATE_ADD(DATE_ADD(CURRENT_DATE(), INTERVAL 4 DAY), INTERVAL '15:30:00' HOUR_SECOND), 'VALID', NULL, 0);
INSERT INTO pass_code (id, apply_id, pass_code, qr_content, valid_from, valid_to, pass_status, used_time, verify_count) VALUES
(81, 117, 'PC100081', 'QR:CQUPT:PC100081:APPLY:117', DATE_ADD(DATE_ADD(CURRENT_DATE(), INTERVAL -29 DAY), INTERVAL '12:00:00' HOUR_SECOND), DATE_ADD(DATE_ADD(CURRENT_DATE(), INTERVAL -29 DAY), INTERVAL '17:30:00' HOUR_SECOND), 'USED', DATE_ADD(DATE_ADD(CURRENT_DATE(), INTERVAL -29 DAY), INTERVAL '13:10:00' HOUR_SECOND), 1),
(82, 118, 'PC100082', 'QR:CQUPT:PC100082:APPLY:118', DATE_ADD(DATE_ADD(CURRENT_DATE(), INTERVAL -28 DAY), INTERVAL '13:00:00' HOUR_SECOND), DATE_ADD(DATE_ADD(CURRENT_DATE(), INTERVAL -28 DAY), INTERVAL '19:30:00' HOUR_SECOND), 'USED', DATE_ADD(DATE_ADD(CURRENT_DATE(), INTERVAL -28 DAY), INTERVAL '14:10:00' HOUR_SECOND), 1),
(83, 120, 'PC100083', 'QR:CQUPT:PC100083:APPLY:120', DATE_ADD(DATE_ADD(CURRENT_DATE(), INTERVAL -26 DAY), INTERVAL '07:00:00' HOUR_SECOND), DATE_ADD(DATE_ADD(CURRENT_DATE(), INTERVAL -26 DAY), INTERVAL '09:30:00' HOUR_SECOND), 'USED', DATE_ADD(DATE_ADD(CURRENT_DATE(), INTERVAL -26 DAY), INTERVAL '08:10:00' HOUR_SECOND), 1),
(84, 121, 'PC100084', 'QR:CQUPT:PC100084:APPLY:121', DATE_ADD(DATE_ADD(CURRENT_DATE(), INTERVAL -25 DAY), INTERVAL '08:00:00' HOUR_SECOND), DATE_ADD(DATE_ADD(CURRENT_DATE(), INTERVAL -25 DAY), INTERVAL '11:30:00' HOUR_SECOND), 'USED', DATE_ADD(DATE_ADD(CURRENT_DATE(), INTERVAL -25 DAY), INTERVAL '09:10:00' HOUR_SECOND), 1),
(85, 122, 'PC100085', 'QR:CQUPT:PC100085:APPLY:122', DATE_ADD(DATE_ADD(CURRENT_DATE(), INTERVAL -24 DAY), INTERVAL '09:00:00' HOUR_SECOND), DATE_ADD(DATE_ADD(CURRENT_DATE(), INTERVAL -24 DAY), INTERVAL '13:30:00' HOUR_SECOND), 'USED', DATE_ADD(DATE_ADD(CURRENT_DATE(), INTERVAL -24 DAY), INTERVAL '10:10:00' HOUR_SECOND), 1),
(86, 125, 'PC100086', 'QR:CQUPT:PC100086:APPLY:125', DATE_ADD(DATE_ADD(CURRENT_DATE(), INTERVAL -21 DAY), INTERVAL '12:00:00' HOUR_SECOND), DATE_ADD(DATE_ADD(CURRENT_DATE(), INTERVAL -21 DAY), INTERVAL '19:30:00' HOUR_SECOND), 'USED', DATE_ADD(DATE_ADD(CURRENT_DATE(), INTERVAL -21 DAY), INTERVAL '13:10:00' HOUR_SECOND), 1),
(87, 126, 'PC100087', 'QR:CQUPT:PC100087:APPLY:126', DATE_ADD(DATE_ADD(CURRENT_DATE(), INTERVAL -20 DAY), INTERVAL '13:00:00' HOUR_SECOND), DATE_ADD(DATE_ADD(CURRENT_DATE(), INTERVAL -20 DAY), INTERVAL '15:30:00' HOUR_SECOND), 'USED', DATE_ADD(DATE_ADD(CURRENT_DATE(), INTERVAL -20 DAY), INTERVAL '14:10:00' HOUR_SECOND), 1),
(88, 127, 'PC100088', 'QR:CQUPT:PC100088:APPLY:127', DATE_ADD(DATE_ADD(CURRENT_DATE(), INTERVAL -19 DAY), INTERVAL '14:00:00' HOUR_SECOND), DATE_ADD(DATE_ADD(CURRENT_DATE(), INTERVAL -19 DAY), INTERVAL '17:30:00' HOUR_SECOND), 'USED', DATE_ADD(DATE_ADD(CURRENT_DATE(), INTERVAL -19 DAY), INTERVAL '15:10:00' HOUR_SECOND), 1),
(89, 128, 'PC100089', 'QR:CQUPT:PC100089:APPLY:128', DATE_ADD(DATE_ADD(CURRENT_DATE(), INTERVAL -18 DAY), INTERVAL '07:00:00' HOUR_SECOND), DATE_ADD(DATE_ADD(CURRENT_DATE(), INTERVAL -18 DAY), INTERVAL '11:30:00' HOUR_SECOND), 'USED', DATE_ADD(DATE_ADD(CURRENT_DATE(), INTERVAL -18 DAY), INTERVAL '08:10:00' HOUR_SECOND), 1),
(90, 129, 'PC100090', 'QR:CQUPT:PC100090:APPLY:129', DATE_ADD(DATE_ADD(CURRENT_DATE(), INTERVAL -17 DAY), INTERVAL '08:00:00' HOUR_SECOND), DATE_ADD(DATE_ADD(CURRENT_DATE(), INTERVAL -17 DAY), INTERVAL '13:30:00' HOUR_SECOND), 'USED', DATE_ADD(DATE_ADD(CURRENT_DATE(), INTERVAL -17 DAY), INTERVAL '09:10:00' HOUR_SECOND), 1),
(91, 130, 'PC100091', 'QR:CQUPT:PC100091:APPLY:130', DATE_ADD(DATE_ADD(CURRENT_DATE(), INTERVAL -16 DAY), INTERVAL '09:00:00' HOUR_SECOND), DATE_ADD(DATE_ADD(CURRENT_DATE(), INTERVAL -16 DAY), INTERVAL '15:30:00' HOUR_SECOND), 'USED', DATE_ADD(DATE_ADD(CURRENT_DATE(), INTERVAL -16 DAY), INTERVAL '10:10:00' HOUR_SECOND), 1),
(92, 131, 'PC100092', 'QR:CQUPT:PC100092:APPLY:131', DATE_ADD(DATE_ADD(CURRENT_DATE(), INTERVAL -15 DAY), INTERVAL '10:00:00' HOUR_SECOND), DATE_ADD(DATE_ADD(CURRENT_DATE(), INTERVAL -15 DAY), INTERVAL '17:30:00' HOUR_SECOND), 'USED', DATE_ADD(DATE_ADD(CURRENT_DATE(), INTERVAL -15 DAY), INTERVAL '11:10:00' HOUR_SECOND), 1),
(93, 132, 'PC100093', 'QR:CQUPT:PC100093:APPLY:132', DATE_ADD(DATE_ADD(CURRENT_DATE(), INTERVAL -14 DAY), INTERVAL '11:00:00' HOUR_SECOND), DATE_ADD(DATE_ADD(CURRENT_DATE(), INTERVAL -14 DAY), INTERVAL '13:30:00' HOUR_SECOND), 'USED', DATE_ADD(DATE_ADD(CURRENT_DATE(), INTERVAL -14 DAY), INTERVAL '12:10:00' HOUR_SECOND), 1),
(94, 134, 'PC100094', 'QR:CQUPT:PC100094:APPLY:134', DATE_ADD(DATE_ADD(CURRENT_DATE(), INTERVAL -12 DAY), INTERVAL '13:00:00' HOUR_SECOND), DATE_ADD(DATE_ADD(CURRENT_DATE(), INTERVAL -12 DAY), INTERVAL '17:30:00' HOUR_SECOND), 'USED', DATE_ADD(DATE_ADD(CURRENT_DATE(), INTERVAL -12 DAY), INTERVAL '14:10:00' HOUR_SECOND), 1),
(95, 135, 'PC100095', 'QR:CQUPT:PC100095:APPLY:135', DATE_ADD(DATE_ADD(CURRENT_DATE(), INTERVAL -11 DAY), INTERVAL '14:00:00' HOUR_SECOND), DATE_ADD(DATE_ADD(CURRENT_DATE(), INTERVAL -11 DAY), INTERVAL '19:30:00' HOUR_SECOND), 'USED', DATE_ADD(DATE_ADD(CURRENT_DATE(), INTERVAL -11 DAY), INTERVAL '15:10:00' HOUR_SECOND), 1),
(96, 137, 'PC100096', 'QR:CQUPT:PC100096:APPLY:137', DATE_ADD(DATE_ADD(CURRENT_DATE(), INTERVAL -9 DAY), INTERVAL '08:00:00' HOUR_SECOND), DATE_ADD(DATE_ADD(CURRENT_DATE(), INTERVAL -9 DAY), INTERVAL '15:30:00' HOUR_SECOND), 'USED', DATE_ADD(DATE_ADD(CURRENT_DATE(), INTERVAL -9 DAY), INTERVAL '09:10:00' HOUR_SECOND), 1),
(97, 139, 'PC100097', 'QR:CQUPT:PC100097:APPLY:139', DATE_ADD(DATE_ADD(CURRENT_DATE(), INTERVAL -7 DAY), INTERVAL '10:00:00' HOUR_SECOND), DATE_ADD(DATE_ADD(CURRENT_DATE(), INTERVAL -7 DAY), INTERVAL '13:30:00' HOUR_SECOND), 'USED', DATE_ADD(DATE_ADD(CURRENT_DATE(), INTERVAL -7 DAY), INTERVAL '11:10:00' HOUR_SECOND), 1),
(98, 140, 'PC100098', 'QR:CQUPT:PC100098:APPLY:140', DATE_ADD(DATE_ADD(CURRENT_DATE(), INTERVAL -6 DAY), INTERVAL '11:00:00' HOUR_SECOND), DATE_ADD(DATE_ADD(CURRENT_DATE(), INTERVAL -6 DAY), INTERVAL '15:30:00' HOUR_SECOND), 'USED', DATE_ADD(DATE_ADD(CURRENT_DATE(), INTERVAL -6 DAY), INTERVAL '12:10:00' HOUR_SECOND), 1),
(99, 141, 'PC100099', 'QR:CQUPT:PC100099:APPLY:141', DATE_ADD(DATE_ADD(CURRENT_DATE(), INTERVAL -5 DAY), INTERVAL '12:00:00' HOUR_SECOND), DATE_ADD(DATE_ADD(CURRENT_DATE(), INTERVAL -5 DAY), INTERVAL '17:30:00' HOUR_SECOND), 'USED', DATE_ADD(DATE_ADD(CURRENT_DATE(), INTERVAL -5 DAY), INTERVAL '13:10:00' HOUR_SECOND), 1),
(100, 142, 'PC100100', 'QR:CQUPT:PC100100:APPLY:142', DATE_ADD(DATE_ADD(CURRENT_DATE(), INTERVAL -4 DAY), INTERVAL '13:00:00' HOUR_SECOND), DATE_ADD(DATE_ADD(CURRENT_DATE(), INTERVAL -4 DAY), INTERVAL '19:30:00' HOUR_SECOND), 'USED', DATE_ADD(DATE_ADD(CURRENT_DATE(), INTERVAL -4 DAY), INTERVAL '14:10:00' HOUR_SECOND), 1),
(101, 143, 'PC100101', 'QR:CQUPT:PC100101:APPLY:143', DATE_ADD(DATE_ADD(CURRENT_DATE(), INTERVAL -3 DAY), INTERVAL '14:00:00' HOUR_SECOND), DATE_ADD(DATE_ADD(CURRENT_DATE(), INTERVAL -3 DAY), INTERVAL '21:30:00' HOUR_SECOND), 'USED', DATE_ADD(DATE_ADD(CURRENT_DATE(), INTERVAL -3 DAY), INTERVAL '15:10:00' HOUR_SECOND), 1),
(102, 144, 'PC100102', 'QR:CQUPT:PC100102:APPLY:144', DATE_ADD(DATE_ADD(CURRENT_DATE(), INTERVAL -2 DAY), INTERVAL '07:00:00' HOUR_SECOND), DATE_ADD(DATE_ADD(CURRENT_DATE(), INTERVAL -2 DAY), INTERVAL '09:30:00' HOUR_SECOND), 'USED', DATE_ADD(DATE_ADD(CURRENT_DATE(), INTERVAL -2 DAY), INTERVAL '08:10:00' HOUR_SECOND), 1),
(103, 146, 'PC100103', 'QR:CQUPT:PC100103:APPLY:146', DATE_ADD(DATE_ADD(CURRENT_DATE(), INTERVAL 0 DAY), INTERVAL '09:00:00' HOUR_SECOND), DATE_ADD(DATE_ADD(CURRENT_DATE(), INTERVAL 0 DAY), INTERVAL '13:30:00' HOUR_SECOND), 'USED', DATE_ADD(DATE_ADD(CURRENT_DATE(), INTERVAL 0 DAY), INTERVAL '10:10:00' HOUR_SECOND), 1),
(104, 147, 'PC100104', 'QR:CQUPT:PC100104:APPLY:147', DATE_ADD(DATE_ADD(CURRENT_DATE(), INTERVAL 1 DAY), INTERVAL '10:00:00' HOUR_SECOND), DATE_ADD(DATE_ADD(CURRENT_DATE(), INTERVAL 1 DAY), INTERVAL '15:30:00' HOUR_SECOND), 'VALID', NULL, 0),
(105, 149, 'PC100105', 'QR:CQUPT:PC100105:APPLY:149', DATE_ADD(DATE_ADD(CURRENT_DATE(), INTERVAL 3 DAY), INTERVAL '12:00:00' HOUR_SECOND), DATE_ADD(DATE_ADD(CURRENT_DATE(), INTERVAL 3 DAY), INTERVAL '19:30:00' HOUR_SECOND), 'VALID', NULL, 0),
(106, 150, 'PC100106', 'QR:CQUPT:PC100106:APPLY:150', DATE_ADD(DATE_ADD(CURRENT_DATE(), INTERVAL 4 DAY), INTERVAL '13:00:00' HOUR_SECOND), DATE_ADD(DATE_ADD(CURRENT_DATE(), INTERVAL 4 DAY), INTERVAL '15:30:00' HOUR_SECOND), 'VALID', NULL, 0),
(107, 151, 'PC100107', 'QR:CQUPT:PC100107:APPLY:151', DATE_ADD(DATE_ADD(CURRENT_DATE(), INTERVAL 5 DAY), INTERVAL '14:00:00' HOUR_SECOND), DATE_ADD(DATE_ADD(CURRENT_DATE(), INTERVAL 5 DAY), INTERVAL '17:30:00' HOUR_SECOND), 'VALID', NULL, 0),
(108, 154, 'PC100108', 'QR:CQUPT:PC100108:APPLY:154', DATE_ADD(DATE_ADD(CURRENT_DATE(), INTERVAL -29 DAY), INTERVAL '09:00:00' HOUR_SECOND), DATE_ADD(DATE_ADD(CURRENT_DATE(), INTERVAL -29 DAY), INTERVAL '15:30:00' HOUR_SECOND), 'USED', DATE_ADD(DATE_ADD(CURRENT_DATE(), INTERVAL -29 DAY), INTERVAL '10:10:00' HOUR_SECOND), 1),
(109, 156, 'PC100109', 'QR:CQUPT:PC100109:APPLY:156', DATE_ADD(DATE_ADD(CURRENT_DATE(), INTERVAL -27 DAY), INTERVAL '11:00:00' HOUR_SECOND), DATE_ADD(DATE_ADD(CURRENT_DATE(), INTERVAL -27 DAY), INTERVAL '13:30:00' HOUR_SECOND), 'USED', DATE_ADD(DATE_ADD(CURRENT_DATE(), INTERVAL -27 DAY), INTERVAL '12:10:00' HOUR_SECOND), 1),
(110, 157, 'PC100110', 'QR:CQUPT:PC100110:APPLY:157', DATE_ADD(DATE_ADD(CURRENT_DATE(), INTERVAL -26 DAY), INTERVAL '12:00:00' HOUR_SECOND), DATE_ADD(DATE_ADD(CURRENT_DATE(), INTERVAL -26 DAY), INTERVAL '15:30:00' HOUR_SECOND), 'USED', DATE_ADD(DATE_ADD(CURRENT_DATE(), INTERVAL -26 DAY), INTERVAL '13:10:00' HOUR_SECOND), 1),
(111, 158, 'PC100111', 'QR:CQUPT:PC100111:APPLY:158', DATE_ADD(DATE_ADD(CURRENT_DATE(), INTERVAL -25 DAY), INTERVAL '13:00:00' HOUR_SECOND), DATE_ADD(DATE_ADD(CURRENT_DATE(), INTERVAL -25 DAY), INTERVAL '17:30:00' HOUR_SECOND), 'USED', DATE_ADD(DATE_ADD(CURRENT_DATE(), INTERVAL -25 DAY), INTERVAL '14:10:00' HOUR_SECOND), 1),
(112, 159, 'PC100112', 'QR:CQUPT:PC100112:APPLY:159', DATE_ADD(DATE_ADD(CURRENT_DATE(), INTERVAL -24 DAY), INTERVAL '14:00:00' HOUR_SECOND), DATE_ADD(DATE_ADD(CURRENT_DATE(), INTERVAL -24 DAY), INTERVAL '19:30:00' HOUR_SECOND), 'USED', DATE_ADD(DATE_ADD(CURRENT_DATE(), INTERVAL -24 DAY), INTERVAL '15:10:00' HOUR_SECOND), 1),
(113, 160, 'PC100113', 'QR:CQUPT:PC100113:APPLY:160', DATE_ADD(DATE_ADD(CURRENT_DATE(), INTERVAL -23 DAY), INTERVAL '07:00:00' HOUR_SECOND), DATE_ADD(DATE_ADD(CURRENT_DATE(), INTERVAL -23 DAY), INTERVAL '13:30:00' HOUR_SECOND), 'USED', DATE_ADD(DATE_ADD(CURRENT_DATE(), INTERVAL -23 DAY), INTERVAL '08:10:00' HOUR_SECOND), 1),
(114, 162, 'PC100114', 'QR:CQUPT:PC100114:APPLY:162', DATE_ADD(DATE_ADD(CURRENT_DATE(), INTERVAL -21 DAY), INTERVAL '09:00:00' HOUR_SECOND), DATE_ADD(DATE_ADD(CURRENT_DATE(), INTERVAL -21 DAY), INTERVAL '11:30:00' HOUR_SECOND), 'USED', DATE_ADD(DATE_ADD(CURRENT_DATE(), INTERVAL -21 DAY), INTERVAL '10:10:00' HOUR_SECOND), 1),
(115, 163, 'PC100115', 'QR:CQUPT:PC100115:APPLY:163', DATE_ADD(DATE_ADD(CURRENT_DATE(), INTERVAL -20 DAY), INTERVAL '10:00:00' HOUR_SECOND), DATE_ADD(DATE_ADD(CURRENT_DATE(), INTERVAL -20 DAY), INTERVAL '13:30:00' HOUR_SECOND), 'USED', DATE_ADD(DATE_ADD(CURRENT_DATE(), INTERVAL -20 DAY), INTERVAL '11:10:00' HOUR_SECOND), 1),
(116, 165, 'PC100116', 'QR:CQUPT:PC100116:APPLY:165', DATE_ADD(DATE_ADD(CURRENT_DATE(), INTERVAL -18 DAY), INTERVAL '12:00:00' HOUR_SECOND), DATE_ADD(DATE_ADD(CURRENT_DATE(), INTERVAL -18 DAY), INTERVAL '17:30:00' HOUR_SECOND), 'USED', DATE_ADD(DATE_ADD(CURRENT_DATE(), INTERVAL -18 DAY), INTERVAL '13:10:00' HOUR_SECOND), 1),
(117, 166, 'PC100117', 'QR:CQUPT:PC100117:APPLY:166', DATE_ADD(DATE_ADD(CURRENT_DATE(), INTERVAL -17 DAY), INTERVAL '13:00:00' HOUR_SECOND), DATE_ADD(DATE_ADD(CURRENT_DATE(), INTERVAL -17 DAY), INTERVAL '19:30:00' HOUR_SECOND), 'USED', DATE_ADD(DATE_ADD(CURRENT_DATE(), INTERVAL -17 DAY), INTERVAL '14:10:00' HOUR_SECOND), 1),
(118, 167, 'PC100118', 'QR:CQUPT:PC100118:APPLY:167', DATE_ADD(DATE_ADD(CURRENT_DATE(), INTERVAL -16 DAY), INTERVAL '14:00:00' HOUR_SECOND), DATE_ADD(DATE_ADD(CURRENT_DATE(), INTERVAL -16 DAY), INTERVAL '21:30:00' HOUR_SECOND), 'USED', DATE_ADD(DATE_ADD(CURRENT_DATE(), INTERVAL -16 DAY), INTERVAL '15:10:00' HOUR_SECOND), 1),
(119, 168, 'PC100119', 'QR:CQUPT:PC100119:APPLY:168', DATE_ADD(DATE_ADD(CURRENT_DATE(), INTERVAL -15 DAY), INTERVAL '07:00:00' HOUR_SECOND), DATE_ADD(DATE_ADD(CURRENT_DATE(), INTERVAL -15 DAY), INTERVAL '09:30:00' HOUR_SECOND), 'USED', DATE_ADD(DATE_ADD(CURRENT_DATE(), INTERVAL -15 DAY), INTERVAL '08:10:00' HOUR_SECOND), 1),
(120, 169, 'PC100120', 'QR:CQUPT:PC100120:APPLY:169', DATE_ADD(DATE_ADD(CURRENT_DATE(), INTERVAL -14 DAY), INTERVAL '08:00:00' HOUR_SECOND), DATE_ADD(DATE_ADD(CURRENT_DATE(), INTERVAL -14 DAY), INTERVAL '11:30:00' HOUR_SECOND), 'USED', DATE_ADD(DATE_ADD(CURRENT_DATE(), INTERVAL -14 DAY), INTERVAL '09:10:00' HOUR_SECOND), 1),
(121, 172, 'PC100121', 'QR:CQUPT:PC100121:APPLY:172', DATE_ADD(DATE_ADD(CURRENT_DATE(), INTERVAL -11 DAY), INTERVAL '11:00:00' HOUR_SECOND), DATE_ADD(DATE_ADD(CURRENT_DATE(), INTERVAL -11 DAY), INTERVAL '17:30:00' HOUR_SECOND), 'USED', DATE_ADD(DATE_ADD(CURRENT_DATE(), INTERVAL -11 DAY), INTERVAL '12:10:00' HOUR_SECOND), 1),
(122, 173, 'PC100122', 'QR:CQUPT:PC100122:APPLY:173', DATE_ADD(DATE_ADD(CURRENT_DATE(), INTERVAL -10 DAY), INTERVAL '12:00:00' HOUR_SECOND), DATE_ADD(DATE_ADD(CURRENT_DATE(), INTERVAL -10 DAY), INTERVAL '19:30:00' HOUR_SECOND), 'USED', DATE_ADD(DATE_ADD(CURRENT_DATE(), INTERVAL -10 DAY), INTERVAL '13:10:00' HOUR_SECOND), 1),
(123, 175, 'PC100123', 'QR:CQUPT:PC100123:APPLY:175', DATE_ADD(DATE_ADD(CURRENT_DATE(), INTERVAL -8 DAY), INTERVAL '14:00:00' HOUR_SECOND), DATE_ADD(DATE_ADD(CURRENT_DATE(), INTERVAL -8 DAY), INTERVAL '17:30:00' HOUR_SECOND), 'USED', DATE_ADD(DATE_ADD(CURRENT_DATE(), INTERVAL -8 DAY), INTERVAL '15:10:00' HOUR_SECOND), 1),
(124, 176, 'PC100124', 'QR:CQUPT:PC100124:APPLY:176', DATE_ADD(DATE_ADD(CURRENT_DATE(), INTERVAL -7 DAY), INTERVAL '07:00:00' HOUR_SECOND), DATE_ADD(DATE_ADD(CURRENT_DATE(), INTERVAL -7 DAY), INTERVAL '11:30:00' HOUR_SECOND), 'USED', DATE_ADD(DATE_ADD(CURRENT_DATE(), INTERVAL -7 DAY), INTERVAL '08:10:00' HOUR_SECOND), 1),
(125, 177, 'PC100125', 'QR:CQUPT:PC100125:APPLY:177', DATE_ADD(DATE_ADD(CURRENT_DATE(), INTERVAL -6 DAY), INTERVAL '08:00:00' HOUR_SECOND), DATE_ADD(DATE_ADD(CURRENT_DATE(), INTERVAL -6 DAY), INTERVAL '13:30:00' HOUR_SECOND), 'USED', DATE_ADD(DATE_ADD(CURRENT_DATE(), INTERVAL -6 DAY), INTERVAL '09:10:00' HOUR_SECOND), 1),
(126, 178, 'PC100126', 'QR:CQUPT:PC100126:APPLY:178', DATE_ADD(DATE_ADD(CURRENT_DATE(), INTERVAL -5 DAY), INTERVAL '09:00:00' HOUR_SECOND), DATE_ADD(DATE_ADD(CURRENT_DATE(), INTERVAL -5 DAY), INTERVAL '15:30:00' HOUR_SECOND), 'USED', DATE_ADD(DATE_ADD(CURRENT_DATE(), INTERVAL -5 DAY), INTERVAL '10:10:00' HOUR_SECOND), 1),
(127, 179, 'PC100127', 'QR:CQUPT:PC100127:APPLY:179', DATE_ADD(DATE_ADD(CURRENT_DATE(), INTERVAL -4 DAY), INTERVAL '10:00:00' HOUR_SECOND), DATE_ADD(DATE_ADD(CURRENT_DATE(), INTERVAL -4 DAY), INTERVAL '17:30:00' HOUR_SECOND), 'USED', DATE_ADD(DATE_ADD(CURRENT_DATE(), INTERVAL -4 DAY), INTERVAL '11:10:00' HOUR_SECOND), 1),
(128, 180, 'PC100128', 'QR:CQUPT:PC100128:APPLY:180', DATE_ADD(DATE_ADD(CURRENT_DATE(), INTERVAL -3 DAY), INTERVAL '11:00:00' HOUR_SECOND), DATE_ADD(DATE_ADD(CURRENT_DATE(), INTERVAL -3 DAY), INTERVAL '13:30:00' HOUR_SECOND), 'USED', DATE_ADD(DATE_ADD(CURRENT_DATE(), INTERVAL -3 DAY), INTERVAL '12:10:00' HOUR_SECOND), 1),
(129, 181, 'PC100129', 'QR:CQUPT:PC100129:APPLY:181', DATE_ADD(DATE_ADD(CURRENT_DATE(), INTERVAL -2 DAY), INTERVAL '12:00:00' HOUR_SECOND), DATE_ADD(DATE_ADD(CURRENT_DATE(), INTERVAL -2 DAY), INTERVAL '15:30:00' HOUR_SECOND), 'USED', DATE_ADD(DATE_ADD(CURRENT_DATE(), INTERVAL -2 DAY), INTERVAL '13:10:00' HOUR_SECOND), 1),
(130, 182, 'PC100130', 'QR:CQUPT:PC100130:APPLY:182', DATE_ADD(DATE_ADD(CURRENT_DATE(), INTERVAL -1 DAY), INTERVAL '13:00:00' HOUR_SECOND), DATE_ADD(DATE_ADD(CURRENT_DATE(), INTERVAL -1 DAY), INTERVAL '17:30:00' HOUR_SECOND), 'USED', DATE_ADD(DATE_ADD(CURRENT_DATE(), INTERVAL -1 DAY), INTERVAL '14:10:00' HOUR_SECOND), 1),
(131, 183, 'PC100131', 'QR:CQUPT:PC100131:APPLY:183', DATE_ADD(DATE_ADD(CURRENT_DATE(), INTERVAL 0 DAY), INTERVAL '14:00:00' HOUR_SECOND), DATE_ADD(DATE_ADD(CURRENT_DATE(), INTERVAL 0 DAY), INTERVAL '19:30:00' HOUR_SECOND), 'VALID', NULL, 0),
(132, 188, 'PC100132', 'QR:CQUPT:PC100132:APPLY:188', DATE_ADD(DATE_ADD(CURRENT_DATE(), INTERVAL 5 DAY), INTERVAL '11:00:00' HOUR_SECOND), DATE_ADD(DATE_ADD(CURRENT_DATE(), INTERVAL 5 DAY), INTERVAL '15:30:00' HOUR_SECOND), 'VALID', NULL, 0),
(133, 189, 'PC100133', 'QR:CQUPT:PC100133:APPLY:189', DATE_ADD(DATE_ADD(CURRENT_DATE(), INTERVAL 6 DAY), INTERVAL '12:00:00' HOUR_SECOND), DATE_ADD(DATE_ADD(CURRENT_DATE(), INTERVAL 6 DAY), INTERVAL '17:30:00' HOUR_SECOND), 'VALID', NULL, 0),
(134, 191, 'PC100134', 'QR:CQUPT:PC100134:APPLY:191', DATE_ADD(DATE_ADD(CURRENT_DATE(), INTERVAL -29 DAY), INTERVAL '14:00:00' HOUR_SECOND), DATE_ADD(DATE_ADD(CURRENT_DATE(), INTERVAL -29 DAY), INTERVAL '21:30:00' HOUR_SECOND), 'USED', DATE_ADD(DATE_ADD(CURRENT_DATE(), INTERVAL -29 DAY), INTERVAL '15:10:00' HOUR_SECOND), 1),
(135, 192, 'PC100135', 'QR:CQUPT:PC100135:APPLY:192', DATE_ADD(DATE_ADD(CURRENT_DATE(), INTERVAL -28 DAY), INTERVAL '07:00:00' HOUR_SECOND), DATE_ADD(DATE_ADD(CURRENT_DATE(), INTERVAL -28 DAY), INTERVAL '09:30:00' HOUR_SECOND), 'USED', DATE_ADD(DATE_ADD(CURRENT_DATE(), INTERVAL -28 DAY), INTERVAL '08:10:00' HOUR_SECOND), 1),
(136, 193, 'PC100136', 'QR:CQUPT:PC100136:APPLY:193', DATE_ADD(DATE_ADD(CURRENT_DATE(), INTERVAL -27 DAY), INTERVAL '08:00:00' HOUR_SECOND), DATE_ADD(DATE_ADD(CURRENT_DATE(), INTERVAL -27 DAY), INTERVAL '11:30:00' HOUR_SECOND), 'USED', DATE_ADD(DATE_ADD(CURRENT_DATE(), INTERVAL -27 DAY), INTERVAL '09:10:00' HOUR_SECOND), 1),
(137, 194, 'PC100137', 'QR:CQUPT:PC100137:APPLY:194', DATE_ADD(DATE_ADD(CURRENT_DATE(), INTERVAL -26 DAY), INTERVAL '09:00:00' HOUR_SECOND), DATE_ADD(DATE_ADD(CURRENT_DATE(), INTERVAL -26 DAY), INTERVAL '13:30:00' HOUR_SECOND), 'USED', DATE_ADD(DATE_ADD(CURRENT_DATE(), INTERVAL -26 DAY), INTERVAL '10:10:00' HOUR_SECOND), 1),
(138, 195, 'PC100138', 'QR:CQUPT:PC100138:APPLY:195', DATE_ADD(DATE_ADD(CURRENT_DATE(), INTERVAL -25 DAY), INTERVAL '10:00:00' HOUR_SECOND), DATE_ADD(DATE_ADD(CURRENT_DATE(), INTERVAL -25 DAY), INTERVAL '15:30:00' HOUR_SECOND), 'USED', DATE_ADD(DATE_ADD(CURRENT_DATE(), INTERVAL -25 DAY), INTERVAL '11:10:00' HOUR_SECOND), 1),
(139, 196, 'PC100139', 'QR:CQUPT:PC100139:APPLY:196', DATE_ADD(DATE_ADD(CURRENT_DATE(), INTERVAL -24 DAY), INTERVAL '11:00:00' HOUR_SECOND), DATE_ADD(DATE_ADD(CURRENT_DATE(), INTERVAL -24 DAY), INTERVAL '17:30:00' HOUR_SECOND), 'USED', DATE_ADD(DATE_ADD(CURRENT_DATE(), INTERVAL -24 DAY), INTERVAL '12:10:00' HOUR_SECOND), 1),
(140, 197, 'PC100140', 'QR:CQUPT:PC100140:APPLY:197', DATE_ADD(DATE_ADD(CURRENT_DATE(), INTERVAL -23 DAY), INTERVAL '12:00:00' HOUR_SECOND), DATE_ADD(DATE_ADD(CURRENT_DATE(), INTERVAL -23 DAY), INTERVAL '19:30:00' HOUR_SECOND), 'USED', DATE_ADD(DATE_ADD(CURRENT_DATE(), INTERVAL -23 DAY), INTERVAL '13:10:00' HOUR_SECOND), 1),
(141, 198, 'PC100141', 'QR:CQUPT:PC100141:APPLY:198', DATE_ADD(DATE_ADD(CURRENT_DATE(), INTERVAL -22 DAY), INTERVAL '13:00:00' HOUR_SECOND), DATE_ADD(DATE_ADD(CURRENT_DATE(), INTERVAL -22 DAY), INTERVAL '15:30:00' HOUR_SECOND), 'USED', DATE_ADD(DATE_ADD(CURRENT_DATE(), INTERVAL -22 DAY), INTERVAL '14:10:00' HOUR_SECOND), 1),
(142, 199, 'PC100142', 'QR:CQUPT:PC100142:APPLY:199', DATE_ADD(DATE_ADD(CURRENT_DATE(), INTERVAL -21 DAY), INTERVAL '14:00:00' HOUR_SECOND), DATE_ADD(DATE_ADD(CURRENT_DATE(), INTERVAL -21 DAY), INTERVAL '17:30:00' HOUR_SECOND), 'USED', DATE_ADD(DATE_ADD(CURRENT_DATE(), INTERVAL -21 DAY), INTERVAL '15:10:00' HOUR_SECOND), 1),
(143, 200, 'PC100143', 'QR:CQUPT:PC100143:APPLY:200', DATE_ADD(DATE_ADD(CURRENT_DATE(), INTERVAL -20 DAY), INTERVAL '07:00:00' HOUR_SECOND), DATE_ADD(DATE_ADD(CURRENT_DATE(), INTERVAL -20 DAY), INTERVAL '11:30:00' HOUR_SECOND), 'USED', DATE_ADD(DATE_ADD(CURRENT_DATE(), INTERVAL -20 DAY), INTERVAL '08:10:00' HOUR_SECOND), 1),
(144, 201, 'PC100144', 'QR:CQUPT:PC100144:APPLY:201', DATE_ADD(DATE_ADD(CURRENT_DATE(), INTERVAL -19 DAY), INTERVAL '08:00:00' HOUR_SECOND), DATE_ADD(DATE_ADD(CURRENT_DATE(), INTERVAL -19 DAY), INTERVAL '13:30:00' HOUR_SECOND), 'USED', DATE_ADD(DATE_ADD(CURRENT_DATE(), INTERVAL -19 DAY), INTERVAL '09:10:00' HOUR_SECOND), 1),
(145, 202, 'PC100145', 'QR:CQUPT:PC100145:APPLY:202', DATE_ADD(DATE_ADD(CURRENT_DATE(), INTERVAL -18 DAY), INTERVAL '09:00:00' HOUR_SECOND), DATE_ADD(DATE_ADD(CURRENT_DATE(), INTERVAL -18 DAY), INTERVAL '15:30:00' HOUR_SECOND), 'USED', DATE_ADD(DATE_ADD(CURRENT_DATE(), INTERVAL -18 DAY), INTERVAL '10:10:00' HOUR_SECOND), 1),
(146, 206, 'PC100146', 'QR:CQUPT:PC100146:APPLY:206', DATE_ADD(DATE_ADD(CURRENT_DATE(), INTERVAL -14 DAY), INTERVAL '13:00:00' HOUR_SECOND), DATE_ADD(DATE_ADD(CURRENT_DATE(), INTERVAL -14 DAY), INTERVAL '17:30:00' HOUR_SECOND), 'USED', DATE_ADD(DATE_ADD(CURRENT_DATE(), INTERVAL -14 DAY), INTERVAL '14:10:00' HOUR_SECOND), 1),
(147, 208, 'PC100147', 'QR:CQUPT:PC100147:APPLY:208', DATE_ADD(DATE_ADD(CURRENT_DATE(), INTERVAL -12 DAY), INTERVAL '07:00:00' HOUR_SECOND), DATE_ADD(DATE_ADD(CURRENT_DATE(), INTERVAL -12 DAY), INTERVAL '13:30:00' HOUR_SECOND), 'USED', DATE_ADD(DATE_ADD(CURRENT_DATE(), INTERVAL -12 DAY), INTERVAL '08:10:00' HOUR_SECOND), 1),
(148, 210, 'PC100148', 'QR:CQUPT:PC100148:APPLY:210', DATE_ADD(DATE_ADD(CURRENT_DATE(), INTERVAL -10 DAY), INTERVAL '09:00:00' HOUR_SECOND), DATE_ADD(DATE_ADD(CURRENT_DATE(), INTERVAL -10 DAY), INTERVAL '11:30:00' HOUR_SECOND), 'USED', DATE_ADD(DATE_ADD(CURRENT_DATE(), INTERVAL -10 DAY), INTERVAL '10:10:00' HOUR_SECOND), 1),
(149, 211, 'PC100149', 'QR:CQUPT:PC100149:APPLY:211', DATE_ADD(DATE_ADD(CURRENT_DATE(), INTERVAL -9 DAY), INTERVAL '10:00:00' HOUR_SECOND), DATE_ADD(DATE_ADD(CURRENT_DATE(), INTERVAL -9 DAY), INTERVAL '13:30:00' HOUR_SECOND), 'USED', DATE_ADD(DATE_ADD(CURRENT_DATE(), INTERVAL -9 DAY), INTERVAL '11:10:00' HOUR_SECOND), 1),
(150, 212, 'PC100150', 'QR:CQUPT:PC100150:APPLY:212', DATE_ADD(DATE_ADD(CURRENT_DATE(), INTERVAL -8 DAY), INTERVAL '11:00:00' HOUR_SECOND), DATE_ADD(DATE_ADD(CURRENT_DATE(), INTERVAL -8 DAY), INTERVAL '15:30:00' HOUR_SECOND), 'USED', DATE_ADD(DATE_ADD(CURRENT_DATE(), INTERVAL -8 DAY), INTERVAL '12:10:00' HOUR_SECOND), 1);
INSERT INTO access_record (id, apply_id, visitor_id, pass_code_id, entry_gate_id, exit_gate_id, entry_guard_id, exit_guard_id, entry_time, exit_time, access_status, overtime_flag, abnormal_reason) VALUES
(1, 1, 1, 1, 2, 4, 26, 27, DATE_ADD(DATE_ADD(CURRENT_DATE(), INTERVAL 0 DAY), INTERVAL '09:12:00' HOUR_SECOND), DATE_ADD(DATE_ADD(CURRENT_DATE(), INTERVAL 0 DAY), INTERVAL '10:40:00' HOUR_SECOND), 'EXITED', 0, NULL),
(2, 2, 2, 2, 3, NULL, 27, NULL, DATE_ADD(DATE_ADD(CURRENT_DATE(), INTERVAL 0 DAY), INTERVAL '10:12:00' HOUR_SECOND), NULL, 'OVERTIME', 1, '超过预计离校时间，已通知安保跟进'),
(3, 4, 4, 4, 5, NULL, 29, NULL, DATE_ADD(DATE_ADD(CURRENT_DATE(), INTERVAL 0 DAY), INTERVAL '12:12:00' HOUR_SECOND), NULL, 'ENTERED', 0, NULL),
(4, 12, 12, 6, 6, NULL, 27, NULL, DATE_ADD(DATE_ADD(CURRENT_DATE(), INTERVAL 0 DAY), INTERVAL '12:12:00' HOUR_SECOND), NULL, 'ENTERED', 0, NULL),
(5, 13, 13, 7, 7, 2, 28, 29, DATE_ADD(DATE_ADD(CURRENT_DATE(), INTERVAL 0 DAY), INTERVAL '13:12:00' HOUR_SECOND), DATE_ADD(DATE_ADD(CURRENT_DATE(), INTERVAL 0 DAY), INTERVAL '14:40:00' HOUR_SECOND), 'EXITED', 0, NULL),
(6, 14, 14, 8, 1, NULL, 29, NULL, DATE_ADD(DATE_ADD(CURRENT_DATE(), INTERVAL 0 DAY), INTERVAL '14:12:00' HOUR_SECOND), NULL, 'OVERTIME', 1, '超过预计离校时间，已通知安保跟进'),
(7, 18, 18, 10, 5, NULL, 28, NULL, DATE_ADD(DATE_ADD(CURRENT_DATE(), INTERVAL 0 DAY), INTERVAL '10:12:00' HOUR_SECOND), NULL, 'OVERTIME', 1, '超过预计离校时间，已通知安保跟进'),
(8, 20, 20, 11, 7, 2, 25, 26, DATE_ADD(DATE_ADD(CURRENT_DATE(), INTERVAL -10 DAY), INTERVAL '12:12:00' HOUR_SECOND), DATE_ADD(DATE_ADD(CURRENT_DATE(), INTERVAL -10 DAY), INTERVAL '14:40:00' HOUR_SECOND), 'EXITED', 0, NULL),
(9, 21, 21, 12, 1, 3, 26, 27, DATE_ADD(DATE_ADD(CURRENT_DATE(), INTERVAL -9 DAY), INTERVAL '13:12:00' HOUR_SECOND), DATE_ADD(DATE_ADD(CURRENT_DATE(), INTERVAL -9 DAY), INTERVAL '16:40:00' HOUR_SECOND), 'EXITED', 0, NULL),
(10, 22, 22, 13, 2, NULL, 27, NULL, DATE_ADD(DATE_ADD(CURRENT_DATE(), INTERVAL -8 DAY), INTERVAL '14:12:00' HOUR_SECOND), NULL, 'OVERTIME', 1, '超过预计离校时间，已通知安保跟进'),
(11, 24, 24, 14, 4, 6, 29, 25, DATE_ADD(DATE_ADD(CURRENT_DATE(), INTERVAL -6 DAY), INTERVAL '08:12:00' HOUR_SECOND), DATE_ADD(DATE_ADD(CURRENT_DATE(), INTERVAL -6 DAY), INTERVAL '09:20:00' HOUR_SECOND), 'ABNORMAL', 0, '证件信息与随行人员登记不一致，已人工复核'),
(12, 25, 25, 15, 5, 7, 25, 26, DATE_ADD(DATE_ADD(CURRENT_DATE(), INTERVAL -5 DAY), INTERVAL '09:12:00' HOUR_SECOND), DATE_ADD(DATE_ADD(CURRENT_DATE(), INTERVAL -5 DAY), INTERVAL '10:40:00' HOUR_SECOND), 'EXITED', 0, NULL),
(13, 26, 26, 16, 6, 1, 26, 27, DATE_ADD(DATE_ADD(CURRENT_DATE(), INTERVAL -4 DAY), INTERVAL '10:12:00' HOUR_SECOND), DATE_ADD(DATE_ADD(CURRENT_DATE(), INTERVAL -4 DAY), INTERVAL '12:40:00' HOUR_SECOND), 'EXITED', 0, NULL),
(14, 27, 27, 17, 7, NULL, 27, NULL, DATE_ADD(DATE_ADD(CURRENT_DATE(), INTERVAL -3 DAY), INTERVAL '11:12:00' HOUR_SECOND), NULL, 'OVERTIME', 1, '超过预计离校时间，已通知安保跟进'),
(15, 28, 28, 18, 1, NULL, 28, NULL, DATE_ADD(DATE_ADD(CURRENT_DATE(), INTERVAL -2 DAY), INTERVAL '12:12:00' HOUR_SECOND), NULL, 'ENTERED', 0, NULL),
(16, 30, 30, 19, 3, NULL, 25, NULL, DATE_ADD(DATE_ADD(CURRENT_DATE(), INTERVAL 0 DAY), INTERVAL '14:12:00' HOUR_SECOND), NULL, 'OVERTIME', 1, '超过预计离校时间，已通知安保跟进'),
(17, 43, 43, 27, 2, NULL, 28, NULL, DATE_ADD(DATE_ADD(CURRENT_DATE(), INTERVAL -29 DAY), INTERVAL '11:12:00' HOUR_SECOND), NULL, 'ENTERED', 0, NULL),
(18, 44, 44, 28, 3, 5, 29, 25, DATE_ADD(DATE_ADD(CURRENT_DATE(), INTERVAL -28 DAY), INTERVAL '12:12:00' HOUR_SECOND), DATE_ADD(DATE_ADD(CURRENT_DATE(), INTERVAL -28 DAY), INTERVAL '15:20:00' HOUR_SECOND), 'ABNORMAL', 0, '证件信息与随行人员登记不一致，已人工复核'),
(19, 45, 45, 29, 4, 6, 25, 26, DATE_ADD(DATE_ADD(CURRENT_DATE(), INTERVAL -27 DAY), INTERVAL '13:12:00' HOUR_SECOND), DATE_ADD(DATE_ADD(CURRENT_DATE(), INTERVAL -27 DAY), INTERVAL '16:40:00' HOUR_SECOND), 'EXITED', 0, NULL),
(20, 47, 47, 30, 6, NULL, 27, NULL, DATE_ADD(DATE_ADD(CURRENT_DATE(), INTERVAL -25 DAY), INTERVAL '15:12:00' HOUR_SECOND), NULL, 'OVERTIME', 1, '超过预计离校时间，已通知安保跟进'),
(21, 48, 48, 31, 7, NULL, 28, NULL, DATE_ADD(DATE_ADD(CURRENT_DATE(), INTERVAL -24 DAY), INTERVAL '08:12:00' HOUR_SECOND), NULL, 'ENTERED', 0, NULL),
(22, 49, 49, 32, 1, 3, 29, 25, DATE_ADD(DATE_ADD(CURRENT_DATE(), INTERVAL -23 DAY), INTERVAL '09:12:00' HOUR_SECOND), DATE_ADD(DATE_ADD(CURRENT_DATE(), INTERVAL -23 DAY), INTERVAL '11:20:00' HOUR_SECOND), 'ABNORMAL', 0, '证件信息与随行人员登记不一致，已人工复核'),
(23, 50, 50, 33, 2, 4, 25, 26, DATE_ADD(DATE_ADD(CURRENT_DATE(), INTERVAL -22 DAY), INTERVAL '10:12:00' HOUR_SECOND), DATE_ADD(DATE_ADD(CURRENT_DATE(), INTERVAL -22 DAY), INTERVAL '12:40:00' HOUR_SECOND), 'EXITED', 0, NULL),
(24, 52, 52, 34, 4, NULL, 27, NULL, DATE_ADD(DATE_ADD(CURRENT_DATE(), INTERVAL -20 DAY), INTERVAL '12:12:00' HOUR_SECOND), NULL, 'OVERTIME', 1, '超过预计离校时间，已通知安保跟进'),
(25, 53, 53, 35, 5, NULL, 28, NULL, DATE_ADD(DATE_ADD(CURRENT_DATE(), INTERVAL -19 DAY), INTERVAL '13:12:00' HOUR_SECOND), NULL, 'ENTERED', 0, NULL),
(26, 54, 54, 36, 6, 1, 29, 25, DATE_ADD(DATE_ADD(CURRENT_DATE(), INTERVAL -18 DAY), INTERVAL '14:12:00' HOUR_SECOND), DATE_ADD(DATE_ADD(CURRENT_DATE(), INTERVAL -18 DAY), INTERVAL '15:20:00' HOUR_SECOND), 'ABNORMAL', 0, '证件信息与随行人员登记不一致，已人工复核'),
(27, 55, 55, 37, 7, 2, 25, 26, DATE_ADD(DATE_ADD(CURRENT_DATE(), INTERVAL -17 DAY), INTERVAL '15:12:00' HOUR_SECOND), DATE_ADD(DATE_ADD(CURRENT_DATE(), INTERVAL -17 DAY), INTERVAL '16:40:00' HOUR_SECOND), 'EXITED', 0, NULL),
(28, 56, 56, 38, 1, 3, 26, 27, DATE_ADD(DATE_ADD(CURRENT_DATE(), INTERVAL -16 DAY), INTERVAL '08:12:00' HOUR_SECOND), DATE_ADD(DATE_ADD(CURRENT_DATE(), INTERVAL -16 DAY), INTERVAL '10:40:00' HOUR_SECOND), 'EXITED', 0, NULL),
(29, 59, 59, 39, 4, 6, 29, 25, DATE_ADD(DATE_ADD(CURRENT_DATE(), INTERVAL -13 DAY), INTERVAL '11:12:00' HOUR_SECOND), DATE_ADD(DATE_ADD(CURRENT_DATE(), INTERVAL -13 DAY), INTERVAL '17:20:00' HOUR_SECOND), 'ABNORMAL', 0, '证件信息与随行人员登记不一致，已人工复核'),
(30, 60, 60, 40, 5, 7, 25, 26, DATE_ADD(DATE_ADD(CURRENT_DATE(), INTERVAL -12 DAY), INTERVAL '12:12:00' HOUR_SECOND), DATE_ADD(DATE_ADD(CURRENT_DATE(), INTERVAL -12 DAY), INTERVAL '12:40:00' HOUR_SECOND), 'EXITED', 0, NULL),
(31, 61, 61, 41, 6, 1, 26, 27, DATE_ADD(DATE_ADD(CURRENT_DATE(), INTERVAL -11 DAY), INTERVAL '13:12:00' HOUR_SECOND), DATE_ADD(DATE_ADD(CURRENT_DATE(), INTERVAL -11 DAY), INTERVAL '14:40:00' HOUR_SECOND), 'EXITED', 0, NULL),
(32, 63, 63, 42, 1, NULL, 28, NULL, DATE_ADD(DATE_ADD(CURRENT_DATE(), INTERVAL -9 DAY), INTERVAL '15:12:00' HOUR_SECOND), NULL, 'ENTERED', 0, NULL),
(33, 64, 64, 43, 2, 4, 29, 25, DATE_ADD(DATE_ADD(CURRENT_DATE(), INTERVAL -8 DAY), INTERVAL '08:12:00' HOUR_SECOND), DATE_ADD(DATE_ADD(CURRENT_DATE(), INTERVAL -8 DAY), INTERVAL '13:20:00' HOUR_SECOND), 'ABNORMAL', 0, '证件信息与随行人员登记不一致，已人工复核'),
(34, 65, 65, 44, 3, 5, 25, 26, DATE_ADD(DATE_ADD(CURRENT_DATE(), INTERVAL -7 DAY), INTERVAL '09:12:00' HOUR_SECOND), DATE_ADD(DATE_ADD(CURRENT_DATE(), INTERVAL -7 DAY), INTERVAL '14:40:00' HOUR_SECOND), 'EXITED', 0, NULL),
(35, 66, 66, 45, 4, 6, 26, 27, DATE_ADD(DATE_ADD(CURRENT_DATE(), INTERVAL -6 DAY), INTERVAL '10:12:00' HOUR_SECOND), DATE_ADD(DATE_ADD(CURRENT_DATE(), INTERVAL -6 DAY), INTERVAL '10:40:00' HOUR_SECOND), 'EXITED', 0, NULL),
(36, 67, 67, 46, 5, NULL, 27, NULL, DATE_ADD(DATE_ADD(CURRENT_DATE(), INTERVAL -5 DAY), INTERVAL '11:12:00' HOUR_SECOND), NULL, 'OVERTIME', 1, '超过预计离校时间，已通知安保跟进'),
(37, 70, 70, 47, 1, 3, 25, 26, DATE_ADD(DATE_ADD(CURRENT_DATE(), INTERVAL -2 DAY), INTERVAL '14:12:00' HOUR_SECOND), DATE_ADD(DATE_ADD(CURRENT_DATE(), INTERVAL -2 DAY), INTERVAL '18:40:00' HOUR_SECOND), 'EXITED', 0, NULL),
(38, 71, 71, 48, 2, 4, 26, 27, DATE_ADD(DATE_ADD(CURRENT_DATE(), INTERVAL -1 DAY), INTERVAL '15:12:00' HOUR_SECOND), DATE_ADD(DATE_ADD(CURRENT_DATE(), INTERVAL -1 DAY), INTERVAL '20:40:00' HOUR_SECOND), 'EXITED', 0, NULL),
(39, 72, 72, 49, 3, NULL, 27, NULL, DATE_ADD(DATE_ADD(CURRENT_DATE(), INTERVAL 0 DAY), INTERVAL '08:12:00' HOUR_SECOND), NULL, 'ENTERED', 0, NULL),
(40, 80, 80, 55, 4, 6, 25, 26, DATE_ADD(DATE_ADD(CURRENT_DATE(), INTERVAL -29 DAY), INTERVAL '08:12:00' HOUR_SECOND), DATE_ADD(DATE_ADD(CURRENT_DATE(), INTERVAL -29 DAY), INTERVAL '10:40:00' HOUR_SECOND), 'EXITED', 0, NULL),
(41, 81, 81, 56, 5, 7, 26, 27, DATE_ADD(DATE_ADD(CURRENT_DATE(), INTERVAL -28 DAY), INTERVAL '09:12:00' HOUR_SECOND), DATE_ADD(DATE_ADD(CURRENT_DATE(), INTERVAL -28 DAY), INTERVAL '12:40:00' HOUR_SECOND), 'EXITED', 0, NULL),
(42, 83, 83, 57, 7, NULL, 28, NULL, DATE_ADD(DATE_ADD(CURRENT_DATE(), INTERVAL -26 DAY), INTERVAL '11:12:00' HOUR_SECOND), NULL, 'ENTERED', 0, NULL),
(43, 84, 84, 58, 1, 3, 29, 25, DATE_ADD(DATE_ADD(CURRENT_DATE(), INTERVAL -25 DAY), INTERVAL '12:12:00' HOUR_SECOND), DATE_ADD(DATE_ADD(CURRENT_DATE(), INTERVAL -25 DAY), INTERVAL '13:20:00' HOUR_SECOND), 'ABNORMAL', 0, '证件信息与随行人员登记不一致，已人工复核'),
(44, 86, 86, 59, 3, 5, 26, 27, DATE_ADD(DATE_ADD(CURRENT_DATE(), INTERVAL -23 DAY), INTERVAL '14:12:00' HOUR_SECOND), DATE_ADD(DATE_ADD(CURRENT_DATE(), INTERVAL -23 DAY), INTERVAL '16:40:00' HOUR_SECOND), 'EXITED', 0, NULL),
(45, 88, 88, 60, 5, NULL, 28, NULL, DATE_ADD(DATE_ADD(CURRENT_DATE(), INTERVAL -21 DAY), INTERVAL '08:12:00' HOUR_SECOND), NULL, 'ENTERED', 0, NULL),
(46, 89, 89, 61, 6, 1, 29, 25, DATE_ADD(DATE_ADD(CURRENT_DATE(), INTERVAL -20 DAY), INTERVAL '09:12:00' HOUR_SECOND), DATE_ADD(DATE_ADD(CURRENT_DATE(), INTERVAL -20 DAY), INTERVAL '15:20:00' HOUR_SECOND), 'ABNORMAL', 0, '证件信息与随行人员登记不一致，已人工复核'),
(47, 90, 90, 62, 7, 2, 25, 26, DATE_ADD(DATE_ADD(CURRENT_DATE(), INTERVAL -19 DAY), INTERVAL '10:12:00' HOUR_SECOND), DATE_ADD(DATE_ADD(CURRENT_DATE(), INTERVAL -19 DAY), INTERVAL '10:40:00' HOUR_SECOND), 'EXITED', 0, NULL),
(48, 91, 91, 63, 1, 3, 26, 27, DATE_ADD(DATE_ADD(CURRENT_DATE(), INTERVAL -18 DAY), INTERVAL '11:12:00' HOUR_SECOND), DATE_ADD(DATE_ADD(CURRENT_DATE(), INTERVAL -18 DAY), INTERVAL '12:40:00' HOUR_SECOND), 'EXITED', 0, NULL),
(49, 94, 94, 64, 4, 6, 29, 25, DATE_ADD(DATE_ADD(CURRENT_DATE(), INTERVAL -15 DAY), INTERVAL '14:12:00' HOUR_SECOND), DATE_ADD(DATE_ADD(CURRENT_DATE(), INTERVAL -15 DAY), INTERVAL '19:20:00' HOUR_SECOND), 'ABNORMAL', 0, '证件信息与随行人员登记不一致，已人工复核'),
(50, 96, 96, 65, 6, 1, 26, 27, DATE_ADD(DATE_ADD(CURRENT_DATE(), INTERVAL -13 DAY), INTERVAL '08:12:00' HOUR_SECOND), DATE_ADD(DATE_ADD(CURRENT_DATE(), INTERVAL -13 DAY), INTERVAL '08:40:00' HOUR_SECOND), 'EXITED', 0, NULL),
(51, 97, 97, 66, 7, NULL, 27, NULL, DATE_ADD(DATE_ADD(CURRENT_DATE(), INTERVAL -12 DAY), INTERVAL '09:12:00' HOUR_SECOND), NULL, 'OVERTIME', 1, '超过预计离校时间，已通知安保跟进'),
(52, 98, 98, 67, 1, NULL, 28, NULL, DATE_ADD(DATE_ADD(CURRENT_DATE(), INTERVAL -11 DAY), INTERVAL '10:12:00' HOUR_SECOND), NULL, 'ENTERED', 0, NULL),
(53, 99, 99, 68, 2, 4, 29, 25, DATE_ADD(DATE_ADD(CURRENT_DATE(), INTERVAL -10 DAY), INTERVAL '11:12:00' HOUR_SECOND), DATE_ADD(DATE_ADD(CURRENT_DATE(), INTERVAL -10 DAY), INTERVAL '15:20:00' HOUR_SECOND), 'ABNORMAL', 0, '证件信息与随行人员登记不一致，已人工复核'),
(54, 100, 100, 69, 3, 5, 25, 26, DATE_ADD(DATE_ADD(CURRENT_DATE(), INTERVAL -9 DAY), INTERVAL '12:12:00' HOUR_SECOND), DATE_ADD(DATE_ADD(CURRENT_DATE(), INTERVAL -9 DAY), INTERVAL '16:40:00' HOUR_SECOND), 'EXITED', 0, NULL),
(55, 101, 101, 70, 4, 6, 26, 27, DATE_ADD(DATE_ADD(CURRENT_DATE(), INTERVAL -8 DAY), INTERVAL '13:12:00' HOUR_SECOND), DATE_ADD(DATE_ADD(CURRENT_DATE(), INTERVAL -8 DAY), INTERVAL '18:40:00' HOUR_SECOND), 'EXITED', 0, NULL),
(56, 103, 103, 71, 6, NULL, 28, NULL, DATE_ADD(DATE_ADD(CURRENT_DATE(), INTERVAL -6 DAY), INTERVAL '15:12:00' HOUR_SECOND), NULL, 'ENTERED', 0, NULL),
(57, 104, 104, 72, 7, 2, 29, 25, DATE_ADD(DATE_ADD(CURRENT_DATE(), INTERVAL -5 DAY), INTERVAL '08:12:00' HOUR_SECOND), DATE_ADD(DATE_ADD(CURRENT_DATE(), INTERVAL -5 DAY), INTERVAL '11:20:00' HOUR_SECOND), 'ABNORMAL', 0, '证件信息与随行人员登记不一致，已人工复核'),
(58, 105, 105, 73, 1, 3, 25, 26, DATE_ADD(DATE_ADD(CURRENT_DATE(), INTERVAL -4 DAY), INTERVAL '09:12:00' HOUR_SECOND), DATE_ADD(DATE_ADD(CURRENT_DATE(), INTERVAL -4 DAY), INTERVAL '12:40:00' HOUR_SECOND), 'EXITED', 0, NULL),
(59, 106, 106, 74, 2, 4, 26, 27, DATE_ADD(DATE_ADD(CURRENT_DATE(), INTERVAL -3 DAY), INTERVAL '10:12:00' HOUR_SECOND), DATE_ADD(DATE_ADD(CURRENT_DATE(), INTERVAL -3 DAY), INTERVAL '14:40:00' HOUR_SECOND), 'EXITED', 0, NULL),
(60, 107, 107, 75, 3, NULL, 27, NULL, DATE_ADD(DATE_ADD(CURRENT_DATE(), INTERVAL -2 DAY), INTERVAL '11:12:00' HOUR_SECOND), NULL, 'OVERTIME', 1, '超过预计离校时间，已通知安保跟进'),
(61, 108, 108, 76, 4, NULL, 28, NULL, DATE_ADD(DATE_ADD(CURRENT_DATE(), INTERVAL -1 DAY), INTERVAL '12:12:00' HOUR_SECOND), NULL, 'ENTERED', 0, NULL),
(62, 109, 109, 77, 5, 7, 29, 25, DATE_ADD(DATE_ADD(CURRENT_DATE(), INTERVAL 0 DAY), INTERVAL '13:12:00' HOUR_SECOND), DATE_ADD(DATE_ADD(CURRENT_DATE(), INTERVAL 0 DAY), INTERVAL '14:40:00' HOUR_SECOND), 'EXITED', 0, NULL),
(63, 117, 117, 81, 6, NULL, 27, NULL, DATE_ADD(DATE_ADD(CURRENT_DATE(), INTERVAL -29 DAY), INTERVAL '13:12:00' HOUR_SECOND), NULL, 'OVERTIME', 1, '超过预计离校时间，已通知安保跟进'),
(64, 118, 118, 82, 7, NULL, 28, NULL, DATE_ADD(DATE_ADD(CURRENT_DATE(), INTERVAL -28 DAY), INTERVAL '14:12:00' HOUR_SECOND), NULL, 'ENTERED', 0, NULL),
(65, 120, 120, 83, 2, 4, 25, 26, DATE_ADD(DATE_ADD(CURRENT_DATE(), INTERVAL -26 DAY), INTERVAL '08:12:00' HOUR_SECOND), DATE_ADD(DATE_ADD(CURRENT_DATE(), INTERVAL -26 DAY), INTERVAL '08:40:00' HOUR_SECOND), 'EXITED', 0, NULL),
(66, 121, 121, 84, 3, 5, 26, 27, DATE_ADD(DATE_ADD(CURRENT_DATE(), INTERVAL -25 DAY), INTERVAL '09:12:00' HOUR_SECOND), DATE_ADD(DATE_ADD(CURRENT_DATE(), INTERVAL -25 DAY), INTERVAL '10:40:00' HOUR_SECOND), 'EXITED', 0, NULL),
(67, 122, 122, 85, 4, NULL, 27, NULL, DATE_ADD(DATE_ADD(CURRENT_DATE(), INTERVAL -24 DAY), INTERVAL '10:12:00' HOUR_SECOND), NULL, 'OVERTIME', 1, '超过预计离校时间，已通知安保跟进'),
(68, 125, 125, 86, 7, 2, 25, 26, DATE_ADD(DATE_ADD(CURRENT_DATE(), INTERVAL -21 DAY), INTERVAL '13:12:00' HOUR_SECOND), DATE_ADD(DATE_ADD(CURRENT_DATE(), INTERVAL -21 DAY), INTERVAL '18:40:00' HOUR_SECOND), 'EXITED', 0, NULL),
(69, 126, 126, 87, 1, 3, 26, 27, DATE_ADD(DATE_ADD(CURRENT_DATE(), INTERVAL -20 DAY), INTERVAL '14:12:00' HOUR_SECOND), DATE_ADD(DATE_ADD(CURRENT_DATE(), INTERVAL -20 DAY), INTERVAL '14:40:00' HOUR_SECOND), 'EXITED', 0, NULL),
(70, 127, 127, 88, 2, NULL, 27, NULL, DATE_ADD(DATE_ADD(CURRENT_DATE(), INTERVAL -19 DAY), INTERVAL '15:12:00' HOUR_SECOND), NULL, 'OVERTIME', 1, '超过预计离校时间，已通知安保跟进'),
(71, 128, 128, 89, 3, NULL, 28, NULL, DATE_ADD(DATE_ADD(CURRENT_DATE(), INTERVAL -18 DAY), INTERVAL '08:12:00' HOUR_SECOND), NULL, 'ENTERED', 0, NULL),
(72, 129, 129, 90, 4, 6, 29, 25, DATE_ADD(DATE_ADD(CURRENT_DATE(), INTERVAL -17 DAY), INTERVAL '09:12:00' HOUR_SECOND), DATE_ADD(DATE_ADD(CURRENT_DATE(), INTERVAL -17 DAY), INTERVAL '13:20:00' HOUR_SECOND), 'ABNORMAL', 0, '证件信息与随行人员登记不一致，已人工复核'),
(73, 130, 130, 91, 5, 7, 25, 26, DATE_ADD(DATE_ADD(CURRENT_DATE(), INTERVAL -16 DAY), INTERVAL '10:12:00' HOUR_SECOND), DATE_ADD(DATE_ADD(CURRENT_DATE(), INTERVAL -16 DAY), INTERVAL '14:40:00' HOUR_SECOND), 'EXITED', 0, NULL),
(74, 131, 131, 92, 6, 1, 26, 27, DATE_ADD(DATE_ADD(CURRENT_DATE(), INTERVAL -15 DAY), INTERVAL '11:12:00' HOUR_SECOND), DATE_ADD(DATE_ADD(CURRENT_DATE(), INTERVAL -15 DAY), INTERVAL '16:40:00' HOUR_SECOND), 'EXITED', 0, NULL),
(75, 132, 132, 93, 7, NULL, 27, NULL, DATE_ADD(DATE_ADD(CURRENT_DATE(), INTERVAL -14 DAY), INTERVAL '12:12:00' HOUR_SECOND), NULL, 'OVERTIME', 1, '超过预计离校时间，已通知安保跟进'),
(76, 134, 134, 94, 2, 4, 29, 25, DATE_ADD(DATE_ADD(CURRENT_DATE(), INTERVAL -12 DAY), INTERVAL '14:12:00' HOUR_SECOND), DATE_ADD(DATE_ADD(CURRENT_DATE(), INTERVAL -12 DAY), INTERVAL '17:20:00' HOUR_SECOND), 'ABNORMAL', 0, '证件信息与随行人员登记不一致，已人工复核'),
(77, 135, 135, 95, 3, 5, 25, 26, DATE_ADD(DATE_ADD(CURRENT_DATE(), INTERVAL -11 DAY), INTERVAL '15:12:00' HOUR_SECOND), DATE_ADD(DATE_ADD(CURRENT_DATE(), INTERVAL -11 DAY), INTERVAL '18:40:00' HOUR_SECOND), 'EXITED', 0, NULL),
(78, 137, 137, 96, 5, NULL, 27, NULL, DATE_ADD(DATE_ADD(CURRENT_DATE(), INTERVAL -9 DAY), INTERVAL '09:12:00' HOUR_SECOND), NULL, 'OVERTIME', 1, '超过预计离校时间，已通知安保跟进'),
(79, 139, 139, 97, 7, 2, 29, 25, DATE_ADD(DATE_ADD(CURRENT_DATE(), INTERVAL -7 DAY), INTERVAL '11:12:00' HOUR_SECOND), DATE_ADD(DATE_ADD(CURRENT_DATE(), INTERVAL -7 DAY), INTERVAL '13:20:00' HOUR_SECOND), 'ABNORMAL', 0, '证件信息与随行人员登记不一致，已人工复核'),
(80, 140, 140, 98, 1, 3, 25, 26, DATE_ADD(DATE_ADD(CURRENT_DATE(), INTERVAL -6 DAY), INTERVAL '12:12:00' HOUR_SECOND), DATE_ADD(DATE_ADD(CURRENT_DATE(), INTERVAL -6 DAY), INTERVAL '14:40:00' HOUR_SECOND), 'EXITED', 0, NULL);
INSERT INTO access_record (id, apply_id, visitor_id, pass_code_id, entry_gate_id, exit_gate_id, entry_guard_id, exit_guard_id, entry_time, exit_time, access_status, overtime_flag, abnormal_reason) VALUES
(81, 141, 1, 99, 2, 4, 26, 27, DATE_ADD(DATE_ADD(CURRENT_DATE(), INTERVAL -5 DAY), INTERVAL '13:12:00' HOUR_SECOND), DATE_ADD(DATE_ADD(CURRENT_DATE(), INTERVAL -5 DAY), INTERVAL '16:40:00' HOUR_SECOND), 'EXITED', 0, NULL),
(82, 142, 2, 100, 3, NULL, 27, NULL, DATE_ADD(DATE_ADD(CURRENT_DATE(), INTERVAL -4 DAY), INTERVAL '14:12:00' HOUR_SECOND), NULL, 'OVERTIME', 1, '超过预计离校时间，已通知安保跟进'),
(83, 143, 3, 101, 4, NULL, 28, NULL, DATE_ADD(DATE_ADD(CURRENT_DATE(), INTERVAL -3 DAY), INTERVAL '15:12:00' HOUR_SECOND), NULL, 'ENTERED', 0, NULL),
(84, 144, 4, 102, 5, 7, 29, 25, DATE_ADD(DATE_ADD(CURRENT_DATE(), INTERVAL -2 DAY), INTERVAL '08:12:00' HOUR_SECOND), DATE_ADD(DATE_ADD(CURRENT_DATE(), INTERVAL -2 DAY), INTERVAL '09:20:00' HOUR_SECOND), 'ABNORMAL', 0, '证件信息与随行人员登记不一致，已人工复核'),
(85, 146, 6, 103, 7, NULL, 26, NULL, DATE_ADD(DATE_ADD(CURRENT_DATE(), INTERVAL 0 DAY), INTERVAL '10:12:00' HOUR_SECOND), NULL, 'OVERTIME', 1, '超过预计离校时间，已通知安保跟进'),
(86, 154, 14, 108, 1, 3, 29, 25, DATE_ADD(DATE_ADD(CURRENT_DATE(), INTERVAL -29 DAY), INTERVAL '10:12:00' HOUR_SECOND), DATE_ADD(DATE_ADD(CURRENT_DATE(), INTERVAL -29 DAY), INTERVAL '15:20:00' HOUR_SECOND), 'ABNORMAL', 0, '证件信息与随行人员登记不一致，已人工复核'),
(87, 156, 16, 109, 3, 5, 26, 27, DATE_ADD(DATE_ADD(CURRENT_DATE(), INTERVAL -27 DAY), INTERVAL '12:12:00' HOUR_SECOND), DATE_ADD(DATE_ADD(CURRENT_DATE(), INTERVAL -27 DAY), INTERVAL '12:40:00' HOUR_SECOND), 'EXITED', 0, NULL),
(88, 157, 17, 110, 4, NULL, 27, NULL, DATE_ADD(DATE_ADD(CURRENT_DATE(), INTERVAL -26 DAY), INTERVAL '13:12:00' HOUR_SECOND), NULL, 'OVERTIME', 1, '超过预计离校时间，已通知安保跟进'),
(89, 158, 18, 111, 5, NULL, 28, NULL, DATE_ADD(DATE_ADD(CURRENT_DATE(), INTERVAL -25 DAY), INTERVAL '14:12:00' HOUR_SECOND), NULL, 'ENTERED', 0, NULL),
(90, 159, 19, 112, 6, 1, 29, 25, DATE_ADD(DATE_ADD(CURRENT_DATE(), INTERVAL -24 DAY), INTERVAL '15:12:00' HOUR_SECOND), DATE_ADD(DATE_ADD(CURRENT_DATE(), INTERVAL -24 DAY), INTERVAL '19:20:00' HOUR_SECOND), 'ABNORMAL', 0, '证件信息与随行人员登记不一致，已人工复核'),
(91, 160, 20, 113, 7, 2, 25, 26, DATE_ADD(DATE_ADD(CURRENT_DATE(), INTERVAL -23 DAY), INTERVAL '08:12:00' HOUR_SECOND), DATE_ADD(DATE_ADD(CURRENT_DATE(), INTERVAL -23 DAY), INTERVAL '12:40:00' HOUR_SECOND), 'EXITED', 0, NULL),
(92, 162, 22, 114, 2, NULL, 27, NULL, DATE_ADD(DATE_ADD(CURRENT_DATE(), INTERVAL -21 DAY), INTERVAL '10:12:00' HOUR_SECOND), NULL, 'OVERTIME', 1, '超过预计离校时间，已通知安保跟进'),
(93, 163, 23, 115, 3, NULL, 28, NULL, DATE_ADD(DATE_ADD(CURRENT_DATE(), INTERVAL -20 DAY), INTERVAL '11:12:00' HOUR_SECOND), NULL, 'ENTERED', 0, NULL),
(94, 165, 25, 116, 5, 7, 25, 26, DATE_ADD(DATE_ADD(CURRENT_DATE(), INTERVAL -18 DAY), INTERVAL '13:12:00' HOUR_SECOND), DATE_ADD(DATE_ADD(CURRENT_DATE(), INTERVAL -18 DAY), INTERVAL '16:40:00' HOUR_SECOND), 'EXITED', 0, NULL),
(95, 166, 26, 117, 6, 1, 26, 27, DATE_ADD(DATE_ADD(CURRENT_DATE(), INTERVAL -17 DAY), INTERVAL '14:12:00' HOUR_SECOND), DATE_ADD(DATE_ADD(CURRENT_DATE(), INTERVAL -17 DAY), INTERVAL '18:40:00' HOUR_SECOND), 'EXITED', 0, NULL),
(96, 167, 27, 118, 7, NULL, 27, NULL, DATE_ADD(DATE_ADD(CURRENT_DATE(), INTERVAL -16 DAY), INTERVAL '15:12:00' HOUR_SECOND), NULL, 'OVERTIME', 1, '超过预计离校时间，已通知安保跟进'),
(97, 168, 28, 119, 1, NULL, 28, NULL, DATE_ADD(DATE_ADD(CURRENT_DATE(), INTERVAL -15 DAY), INTERVAL '08:12:00' HOUR_SECOND), NULL, 'ENTERED', 0, NULL),
(98, 169, 29, 120, 2, 4, 29, 25, DATE_ADD(DATE_ADD(CURRENT_DATE(), INTERVAL -14 DAY), INTERVAL '09:12:00' HOUR_SECOND), DATE_ADD(DATE_ADD(CURRENT_DATE(), INTERVAL -14 DAY), INTERVAL '11:20:00' HOUR_SECOND), 'ABNORMAL', 0, '证件信息与随行人员登记不一致，已人工复核'),
(99, 172, 32, 121, 5, NULL, 27, NULL, DATE_ADD(DATE_ADD(CURRENT_DATE(), INTERVAL -11 DAY), INTERVAL '12:12:00' HOUR_SECOND), NULL, 'OVERTIME', 1, '超过预计离校时间，已通知安保跟进'),
(100, 173, 33, 122, 6, NULL, 28, NULL, DATE_ADD(DATE_ADD(CURRENT_DATE(), INTERVAL -10 DAY), INTERVAL '13:12:00' HOUR_SECOND), NULL, 'ENTERED', 0, NULL),
(101, 175, 35, 123, 1, 3, 25, 26, DATE_ADD(DATE_ADD(CURRENT_DATE(), INTERVAL -8 DAY), INTERVAL '15:12:00' HOUR_SECOND), DATE_ADD(DATE_ADD(CURRENT_DATE(), INTERVAL -8 DAY), INTERVAL '16:40:00' HOUR_SECOND), 'EXITED', 0, NULL),
(102, 176, 36, 124, 2, 4, 26, 27, DATE_ADD(DATE_ADD(CURRENT_DATE(), INTERVAL -7 DAY), INTERVAL '08:12:00' HOUR_SECOND), DATE_ADD(DATE_ADD(CURRENT_DATE(), INTERVAL -7 DAY), INTERVAL '10:40:00' HOUR_SECOND), 'EXITED', 0, NULL),
(103, 177, 37, 125, 3, NULL, 27, NULL, DATE_ADD(DATE_ADD(CURRENT_DATE(), INTERVAL -6 DAY), INTERVAL '09:12:00' HOUR_SECOND), NULL, 'OVERTIME', 1, '超过预计离校时间，已通知安保跟进'),
(104, 178, 38, 126, 4, NULL, 28, NULL, DATE_ADD(DATE_ADD(CURRENT_DATE(), INTERVAL -5 DAY), INTERVAL '10:12:00' HOUR_SECOND), NULL, 'ENTERED', 0, NULL),
(105, 179, 39, 127, 5, 7, 29, 25, DATE_ADD(DATE_ADD(CURRENT_DATE(), INTERVAL -4 DAY), INTERVAL '11:12:00' HOUR_SECOND), DATE_ADD(DATE_ADD(CURRENT_DATE(), INTERVAL -4 DAY), INTERVAL '17:20:00' HOUR_SECOND), 'ABNORMAL', 0, '证件信息与随行人员登记不一致，已人工复核'),
(106, 180, 40, 128, 6, 1, 25, 26, DATE_ADD(DATE_ADD(CURRENT_DATE(), INTERVAL -3 DAY), INTERVAL '12:12:00' HOUR_SECOND), DATE_ADD(DATE_ADD(CURRENT_DATE(), INTERVAL -3 DAY), INTERVAL '12:40:00' HOUR_SECOND), 'EXITED', 0, NULL),
(107, 181, 41, 129, 7, 2, 26, 27, DATE_ADD(DATE_ADD(CURRENT_DATE(), INTERVAL -2 DAY), INTERVAL '13:12:00' HOUR_SECOND), DATE_ADD(DATE_ADD(CURRENT_DATE(), INTERVAL -2 DAY), INTERVAL '14:40:00' HOUR_SECOND), 'EXITED', 0, NULL),
(108, 182, 42, 130, 1, NULL, 27, NULL, DATE_ADD(DATE_ADD(CURRENT_DATE(), INTERVAL -1 DAY), INTERVAL '14:12:00' HOUR_SECOND), NULL, 'OVERTIME', 1, '超过预计离校时间，已通知安保跟进'),
(109, 191, 51, 134, 3, 5, 26, 27, DATE_ADD(DATE_ADD(CURRENT_DATE(), INTERVAL -29 DAY), INTERVAL '15:12:00' HOUR_SECOND), DATE_ADD(DATE_ADD(CURRENT_DATE(), INTERVAL -29 DAY), INTERVAL '20:40:00' HOUR_SECOND), 'EXITED', 0, NULL),
(110, 192, 52, 135, 4, NULL, 27, NULL, DATE_ADD(DATE_ADD(CURRENT_DATE(), INTERVAL -28 DAY), INTERVAL '08:12:00' HOUR_SECOND), NULL, 'OVERTIME', 1, '超过预计离校时间，已通知安保跟进'),
(111, 193, 53, 136, 5, NULL, 28, NULL, DATE_ADD(DATE_ADD(CURRENT_DATE(), INTERVAL -27 DAY), INTERVAL '09:12:00' HOUR_SECOND), NULL, 'ENTERED', 0, NULL),
(112, 194, 54, 137, 6, 1, 29, 25, DATE_ADD(DATE_ADD(CURRENT_DATE(), INTERVAL -26 DAY), INTERVAL '10:12:00' HOUR_SECOND), DATE_ADD(DATE_ADD(CURRENT_DATE(), INTERVAL -26 DAY), INTERVAL '13:20:00' HOUR_SECOND), 'ABNORMAL', 0, '证件信息与随行人员登记不一致，已人工复核'),
(113, 195, 55, 138, 7, 2, 25, 26, DATE_ADD(DATE_ADD(CURRENT_DATE(), INTERVAL -25 DAY), INTERVAL '11:12:00' HOUR_SECOND), DATE_ADD(DATE_ADD(CURRENT_DATE(), INTERVAL -25 DAY), INTERVAL '14:40:00' HOUR_SECOND), 'EXITED', 0, NULL),
(114, 196, 56, 139, 1, 3, 26, 27, DATE_ADD(DATE_ADD(CURRENT_DATE(), INTERVAL -24 DAY), INTERVAL '12:12:00' HOUR_SECOND), DATE_ADD(DATE_ADD(CURRENT_DATE(), INTERVAL -24 DAY), INTERVAL '16:40:00' HOUR_SECOND), 'EXITED', 0, NULL),
(115, 197, 57, 140, 2, NULL, 27, NULL, DATE_ADD(DATE_ADD(CURRENT_DATE(), INTERVAL -23 DAY), INTERVAL '13:12:00' HOUR_SECOND), NULL, 'OVERTIME', 1, '超过预计离校时间，已通知安保跟进'),
(116, 198, 58, 141, 3, NULL, 28, NULL, DATE_ADD(DATE_ADD(CURRENT_DATE(), INTERVAL -22 DAY), INTERVAL '14:12:00' HOUR_SECOND), NULL, 'ENTERED', 0, NULL),
(117, 199, 59, 142, 4, 6, 29, 25, DATE_ADD(DATE_ADD(CURRENT_DATE(), INTERVAL -21 DAY), INTERVAL '15:12:00' HOUR_SECOND), DATE_ADD(DATE_ADD(CURRENT_DATE(), INTERVAL -21 DAY), INTERVAL '17:20:00' HOUR_SECOND), 'ABNORMAL', 0, '证件信息与随行人员登记不一致，已人工复核'),
(118, 200, 60, 143, 5, 7, 25, 26, DATE_ADD(DATE_ADD(CURRENT_DATE(), INTERVAL -20 DAY), INTERVAL '08:12:00' HOUR_SECOND), DATE_ADD(DATE_ADD(CURRENT_DATE(), INTERVAL -20 DAY), INTERVAL '10:40:00' HOUR_SECOND), 'EXITED', 0, NULL),
(119, 201, 61, 144, 6, 1, 26, 27, DATE_ADD(DATE_ADD(CURRENT_DATE(), INTERVAL -19 DAY), INTERVAL '09:12:00' HOUR_SECOND), DATE_ADD(DATE_ADD(CURRENT_DATE(), INTERVAL -19 DAY), INTERVAL '12:40:00' HOUR_SECOND), 'EXITED', 0, NULL),
(120, 202, 62, 145, 7, NULL, 27, NULL, DATE_ADD(DATE_ADD(CURRENT_DATE(), INTERVAL -18 DAY), INTERVAL '10:12:00' HOUR_SECOND), NULL, 'OVERTIME', 1, '超过预计离校时间，已通知安保跟进'),
(121, 206, 66, 146, 4, 6, 26, 27, DATE_ADD(DATE_ADD(CURRENT_DATE(), INTERVAL -14 DAY), INTERVAL '14:12:00' HOUR_SECOND), DATE_ADD(DATE_ADD(CURRENT_DATE(), INTERVAL -14 DAY), INTERVAL '16:40:00' HOUR_SECOND), 'EXITED', 0, NULL),
(122, 208, 68, 147, 6, NULL, 28, NULL, DATE_ADD(DATE_ADD(CURRENT_DATE(), INTERVAL -12 DAY), INTERVAL '08:12:00' HOUR_SECOND), NULL, 'ENTERED', 0, NULL),
(123, 210, 70, 148, 1, 3, 25, 26, DATE_ADD(DATE_ADD(CURRENT_DATE(), INTERVAL -10 DAY), INTERVAL '10:12:00' HOUR_SECOND), DATE_ADD(DATE_ADD(CURRENT_DATE(), INTERVAL -10 DAY), INTERVAL '10:40:00' HOUR_SECOND), 'EXITED', 0, NULL),
(124, 211, 71, 149, 2, 4, 26, 27, DATE_ADD(DATE_ADD(CURRENT_DATE(), INTERVAL -9 DAY), INTERVAL '11:12:00' HOUR_SECOND), DATE_ADD(DATE_ADD(CURRENT_DATE(), INTERVAL -9 DAY), INTERVAL '12:40:00' HOUR_SECOND), 'EXITED', 0, NULL),
(125, 212, 72, 150, 3, NULL, 27, NULL, DATE_ADD(DATE_ADD(CURRENT_DATE(), INTERVAL -8 DAY), INTERVAL '12:12:00' HOUR_SECOND), NULL, 'OVERTIME', 1, '超过预计离校时间，已通知安保跟进');

INSERT INTO blacklist (id, visitor_id, id_number, phone, reason, level, start_time, end_time, status, operator_user_id) VALUES
(1, 8, '500106198309090008', '13950000008', '身份信息异常', 'LIMITED', DATE_SUB(NOW(), INTERVAL 1416 HOUR), DATE_ADD(NOW(), INTERVAL 2160 HOUR), 'ACTIVE', 1),
(2, 16, '500106199105170016', '13950000016', '多次超时未离校', 'FORBIDDEN', DATE_SUB(NOW(), INTERVAL 1392 HOUR), DATE_ADD(NOW(), INTERVAL 2160 HOUR), 'ACTIVE', 2),
(3, 28, '500106197505010028', '13950000028', '虚假预约', 'WARNING', DATE_SUB(NOW(), INTERVAL 1368 HOUR), DATE_ADD(NOW(), INTERVAL 2160 HOUR), 'ACTIVE', 1),
(4, 39, '500106198604120039', '13950000039', '安全风险提示', 'LIMITED', DATE_SUB(NOW(), INTERVAL 1344 HOUR), DATE_ADD(NOW(), INTERVAL 2160 HOUR), 'ACTIVE', 2),
(5, 57, '500106197610020057', '13950000057', '证件核验失败', 'FORBIDDEN', DATE_SUB(NOW(), INTERVAL 1320 HOUR), DATE_ADD(NOW(), INTERVAL 2160 HOUR), 'ACTIVE', 1),
(6, 73, '500106199202180073', '13950000073', '违反校园通行规定', 'WARNING', DATE_SUB(NOW(), INTERVAL 1296 HOUR), DATE_ADD(NOW(), INTERVAL 2160 HOUR), 'ACTIVE', 2),
(7, 91, '500106198208080091', '13950000091', '冒用他人预约', 'LIMITED', DATE_SUB(NOW(), INTERVAL 1272 HOUR), DATE_ADD(NOW(), INTERVAL 2160 HOUR), 'ACTIVE', 1),
(8, 114, '500106197707030114', '13950000114', '异常配送记录', 'FORBIDDEN', DATE_SUB(NOW(), INTERVAL 1248 HOUR), DATE_ADD(NOW(), INTERVAL 2160 HOUR), 'ACTIVE', 2),
(9, 126, '500106198907150126', '13950000126', '拒不配合离校登记', 'WARNING', DATE_SUB(NOW(), INTERVAL 1224 HOUR), DATE_SUB(NOW(), INTERVAL 216 HOUR), 'EXPIRED', 1),
(10, 132, '500106199501210132', '13950000132', '历史风险人员', 'LIMITED', DATE_SUB(NOW(), INTERVAL 1200 HOUR), DATE_SUB(NOW(), INTERVAL 240 HOUR), 'REMOVED', 2);

INSERT INTO notice (id, receiver_user_id, receiver_type, title, content, business_type, business_id, read_status, read_time, create_time) VALUES
(1, 2, 'USER', '审批提醒：访客流程待处理 001', '部门审批有新的待处理申请。', 'APPROVAL', 2, 'UNREAD', NULL, DATE_SUB(NOW(), INTERVAL 25 HOUR)),
(2, 3, 'USER', '超时提醒：访客流程待处理 002', '存在访客超过预计离校时间，请跟进。', 'OVERTIME', 3, 'READ', DATE_SUB(NOW(), INTERVAL 49 HOUR), DATE_SUB(NOW(), INTERVAL 50 HOUR)),
(3, 4, 'USER', '风险提醒：访客流程待处理 003', '命中黑名单或证件异常，请复核。', 'RISK', 4, 'READ', DATE_SUB(NOW(), INTERVAL 74 HOUR), DATE_SUB(NOW(), INTERVAL 75 HOUR)),
(4, 5, 'USER', '预约提醒：访客流程待处理 004', '请及时确认今日访客预约。', 'VISIT_APPLY', 5, 'READ', DATE_SUB(NOW(), INTERVAL 99 HOUR), DATE_SUB(NOW(), INTERVAL 100 HOUR)),
(5, 6, 'USER', '审批提醒：访客流程待处理 005', '部门审批有新的待处理申请。', 'APPROVAL', 6, 'UNREAD', NULL, DATE_SUB(NOW(), INTERVAL 125 HOUR)),
(6, 7, 'USER', '超时提醒：访客流程待处理 006', '存在访客超过预计离校时间，请跟进。', 'OVERTIME', 7, 'UNREAD', NULL, DATE_SUB(NOW(), INTERVAL 150 HOUR)),
(7, 8, 'USER', '风险提醒：访客流程待处理 007', '命中黑名单或证件异常，请复核。', 'RISK', 8, 'READ', DATE_SUB(NOW(), INTERVAL 174 HOUR), DATE_SUB(NOW(), INTERVAL 175 HOUR)),
(8, 9, 'USER', '预约提醒：访客流程待处理 008', '请及时确认今日访客预约。', 'VISIT_APPLY', 9, 'READ', DATE_SUB(NOW(), INTERVAL 199 HOUR), DATE_SUB(NOW(), INTERVAL 200 HOUR)),
(9, 10, 'USER', '审批提醒：访客流程待处理 009', '部门审批有新的待处理申请。', 'APPROVAL', 10, 'READ', DATE_SUB(NOW(), INTERVAL 224 HOUR), DATE_SUB(NOW(), INTERVAL 225 HOUR)),
(10, 11, 'USER', '超时提醒：访客流程待处理 010', '存在访客超过预计离校时间，请跟进。', 'OVERTIME', 11, 'UNREAD', NULL, DATE_SUB(NOW(), INTERVAL 250 HOUR)),
(11, 12, 'USER', '风险提醒：访客流程待处理 011', '命中黑名单或证件异常，请复核。', 'RISK', 12, 'UNREAD', NULL, DATE_SUB(NOW(), INTERVAL 275 HOUR)),
(12, 13, 'USER', '预约提醒：访客流程待处理 012', '请及时确认今日访客预约。', 'VISIT_APPLY', 13, 'READ', DATE_SUB(NOW(), INTERVAL 299 HOUR), DATE_SUB(NOW(), INTERVAL 300 HOUR)),
(13, 14, 'USER', '审批提醒：访客流程待处理 013', '部门审批有新的待处理申请。', 'APPROVAL', 14, 'READ', DATE_SUB(NOW(), INTERVAL 324 HOUR), DATE_SUB(NOW(), INTERVAL 325 HOUR)),
(14, 15, 'USER', '超时提醒：访客流程待处理 014', '存在访客超过预计离校时间，请跟进。', 'OVERTIME', 15, 'READ', DATE_SUB(NOW(), INTERVAL 349 HOUR), DATE_SUB(NOW(), INTERVAL 350 HOUR)),
(15, 16, 'USER', '风险提醒：访客流程待处理 015', '命中黑名单或证件异常，请复核。', 'RISK', 16, 'UNREAD', NULL, DATE_SUB(NOW(), INTERVAL 375 HOUR)),
(16, 17, 'USER', '预约提醒：访客流程待处理 016', '请及时确认今日访客预约。', 'VISIT_APPLY', 17, 'UNREAD', NULL, DATE_SUB(NOW(), INTERVAL 400 HOUR)),
(17, 18, 'USER', '审批提醒：访客流程待处理 017', '部门审批有新的待处理申请。', 'APPROVAL', 18, 'READ', DATE_SUB(NOW(), INTERVAL 424 HOUR), DATE_SUB(NOW(), INTERVAL 425 HOUR)),
(18, 19, 'USER', '超时提醒：访客流程待处理 018', '存在访客超过预计离校时间，请跟进。', 'OVERTIME', 19, 'READ', DATE_SUB(NOW(), INTERVAL 449 HOUR), DATE_SUB(NOW(), INTERVAL 450 HOUR)),
(19, 20, 'USER', '风险提醒：访客流程待处理 019', '命中黑名单或证件异常，请复核。', 'RISK', 20, 'READ', DATE_SUB(NOW(), INTERVAL 474 HOUR), DATE_SUB(NOW(), INTERVAL 475 HOUR)),
(20, 21, 'USER', '预约提醒：访客流程待处理 020', '请及时确认今日访客预约。', 'VISIT_APPLY', 21, 'UNREAD', NULL, DATE_SUB(NOW(), INTERVAL 500 HOUR)),
(21, 22, 'USER', '审批提醒：访客流程待处理 021', '部门审批有新的待处理申请。', 'APPROVAL', 22, 'UNREAD', NULL, DATE_SUB(NOW(), INTERVAL 21 HOUR)),
(22, 23, 'USER', '超时提醒：访客流程待处理 022', '存在访客超过预计离校时间，请跟进。', 'OVERTIME', 23, 'READ', DATE_SUB(NOW(), INTERVAL 45 HOUR), DATE_SUB(NOW(), INTERVAL 46 HOUR)),
(23, 24, 'USER', '风险提醒：访客流程待处理 023', '命中黑名单或证件异常，请复核。', 'RISK', 24, 'READ', DATE_SUB(NOW(), INTERVAL 70 HOUR), DATE_SUB(NOW(), INTERVAL 71 HOUR)),
(24, 25, 'USER', '预约提醒：访客流程待处理 024', '请及时确认今日访客预约。', 'VISIT_APPLY', 25, 'READ', DATE_SUB(NOW(), INTERVAL 71 HOUR), DATE_SUB(NOW(), INTERVAL 72 HOUR)),
(25, 26, 'USER', '审批提醒：访客流程待处理 025', '部门审批有新的待处理申请。', 'APPROVAL', 26, 'UNREAD', NULL, DATE_SUB(NOW(), INTERVAL 97 HOUR)),
(26, 27, 'USER', '超时提醒：访客流程待处理 026', '存在访客超过预计离校时间，请跟进。', 'OVERTIME', 27, 'UNREAD', NULL, DATE_SUB(NOW(), INTERVAL 122 HOUR)),
(27, 28, 'USER', '风险提醒：访客流程待处理 027', '命中黑名单或证件异常，请复核。', 'RISK', 28, 'READ', DATE_SUB(NOW(), INTERVAL 146 HOUR), DATE_SUB(NOW(), INTERVAL 147 HOUR)),
(28, 29, 'USER', '预约提醒：访客流程待处理 028', '请及时确认今日访客预约。', 'VISIT_APPLY', 29, 'READ', DATE_SUB(NOW(), INTERVAL 171 HOUR), DATE_SUB(NOW(), INTERVAL 172 HOUR)),
(29, 30, 'USER', '审批提醒：访客流程待处理 029', '部门审批有新的待处理申请。', 'APPROVAL', 30, 'READ', DATE_SUB(NOW(), INTERVAL 196 HOUR), DATE_SUB(NOW(), INTERVAL 197 HOUR)),
(30, 31, 'USER', '超时提醒：访客流程待处理 030', '存在访客超过预计离校时间，请跟进。', 'OVERTIME', 31, 'UNREAD', NULL, DATE_SUB(NOW(), INTERVAL 222 HOUR)),
(31, 1, 'USER', '风险提醒：访客流程待处理 031', '命中黑名单或证件异常，请复核。', 'RISK', 32, 'UNREAD', NULL, DATE_SUB(NOW(), INTERVAL 247 HOUR)),
(32, 2, 'USER', '预约提醒：访客流程待处理 032', '请及时确认今日访客预约。', 'VISIT_APPLY', 33, 'READ', DATE_SUB(NOW(), INTERVAL 271 HOUR), DATE_SUB(NOW(), INTERVAL 272 HOUR)),
(33, 3, 'USER', '审批提醒：访客流程待处理 033', '部门审批有新的待处理申请。', 'APPROVAL', 34, 'READ', DATE_SUB(NOW(), INTERVAL 296 HOUR), DATE_SUB(NOW(), INTERVAL 297 HOUR)),
(34, 4, 'USER', '超时提醒：访客流程待处理 034', '存在访客超过预计离校时间，请跟进。', 'OVERTIME', 35, 'READ', DATE_SUB(NOW(), INTERVAL 321 HOUR), DATE_SUB(NOW(), INTERVAL 322 HOUR)),
(35, 5, 'USER', '风险提醒：访客流程待处理 035', '命中黑名单或证件异常，请复核。', 'RISK', 36, 'UNREAD', NULL, DATE_SUB(NOW(), INTERVAL 347 HOUR)),
(36, 6, 'USER', '预约提醒：访客流程待处理 036', '请及时确认今日访客预约。', 'VISIT_APPLY', 37, 'UNREAD', NULL, DATE_SUB(NOW(), INTERVAL 372 HOUR)),
(37, 7, 'USER', '审批提醒：访客流程待处理 037', '部门审批有新的待处理申请。', 'APPROVAL', 38, 'READ', DATE_SUB(NOW(), INTERVAL 396 HOUR), DATE_SUB(NOW(), INTERVAL 397 HOUR)),
(38, 8, 'USER', '超时提醒：访客流程待处理 038', '存在访客超过预计离校时间，请跟进。', 'OVERTIME', 39, 'READ', DATE_SUB(NOW(), INTERVAL 421 HOUR), DATE_SUB(NOW(), INTERVAL 422 HOUR)),
(39, 9, 'USER', '风险提醒：访客流程待处理 039', '命中黑名单或证件异常，请复核。', 'RISK', 40, 'READ', DATE_SUB(NOW(), INTERVAL 446 HOUR), DATE_SUB(NOW(), INTERVAL 447 HOUR)),
(40, 10, 'USER', '预约提醒：访客流程待处理 040', '请及时确认今日访客预约。', 'VISIT_APPLY', 41, 'UNREAD', NULL, DATE_SUB(NOW(), INTERVAL 472 HOUR)),
(41, 11, 'USER', '审批提醒：访客流程待处理 041', '部门审批有新的待处理申请。', 'APPROVAL', 42, 'UNREAD', NULL, DATE_SUB(NOW(), INTERVAL 497 HOUR)),
(42, 12, 'USER', '超时提醒：访客流程待处理 042', '存在访客超过预计离校时间，请跟进。', 'OVERTIME', 43, 'READ', DATE_SUB(NOW(), INTERVAL 17 HOUR), DATE_SUB(NOW(), INTERVAL 18 HOUR)),
(43, 13, 'USER', '风险提醒：访客流程待处理 043', '命中黑名单或证件异常，请复核。', 'RISK', 44, 'READ', DATE_SUB(NOW(), INTERVAL 42 HOUR), DATE_SUB(NOW(), INTERVAL 43 HOUR)),
(44, 14, 'USER', '预约提醒：访客流程待处理 044', '请及时确认今日访客预约。', 'VISIT_APPLY', 45, 'READ', DATE_SUB(NOW(), INTERVAL 67 HOUR), DATE_SUB(NOW(), INTERVAL 68 HOUR)),
(45, 15, 'USER', '审批提醒：访客流程待处理 045', '部门审批有新的待处理申请。', 'APPROVAL', 46, 'UNREAD', NULL, DATE_SUB(NOW(), INTERVAL 93 HOUR)),
(46, 16, 'USER', '超时提醒：访客流程待处理 046', '存在访客超过预计离校时间，请跟进。', 'OVERTIME', 47, 'UNREAD', NULL, DATE_SUB(NOW(), INTERVAL 118 HOUR)),
(47, 17, 'USER', '风险提醒：访客流程待处理 047', '命中黑名单或证件异常，请复核。', 'RISK', 48, 'READ', DATE_SUB(NOW(), INTERVAL 142 HOUR), DATE_SUB(NOW(), INTERVAL 143 HOUR)),
(48, 18, 'USER', '预约提醒：访客流程待处理 048', '请及时确认今日访客预约。', 'VISIT_APPLY', 49, 'READ', DATE_SUB(NOW(), INTERVAL 143 HOUR), DATE_SUB(NOW(), INTERVAL 144 HOUR)),
(49, 19, 'USER', '审批提醒：访客流程待处理 049', '部门审批有新的待处理申请。', 'APPROVAL', 50, 'READ', DATE_SUB(NOW(), INTERVAL 168 HOUR), DATE_SUB(NOW(), INTERVAL 169 HOUR)),
(50, 20, 'USER', '超时提醒：访客流程待处理 050', '存在访客超过预计离校时间，请跟进。', 'OVERTIME', 51, 'UNREAD', NULL, DATE_SUB(NOW(), INTERVAL 194 HOUR)),
(51, 21, 'USER', '风险提醒：访客流程待处理 051', '命中黑名单或证件异常，请复核。', 'RISK', 52, 'UNREAD', NULL, DATE_SUB(NOW(), INTERVAL 219 HOUR)),
(52, 22, 'USER', '预约提醒：访客流程待处理 052', '请及时确认今日访客预约。', 'VISIT_APPLY', 53, 'READ', DATE_SUB(NOW(), INTERVAL 243 HOUR), DATE_SUB(NOW(), INTERVAL 244 HOUR)),
(53, 23, 'USER', '审批提醒：访客流程待处理 053', '部门审批有新的待处理申请。', 'APPROVAL', 54, 'READ', DATE_SUB(NOW(), INTERVAL 268 HOUR), DATE_SUB(NOW(), INTERVAL 269 HOUR)),
(54, 24, 'USER', '超时提醒：访客流程待处理 054', '存在访客超过预计离校时间，请跟进。', 'OVERTIME', 55, 'READ', DATE_SUB(NOW(), INTERVAL 293 HOUR), DATE_SUB(NOW(), INTERVAL 294 HOUR)),
(55, 25, 'USER', '风险提醒：访客流程待处理 055', '命中黑名单或证件异常，请复核。', 'RISK', 56, 'UNREAD', NULL, DATE_SUB(NOW(), INTERVAL 319 HOUR)),
(56, 26, 'USER', '预约提醒：访客流程待处理 056', '请及时确认今日访客预约。', 'VISIT_APPLY', 57, 'UNREAD', NULL, DATE_SUB(NOW(), INTERVAL 344 HOUR)),
(57, 27, 'USER', '审批提醒：访客流程待处理 057', '部门审批有新的待处理申请。', 'APPROVAL', 58, 'READ', DATE_SUB(NOW(), INTERVAL 368 HOUR), DATE_SUB(NOW(), INTERVAL 369 HOUR)),
(58, 28, 'USER', '超时提醒：访客流程待处理 058', '存在访客超过预计离校时间，请跟进。', 'OVERTIME', 59, 'READ', DATE_SUB(NOW(), INTERVAL 393 HOUR), DATE_SUB(NOW(), INTERVAL 394 HOUR)),
(59, 29, 'USER', '风险提醒：访客流程待处理 059', '命中黑名单或证件异常，请复核。', 'RISK', 60, 'READ', DATE_SUB(NOW(), INTERVAL 418 HOUR), DATE_SUB(NOW(), INTERVAL 419 HOUR)),
(60, 30, 'USER', '预约提醒：访客流程待处理 060', '请及时确认今日访客预约。', 'VISIT_APPLY', 61, 'UNREAD', NULL, DATE_SUB(NOW(), INTERVAL 444 HOUR)),
(61, 31, 'USER', '审批提醒：访客流程待处理 061', '部门审批有新的待处理申请。', 'APPROVAL', 62, 'UNREAD', NULL, DATE_SUB(NOW(), INTERVAL 469 HOUR)),
(62, 1, 'USER', '超时提醒：访客流程待处理 062', '存在访客超过预计离校时间，请跟进。', 'OVERTIME', 63, 'READ', DATE_SUB(NOW(), INTERVAL 493 HOUR), DATE_SUB(NOW(), INTERVAL 494 HOUR)),
(63, 2, 'USER', '风险提醒：访客流程待处理 063', '命中黑名单或证件异常，请复核。', 'RISK', 64, 'READ', DATE_SUB(NOW(), INTERVAL 14 HOUR), DATE_SUB(NOW(), INTERVAL 15 HOUR)),
(64, 3, 'USER', '预约提醒：访客流程待处理 064', '请及时确认今日访客预约。', 'VISIT_APPLY', 65, 'READ', DATE_SUB(NOW(), INTERVAL 39 HOUR), DATE_SUB(NOW(), INTERVAL 40 HOUR)),
(65, 4, 'USER', '审批提醒：访客流程待处理 065', '部门审批有新的待处理申请。', 'APPROVAL', 66, 'UNREAD', NULL, DATE_SUB(NOW(), INTERVAL 65 HOUR)),
(66, 5, 'USER', '超时提醒：访客流程待处理 066', '存在访客超过预计离校时间，请跟进。', 'OVERTIME', 67, 'UNREAD', NULL, DATE_SUB(NOW(), INTERVAL 90 HOUR)),
(67, 6, 'USER', '风险提醒：访客流程待处理 067', '命中黑名单或证件异常，请复核。', 'RISK', 68, 'READ', DATE_SUB(NOW(), INTERVAL 114 HOUR), DATE_SUB(NOW(), INTERVAL 115 HOUR)),
(68, 7, 'USER', '预约提醒：访客流程待处理 068', '请及时确认今日访客预约。', 'VISIT_APPLY', 69, 'READ', DATE_SUB(NOW(), INTERVAL 139 HOUR), DATE_SUB(NOW(), INTERVAL 140 HOUR)),
(69, 8, 'USER', '审批提醒：访客流程待处理 069', '部门审批有新的待处理申请。', 'APPROVAL', 70, 'READ', DATE_SUB(NOW(), INTERVAL 164 HOUR), DATE_SUB(NOW(), INTERVAL 165 HOUR)),
(70, 9, 'USER', '超时提醒：访客流程待处理 070', '存在访客超过预计离校时间，请跟进。', 'OVERTIME', 71, 'UNREAD', NULL, DATE_SUB(NOW(), INTERVAL 190 HOUR)),
(71, 10, 'USER', '风险提醒：访客流程待处理 071', '命中黑名单或证件异常，请复核。', 'RISK', 72, 'UNREAD', NULL, DATE_SUB(NOW(), INTERVAL 215 HOUR)),
(72, 11, 'USER', '预约提醒：访客流程待处理 072', '请及时确认今日访客预约。', 'VISIT_APPLY', 73, 'READ', DATE_SUB(NOW(), INTERVAL 215 HOUR), DATE_SUB(NOW(), INTERVAL 216 HOUR)),
(73, 12, 'USER', '审批提醒：访客流程待处理 073', '部门审批有新的待处理申请。', 'APPROVAL', 74, 'READ', DATE_SUB(NOW(), INTERVAL 240 HOUR), DATE_SUB(NOW(), INTERVAL 241 HOUR)),
(74, 13, 'USER', '超时提醒：访客流程待处理 074', '存在访客超过预计离校时间，请跟进。', 'OVERTIME', 75, 'READ', DATE_SUB(NOW(), INTERVAL 265 HOUR), DATE_SUB(NOW(), INTERVAL 266 HOUR)),
(75, 14, 'USER', '风险提醒：访客流程待处理 075', '命中黑名单或证件异常，请复核。', 'RISK', 76, 'UNREAD', NULL, DATE_SUB(NOW(), INTERVAL 291 HOUR)),
(76, 15, 'USER', '预约提醒：访客流程待处理 076', '请及时确认今日访客预约。', 'VISIT_APPLY', 77, 'UNREAD', NULL, DATE_SUB(NOW(), INTERVAL 316 HOUR)),
(77, 16, 'USER', '审批提醒：访客流程待处理 077', '部门审批有新的待处理申请。', 'APPROVAL', 78, 'READ', DATE_SUB(NOW(), INTERVAL 340 HOUR), DATE_SUB(NOW(), INTERVAL 341 HOUR)),
(78, 17, 'USER', '超时提醒：访客流程待处理 078', '存在访客超过预计离校时间，请跟进。', 'OVERTIME', 79, 'READ', DATE_SUB(NOW(), INTERVAL 365 HOUR), DATE_SUB(NOW(), INTERVAL 366 HOUR)),
(79, 18, 'USER', '风险提醒：访客流程待处理 079', '命中黑名单或证件异常，请复核。', 'RISK', 80, 'READ', DATE_SUB(NOW(), INTERVAL 390 HOUR), DATE_SUB(NOW(), INTERVAL 391 HOUR)),
(80, 19, 'USER', '预约提醒：访客流程待处理 080', '请及时确认今日访客预约。', 'VISIT_APPLY', 81, 'UNREAD', NULL, DATE_SUB(NOW(), INTERVAL 416 HOUR));
INSERT INTO notice (id, receiver_user_id, receiver_type, title, content, business_type, business_id, read_status, read_time, create_time) VALUES
(81, 20, 'USER', '审批提醒：访客流程待处理 081', '部门审批有新的待处理申请。', 'APPROVAL', 82, 'UNREAD', NULL, DATE_SUB(NOW(), INTERVAL 441 HOUR)),
(82, 21, 'USER', '超时提醒：访客流程待处理 082', '存在访客超过预计离校时间，请跟进。', 'OVERTIME', 83, 'READ', DATE_SUB(NOW(), INTERVAL 465 HOUR), DATE_SUB(NOW(), INTERVAL 466 HOUR)),
(83, 22, 'USER', '风险提醒：访客流程待处理 083', '命中黑名单或证件异常，请复核。', 'RISK', 84, 'READ', DATE_SUB(NOW(), INTERVAL 490 HOUR), DATE_SUB(NOW(), INTERVAL 491 HOUR)),
(84, 23, 'USER', '预约提醒：访客流程待处理 084', '请及时确认今日访客预约。', 'VISIT_APPLY', 85, 'READ', DATE_SUB(NOW(), INTERVAL 11 HOUR), DATE_SUB(NOW(), INTERVAL 12 HOUR)),
(85, 24, 'USER', '审批提醒：访客流程待处理 085', '部门审批有新的待处理申请。', 'APPROVAL', 86, 'UNREAD', NULL, DATE_SUB(NOW(), INTERVAL 37 HOUR)),
(86, 25, 'USER', '超时提醒：访客流程待处理 086', '存在访客超过预计离校时间，请跟进。', 'OVERTIME', 87, 'UNREAD', NULL, DATE_SUB(NOW(), INTERVAL 62 HOUR)),
(87, 26, 'USER', '风险提醒：访客流程待处理 087', '命中黑名单或证件异常，请复核。', 'RISK', 88, 'READ', DATE_SUB(NOW(), INTERVAL 86 HOUR), DATE_SUB(NOW(), INTERVAL 87 HOUR)),
(88, 27, 'USER', '预约提醒：访客流程待处理 088', '请及时确认今日访客预约。', 'VISIT_APPLY', 89, 'READ', DATE_SUB(NOW(), INTERVAL 111 HOUR), DATE_SUB(NOW(), INTERVAL 112 HOUR)),
(89, 28, 'USER', '审批提醒：访客流程待处理 089', '部门审批有新的待处理申请。', 'APPROVAL', 90, 'READ', DATE_SUB(NOW(), INTERVAL 136 HOUR), DATE_SUB(NOW(), INTERVAL 137 HOUR)),
(90, 29, 'USER', '超时提醒：访客流程待处理 090', '存在访客超过预计离校时间，请跟进。', 'OVERTIME', 91, 'UNREAD', NULL, DATE_SUB(NOW(), INTERVAL 162 HOUR)),
(91, 30, 'USER', '风险提醒：访客流程待处理 091', '命中黑名单或证件异常，请复核。', 'RISK', 92, 'UNREAD', NULL, DATE_SUB(NOW(), INTERVAL 187 HOUR)),
(92, 31, 'USER', '预约提醒：访客流程待处理 092', '请及时确认今日访客预约。', 'VISIT_APPLY', 93, 'READ', DATE_SUB(NOW(), INTERVAL 211 HOUR), DATE_SUB(NOW(), INTERVAL 212 HOUR)),
(93, 1, 'USER', '审批提醒：访客流程待处理 093', '部门审批有新的待处理申请。', 'APPROVAL', 94, 'READ', DATE_SUB(NOW(), INTERVAL 236 HOUR), DATE_SUB(NOW(), INTERVAL 237 HOUR)),
(94, 2, 'USER', '超时提醒：访客流程待处理 094', '存在访客超过预计离校时间，请跟进。', 'OVERTIME', 95, 'READ', DATE_SUB(NOW(), INTERVAL 261 HOUR), DATE_SUB(NOW(), INTERVAL 262 HOUR)),
(95, 3, 'USER', '风险提醒：访客流程待处理 095', '命中黑名单或证件异常，请复核。', 'RISK', 96, 'UNREAD', NULL, DATE_SUB(NOW(), INTERVAL 287 HOUR)),
(96, 4, 'USER', '预约提醒：访客流程待处理 096', '请及时确认今日访客预约。', 'VISIT_APPLY', 97, 'UNREAD', NULL, DATE_SUB(NOW(), INTERVAL 288 HOUR)),
(97, 5, 'USER', '审批提醒：访客流程待处理 097', '部门审批有新的待处理申请。', 'APPROVAL', 98, 'READ', DATE_SUB(NOW(), INTERVAL 312 HOUR), DATE_SUB(NOW(), INTERVAL 313 HOUR)),
(98, 6, 'USER', '超时提醒：访客流程待处理 098', '存在访客超过预计离校时间，请跟进。', 'OVERTIME', 99, 'READ', DATE_SUB(NOW(), INTERVAL 337 HOUR), DATE_SUB(NOW(), INTERVAL 338 HOUR)),
(99, 7, 'USER', '风险提醒：访客流程待处理 099', '命中黑名单或证件异常，请复核。', 'RISK', 100, 'READ', DATE_SUB(NOW(), INTERVAL 362 HOUR), DATE_SUB(NOW(), INTERVAL 363 HOUR)),
(100, 8, 'USER', '预约提醒：访客流程待处理 100', '请及时确认今日访客预约。', 'VISIT_APPLY', 101, 'UNREAD', NULL, DATE_SUB(NOW(), INTERVAL 388 HOUR)),
(101, 9, 'USER', '审批提醒：访客流程待处理 101', '部门审批有新的待处理申请。', 'APPROVAL', 102, 'UNREAD', NULL, DATE_SUB(NOW(), INTERVAL 413 HOUR)),
(102, 10, 'USER', '超时提醒：访客流程待处理 102', '存在访客超过预计离校时间，请跟进。', 'OVERTIME', 103, 'READ', DATE_SUB(NOW(), INTERVAL 437 HOUR), DATE_SUB(NOW(), INTERVAL 438 HOUR)),
(103, 11, 'USER', '风险提醒：访客流程待处理 103', '命中黑名单或证件异常，请复核。', 'RISK', 104, 'READ', DATE_SUB(NOW(), INTERVAL 462 HOUR), DATE_SUB(NOW(), INTERVAL 463 HOUR)),
(104, 12, 'USER', '预约提醒：访客流程待处理 104', '请及时确认今日访客预约。', 'VISIT_APPLY', 105, 'READ', DATE_SUB(NOW(), INTERVAL 487 HOUR), DATE_SUB(NOW(), INTERVAL 488 HOUR)),
(105, 13, 'USER', '审批提醒：访客流程待处理 105', '部门审批有新的待处理申请。', 'APPROVAL', 106, 'UNREAD', NULL, DATE_SUB(NOW(), INTERVAL 9 HOUR)),
(106, 14, 'USER', '超时提醒：访客流程待处理 106', '存在访客超过预计离校时间，请跟进。', 'OVERTIME', 107, 'UNREAD', NULL, DATE_SUB(NOW(), INTERVAL 34 HOUR)),
(107, 15, 'USER', '风险提醒：访客流程待处理 107', '命中黑名单或证件异常，请复核。', 'RISK', 108, 'READ', DATE_SUB(NOW(), INTERVAL 58 HOUR), DATE_SUB(NOW(), INTERVAL 59 HOUR)),
(108, 16, 'USER', '预约提醒：访客流程待处理 108', '请及时确认今日访客预约。', 'VISIT_APPLY', 109, 'READ', DATE_SUB(NOW(), INTERVAL 83 HOUR), DATE_SUB(NOW(), INTERVAL 84 HOUR)),
(109, 17, 'USER', '审批提醒：访客流程待处理 109', '部门审批有新的待处理申请。', 'APPROVAL', 110, 'READ', DATE_SUB(NOW(), INTERVAL 108 HOUR), DATE_SUB(NOW(), INTERVAL 109 HOUR)),
(110, 18, 'USER', '超时提醒：访客流程待处理 110', '存在访客超过预计离校时间，请跟进。', 'OVERTIME', 111, 'UNREAD', NULL, DATE_SUB(NOW(), INTERVAL 134 HOUR)),
(111, 19, 'USER', '风险提醒：访客流程待处理 111', '命中黑名单或证件异常，请复核。', 'RISK', 112, 'UNREAD', NULL, DATE_SUB(NOW(), INTERVAL 159 HOUR)),
(112, 20, 'USER', '预约提醒：访客流程待处理 112', '请及时确认今日访客预约。', 'VISIT_APPLY', 113, 'READ', DATE_SUB(NOW(), INTERVAL 183 HOUR), DATE_SUB(NOW(), INTERVAL 184 HOUR)),
(113, 21, 'USER', '审批提醒：访客流程待处理 113', '部门审批有新的待处理申请。', 'APPROVAL', 114, 'READ', DATE_SUB(NOW(), INTERVAL 208 HOUR), DATE_SUB(NOW(), INTERVAL 209 HOUR)),
(114, 22, 'USER', '超时提醒：访客流程待处理 114', '存在访客超过预计离校时间，请跟进。', 'OVERTIME', 115, 'READ', DATE_SUB(NOW(), INTERVAL 233 HOUR), DATE_SUB(NOW(), INTERVAL 234 HOUR)),
(115, 23, 'USER', '风险提醒：访客流程待处理 115', '命中黑名单或证件异常，请复核。', 'RISK', 116, 'UNREAD', NULL, DATE_SUB(NOW(), INTERVAL 259 HOUR)),
(116, 24, 'USER', '预约提醒：访客流程待处理 116', '请及时确认今日访客预约。', 'VISIT_APPLY', 117, 'UNREAD', NULL, DATE_SUB(NOW(), INTERVAL 284 HOUR)),
(117, 25, 'USER', '审批提醒：访客流程待处理 117', '部门审批有新的待处理申请。', 'APPROVAL', 118, 'READ', DATE_SUB(NOW(), INTERVAL 308 HOUR), DATE_SUB(NOW(), INTERVAL 309 HOUR)),
(118, 26, 'USER', '超时提醒：访客流程待处理 118', '存在访客超过预计离校时间，请跟进。', 'OVERTIME', 119, 'READ', DATE_SUB(NOW(), INTERVAL 333 HOUR), DATE_SUB(NOW(), INTERVAL 334 HOUR)),
(119, 27, 'USER', '风险提醒：访客流程待处理 119', '命中黑名单或证件异常，请复核。', 'RISK', 120, 'READ', DATE_SUB(NOW(), INTERVAL 358 HOUR), DATE_SUB(NOW(), INTERVAL 359 HOUR)),
(120, 28, 'USER', '预约提醒：访客流程待处理 120', '请及时确认今日访客预约。', 'VISIT_APPLY', 121, 'UNREAD', NULL, DATE_SUB(NOW(), INTERVAL 360 HOUR));

INSERT INTO operation_log (id, operator_user_id, operator_name, module_name, operation_type, request_method, request_url, operation_result, ip_address, operation_time, error_message) VALUES
(1, 2, '平台管理员', '预约管理', '新增预约', 'POST', '/api/workflow/apply', 'SUCCESS', '192.168.10.11', DATE_SUB(NOW(), INTERVAL 25 HOUR), NULL),
(2, 3, '访客演示账号', '审批管理', '审批', 'POST', '/api/workflow/approve', 'SUCCESS', '192.168.10.12', DATE_SUB(NOW(), INTERVAL 50 HOUR), NULL),
(3, 4, '张启航', '门岗核验', '核验', 'POST', '/api/workflow/gate/verify', 'SUCCESS', '192.168.10.13', DATE_SUB(NOW(), INTERVAL 75 HOUR), NULL),
(4, 5, '李静怡', '入校登记', '登记入校', 'POST', '/api/workflow/access/entry', 'SUCCESS', '192.168.10.14', DATE_SUB(NOW(), INTERVAL 100 HOUR), NULL),
(5, 6, '王明远', '离校登记', '登记离校', 'POST', '/api/workflow/access/leave', 'SUCCESS', '192.168.10.15', DATE_SUB(NOW(), INTERVAL 125 HOUR), NULL),
(6, 7, '赵雨晴', '黑名单管理', '黑名单维护', 'POST', '/api/blacklist', 'SUCCESS', '192.168.10.16', DATE_SUB(NOW(), INTERVAL 150 HOUR), NULL),
(7, 8, '陈思远', '用户管理', '用户维护', 'PUT', '/api/system/users', 'SUCCESS', '192.168.10.17', DATE_SUB(NOW(), INTERVAL 175 HOUR), NULL),
(8, 9, '刘若琳', '统计报表', '报表查询', 'GET', '/api/statistics/dashboard', 'SUCCESS', '192.168.10.18', DATE_SUB(NOW(), INTERVAL 200 HOUR), NULL),
(9, 10, '杨嘉宁', '认证中心', '登录', 'POST', '/api/auth/login', 'SUCCESS', '192.168.10.19', DATE_SUB(NOW(), INTERVAL 225 HOUR), NULL),
(10, 11, '黄子涵', '预约管理', '新增预约', 'POST', '/api/workflow/apply', 'SUCCESS', '192.168.10.20', DATE_SUB(NOW(), INTERVAL 250 HOUR), NULL),
(11, 12, '周安琪', '审批管理', '审批', 'POST', '/api/workflow/approve', 'SUCCESS', '192.168.10.21', DATE_SUB(NOW(), INTERVAL 275 HOUR), NULL),
(12, 13, '吴泽宇', '门岗核验', '核验', 'POST', '/api/workflow/gate/verify', 'SUCCESS', '192.168.10.22', DATE_SUB(NOW(), INTERVAL 300 HOUR), NULL),
(13, 14, '徐欣然', '入校登记', '登记入校', 'POST', '/api/workflow/access/entry', 'SUCCESS', '192.168.10.23', DATE_SUB(NOW(), INTERVAL 325 HOUR), NULL),
(14, 15, '孙博文', '离校登记', '登记离校', 'POST', '/api/workflow/access/leave', 'SUCCESS', '192.168.10.24', DATE_SUB(NOW(), INTERVAL 350 HOUR), NULL),
(15, 16, '何佳怡', '黑名单管理', '黑名单维护', 'POST', '/api/blacklist', 'SUCCESS', '192.168.10.25', DATE_SUB(NOW(), INTERVAL 375 HOUR), NULL),
(16, 17, '高宇航', '用户管理', '用户维护', 'PUT', '/api/system/users', 'SUCCESS', '192.168.10.26', DATE_SUB(NOW(), INTERVAL 400 HOUR), NULL),
(17, 18, '郭晨曦', '统计报表', '报表查询', 'GET', '/api/statistics/dashboard', 'SUCCESS', '192.168.10.27', DATE_SUB(NOW(), INTERVAL 425 HOUR), NULL),
(18, 19, '冯立国', '认证中心', '登录', 'POST', '/api/auth/login', 'SUCCESS', '192.168.10.28', DATE_SUB(NOW(), INTERVAL 450 HOUR), NULL),
(19, 20, '唐雅雯', '预约管理', '新增预约', 'POST', '/api/workflow/apply', 'SUCCESS', '192.168.10.29', DATE_SUB(NOW(), INTERVAL 475 HOUR), NULL),
(20, 21, '蒋明辉', '审批管理', '审批', 'POST', '/api/workflow/approve', 'SUCCESS', '192.168.10.30', DATE_SUB(NOW(), INTERVAL 500 HOUR), NULL),
(21, 22, '袁晓峰', '门岗核验', '核验', 'POST', '/api/workflow/gate/verify', 'SUCCESS', '192.168.10.31', DATE_SUB(NOW(), INTERVAL 525 HOUR), NULL),
(22, 23, '程丽娜', '入校登记', '登记入校', 'POST', '/api/workflow/access/entry', 'SUCCESS', '192.168.10.32', DATE_SUB(NOW(), INTERVAL 550 HOUR), NULL),
(23, 24, '邓志强', '离校登记', '登记离校', 'POST', '/api/workflow/access/leave', 'SUCCESS', '192.168.10.33', DATE_SUB(NOW(), INTERVAL 575 HOUR), NULL),
(24, 25, '罗建军', '黑名单管理', '黑名单维护', 'POST', '/api/blacklist', 'SUCCESS', '192.168.10.34', DATE_SUB(NOW(), INTERVAL 576 HOUR), NULL),
(25, 26, '谢鹏飞', '用户管理', '用户维护', 'PUT', '/api/system/users', 'SUCCESS', '192.168.10.35', DATE_SUB(NOW(), INTERVAL 601 HOUR), NULL),
(26, 27, '马国强', '统计报表', '报表查询', 'GET', '/api/statistics/dashboard', 'SUCCESS', '192.168.10.36', DATE_SUB(NOW(), INTERVAL 626 HOUR), NULL),
(27, 28, '韩志勇', '认证中心', '登录', 'POST', '/api/auth/login', 'SUCCESS', '192.168.10.37', DATE_SUB(NOW(), INTERVAL 651 HOUR), NULL),
(28, 29, '彭涛', '预约管理', '新增预约', 'POST', '/api/workflow/apply', 'SUCCESS', '192.168.10.38', DATE_SUB(NOW(), INTERVAL 676 HOUR), NULL),
(29, 30, '许文博', '审批管理', '审批', 'POST', '/api/workflow/approve', 'SUCCESS', '192.168.10.39', DATE_SUB(NOW(), INTERVAL 701 HOUR), NULL),
(30, 31, '秦晓岚', '门岗核验', '核验', 'POST', '/api/workflow/gate/verify', 'SUCCESS', '192.168.10.40', DATE_SUB(NOW(), INTERVAL 6 HOUR), NULL),
(31, 1, '系统管理员', '入校登记', '登记入校', 'POST', '/api/workflow/access/entry', 'SUCCESS', '192.168.10.41', DATE_SUB(NOW(), INTERVAL 31 HOUR), NULL),
(32, 2, '平台管理员', '离校登记', '登记离校', 'POST', '/api/workflow/access/leave', 'SUCCESS', '192.168.10.42', DATE_SUB(NOW(), INTERVAL 56 HOUR), NULL),
(33, 3, '访客演示账号', '黑名单管理', '黑名单维护', 'POST', '/api/blacklist', 'SUCCESS', '192.168.10.43', DATE_SUB(NOW(), INTERVAL 81 HOUR), NULL),
(34, 4, '张启航', '用户管理', '用户维护', 'PUT', '/api/system/users', 'SUCCESS', '192.168.10.44', DATE_SUB(NOW(), INTERVAL 106 HOUR), NULL),
(35, 5, '李静怡', '统计报表', '报表查询', 'GET', '/api/statistics/dashboard', 'SUCCESS', '192.168.10.45', DATE_SUB(NOW(), INTERVAL 131 HOUR), NULL),
(36, 6, '王明远', '认证中心', '登录', 'POST', '/api/auth/login', 'SUCCESS', '192.168.10.46', DATE_SUB(NOW(), INTERVAL 156 HOUR), NULL),
(37, 7, '赵雨晴', '预约管理', '新增预约', 'POST', '/api/workflow/apply', 'SUCCESS', '192.168.10.47', DATE_SUB(NOW(), INTERVAL 181 HOUR), NULL),
(38, 8, '陈思远', '审批管理', '审批', 'POST', '/api/workflow/approve', 'SUCCESS', '192.168.10.48', DATE_SUB(NOW(), INTERVAL 206 HOUR), NULL),
(39, 9, '刘若琳', '门岗核验', '核验', 'POST', '/api/workflow/gate/verify', 'SUCCESS', '192.168.10.49', DATE_SUB(NOW(), INTERVAL 231 HOUR), NULL),
(40, 10, '杨嘉宁', '入校登记', '登记入校', 'POST', '/api/workflow/access/entry', 'SUCCESS', '192.168.10.50', DATE_SUB(NOW(), INTERVAL 256 HOUR), NULL),
(41, 11, '黄子涵', '离校登记', '登记离校', 'POST', '/api/workflow/access/leave', 'SUCCESS', '192.168.10.51', DATE_SUB(NOW(), INTERVAL 281 HOUR), NULL),
(42, 12, '周安琪', '黑名单管理', '黑名单维护', 'POST', '/api/blacklist', 'SUCCESS', '192.168.10.52', DATE_SUB(NOW(), INTERVAL 306 HOUR), NULL),
(43, 13, '吴泽宇', '用户管理', '用户维护', 'PUT', '/api/system/users', 'SUCCESS', '192.168.10.53', DATE_SUB(NOW(), INTERVAL 331 HOUR), NULL),
(44, 14, '徐欣然', '统计报表', '报表查询', 'GET', '/api/statistics/dashboard', 'SUCCESS', '192.168.10.54', DATE_SUB(NOW(), INTERVAL 356 HOUR), NULL),
(45, 15, '孙博文', '认证中心', '登录', 'POST', '/api/auth/login', 'SUCCESS', '192.168.10.55', DATE_SUB(NOW(), INTERVAL 381 HOUR), NULL),
(46, 16, '何佳怡', '预约管理', '新增预约', 'POST', '/api/workflow/apply', 'SUCCESS', '192.168.10.56', DATE_SUB(NOW(), INTERVAL 406 HOUR), NULL),
(47, 17, '高宇航', '审批管理', '审批', 'POST', '/api/workflow/approve', 'FAIL', '192.168.10.57', DATE_SUB(NOW(), INTERVAL 431 HOUR), '演示异常：权限不足或参数校验未通过'),
(48, 18, '郭晨曦', '门岗核验', '核验', 'POST', '/api/workflow/gate/verify', 'SUCCESS', '192.168.10.58', DATE_SUB(NOW(), INTERVAL 432 HOUR), NULL),
(49, 19, '冯立国', '入校登记', '登记入校', 'POST', '/api/workflow/access/entry', 'SUCCESS', '192.168.10.59', DATE_SUB(NOW(), INTERVAL 457 HOUR), NULL),
(50, 20, '唐雅雯', '离校登记', '登记离校', 'POST', '/api/workflow/access/leave', 'SUCCESS', '192.168.10.60', DATE_SUB(NOW(), INTERVAL 482 HOUR), NULL),
(51, 21, '蒋明辉', '黑名单管理', '黑名单维护', 'POST', '/api/blacklist', 'SUCCESS', '192.168.10.61', DATE_SUB(NOW(), INTERVAL 507 HOUR), NULL),
(52, 22, '袁晓峰', '用户管理', '用户维护', 'PUT', '/api/system/users', 'SUCCESS', '192.168.10.62', DATE_SUB(NOW(), INTERVAL 532 HOUR), NULL),
(53, 23, '程丽娜', '统计报表', '报表查询', 'GET', '/api/statistics/dashboard', 'SUCCESS', '192.168.10.63', DATE_SUB(NOW(), INTERVAL 557 HOUR), NULL),
(54, 24, '邓志强', '认证中心', '登录', 'POST', '/api/auth/login', 'SUCCESS', '192.168.10.64', DATE_SUB(NOW(), INTERVAL 582 HOUR), NULL),
(55, 25, '罗建军', '预约管理', '新增预约', 'POST', '/api/workflow/apply', 'SUCCESS', '192.168.10.65', DATE_SUB(NOW(), INTERVAL 607 HOUR), NULL),
(56, 26, '谢鹏飞', '审批管理', '审批', 'POST', '/api/workflow/approve', 'SUCCESS', '192.168.10.66', DATE_SUB(NOW(), INTERVAL 632 HOUR), NULL),
(57, 27, '马国强', '门岗核验', '核验', 'POST', '/api/workflow/gate/verify', 'SUCCESS', '192.168.10.67', DATE_SUB(NOW(), INTERVAL 657 HOUR), NULL),
(58, 28, '韩志勇', '入校登记', '登记入校', 'POST', '/api/workflow/access/entry', 'SUCCESS', '192.168.10.68', DATE_SUB(NOW(), INTERVAL 682 HOUR), NULL),
(59, 29, '彭涛', '离校登记', '登记离校', 'POST', '/api/workflow/access/leave', 'SUCCESS', '192.168.10.69', DATE_SUB(NOW(), INTERVAL 707 HOUR), NULL),
(60, 30, '许文博', '黑名单管理', '黑名单维护', 'POST', '/api/blacklist', 'SUCCESS', '192.168.10.70', DATE_SUB(NOW(), INTERVAL 12 HOUR), NULL),
(61, 31, '秦晓岚', '用户管理', '用户维护', 'PUT', '/api/system/users', 'SUCCESS', '192.168.10.71', DATE_SUB(NOW(), INTERVAL 37 HOUR), NULL),
(62, 1, '系统管理员', '统计报表', '报表查询', 'GET', '/api/statistics/dashboard', 'SUCCESS', '192.168.10.72', DATE_SUB(NOW(), INTERVAL 62 HOUR), NULL),
(63, 2, '平台管理员', '认证中心', '登录', 'POST', '/api/auth/login', 'SUCCESS', '192.168.10.73', DATE_SUB(NOW(), INTERVAL 87 HOUR), NULL),
(64, 3, '访客演示账号', '预约管理', '新增预约', 'POST', '/api/workflow/apply', 'SUCCESS', '192.168.10.74', DATE_SUB(NOW(), INTERVAL 112 HOUR), NULL),
(65, 4, '张启航', '审批管理', '审批', 'POST', '/api/workflow/approve', 'SUCCESS', '192.168.10.75', DATE_SUB(NOW(), INTERVAL 137 HOUR), NULL),
(66, 5, '李静怡', '门岗核验', '核验', 'POST', '/api/workflow/gate/verify', 'SUCCESS', '192.168.10.76', DATE_SUB(NOW(), INTERVAL 162 HOUR), NULL),
(67, 6, '王明远', '入校登记', '登记入校', 'POST', '/api/workflow/access/entry', 'SUCCESS', '192.168.10.77', DATE_SUB(NOW(), INTERVAL 187 HOUR), NULL),
(68, 7, '赵雨晴', '离校登记', '登记离校', 'POST', '/api/workflow/access/leave', 'SUCCESS', '192.168.10.78', DATE_SUB(NOW(), INTERVAL 212 HOUR), NULL),
(69, 8, '陈思远', '黑名单管理', '黑名单维护', 'POST', '/api/blacklist', 'SUCCESS', '192.168.10.79', DATE_SUB(NOW(), INTERVAL 237 HOUR), NULL),
(70, 9, '刘若琳', '用户管理', '用户维护', 'PUT', '/api/system/users', 'SUCCESS', '192.168.10.80', DATE_SUB(NOW(), INTERVAL 262 HOUR), NULL),
(71, 10, '杨嘉宁', '统计报表', '报表查询', 'GET', '/api/statistics/dashboard', 'SUCCESS', '192.168.10.81', DATE_SUB(NOW(), INTERVAL 287 HOUR), NULL),
(72, 11, '黄子涵', '认证中心', '登录', 'POST', '/api/auth/login', 'SUCCESS', '192.168.10.82', DATE_SUB(NOW(), INTERVAL 288 HOUR), NULL),
(73, 12, '周安琪', '预约管理', '新增预约', 'POST', '/api/workflow/apply', 'SUCCESS', '192.168.10.83', DATE_SUB(NOW(), INTERVAL 313 HOUR), NULL),
(74, 13, '吴泽宇', '审批管理', '审批', 'POST', '/api/workflow/approve', 'SUCCESS', '192.168.10.84', DATE_SUB(NOW(), INTERVAL 338 HOUR), NULL),
(75, 14, '徐欣然', '门岗核验', '核验', 'POST', '/api/workflow/gate/verify', 'SUCCESS', '192.168.10.85', DATE_SUB(NOW(), INTERVAL 363 HOUR), NULL),
(76, 15, '孙博文', '入校登记', '登记入校', 'POST', '/api/workflow/access/entry', 'SUCCESS', '192.168.10.86', DATE_SUB(NOW(), INTERVAL 388 HOUR), NULL),
(77, 16, '何佳怡', '离校登记', '登记离校', 'POST', '/api/workflow/access/leave', 'SUCCESS', '192.168.10.87', DATE_SUB(NOW(), INTERVAL 413 HOUR), NULL),
(78, 17, '高宇航', '黑名单管理', '黑名单维护', 'POST', '/api/blacklist', 'SUCCESS', '192.168.10.88', DATE_SUB(NOW(), INTERVAL 438 HOUR), NULL),
(79, 18, '郭晨曦', '用户管理', '用户维护', 'PUT', '/api/system/users', 'SUCCESS', '192.168.10.89', DATE_SUB(NOW(), INTERVAL 463 HOUR), NULL),
(80, 19, '冯立国', '统计报表', '报表查询', 'GET', '/api/statistics/dashboard', 'SUCCESS', '192.168.10.90', DATE_SUB(NOW(), INTERVAL 488 HOUR), NULL),
(81, 20, '唐雅雯', '认证中心', '登录', 'POST', '/api/auth/login', 'SUCCESS', '192.168.10.91', DATE_SUB(NOW(), INTERVAL 513 HOUR), NULL),
(82, 21, '蒋明辉', '预约管理', '新增预约', 'POST', '/api/workflow/apply', 'SUCCESS', '192.168.10.92', DATE_SUB(NOW(), INTERVAL 538 HOUR), NULL),
(83, 22, '袁晓峰', '审批管理', '审批', 'POST', '/api/workflow/approve', 'SUCCESS', '192.168.10.93', DATE_SUB(NOW(), INTERVAL 563 HOUR), NULL),
(84, 23, '程丽娜', '门岗核验', '核验', 'POST', '/api/workflow/gate/verify', 'SUCCESS', '192.168.10.94', DATE_SUB(NOW(), INTERVAL 588 HOUR), NULL),
(85, 24, '邓志强', '入校登记', '登记入校', 'POST', '/api/workflow/access/entry', 'SUCCESS', '192.168.10.95', DATE_SUB(NOW(), INTERVAL 613 HOUR), NULL),
(86, 25, '罗建军', '离校登记', '登记离校', 'POST', '/api/workflow/access/leave', 'SUCCESS', '192.168.10.96', DATE_SUB(NOW(), INTERVAL 638 HOUR), NULL),
(87, 26, '谢鹏飞', '黑名单管理', '黑名单维护', 'POST', '/api/blacklist', 'SUCCESS', '192.168.10.97', DATE_SUB(NOW(), INTERVAL 663 HOUR), NULL),
(88, 27, '马国强', '用户管理', '用户维护', 'PUT', '/api/system/users', 'SUCCESS', '192.168.10.98', DATE_SUB(NOW(), INTERVAL 688 HOUR), NULL),
(89, 28, '韩志勇', '统计报表', '报表查询', 'GET', '/api/statistics/dashboard', 'SUCCESS', '192.168.10.99', DATE_SUB(NOW(), INTERVAL 713 HOUR), NULL),
(90, 29, '彭涛', '认证中心', '登录', 'POST', '/api/auth/login', 'SUCCESS', '192.168.10.100', DATE_SUB(NOW(), INTERVAL 18 HOUR), NULL),
(91, 30, '许文博', '预约管理', '新增预约', 'POST', '/api/workflow/apply', 'SUCCESS', '192.168.10.101', DATE_SUB(NOW(), INTERVAL 43 HOUR), NULL),
(92, 31, '秦晓岚', '审批管理', '审批', 'POST', '/api/workflow/approve', 'SUCCESS', '192.168.10.102', DATE_SUB(NOW(), INTERVAL 68 HOUR), NULL),
(93, 1, '系统管理员', '门岗核验', '核验', 'POST', '/api/workflow/gate/verify', 'SUCCESS', '192.168.10.103', DATE_SUB(NOW(), INTERVAL 93 HOUR), NULL),
(94, 2, '平台管理员', '入校登记', '登记入校', 'POST', '/api/workflow/access/entry', 'FAIL', '192.168.10.104', DATE_SUB(NOW(), INTERVAL 118 HOUR), '演示异常：权限不足或参数校验未通过'),
(95, 3, '访客演示账号', '离校登记', '登记离校', 'POST', '/api/workflow/access/leave', 'SUCCESS', '192.168.10.105', DATE_SUB(NOW(), INTERVAL 143 HOUR), NULL),
(96, 4, '张启航', '黑名单管理', '黑名单维护', 'POST', '/api/blacklist', 'SUCCESS', '192.168.10.106', DATE_SUB(NOW(), INTERVAL 144 HOUR), NULL),
(97, 5, '李静怡', '用户管理', '用户维护', 'PUT', '/api/system/users', 'SUCCESS', '192.168.10.107', DATE_SUB(NOW(), INTERVAL 169 HOUR), NULL),
(98, 6, '王明远', '统计报表', '报表查询', 'GET', '/api/statistics/dashboard', 'SUCCESS', '192.168.10.108', DATE_SUB(NOW(), INTERVAL 194 HOUR), NULL),
(99, 7, '赵雨晴', '认证中心', '登录', 'POST', '/api/auth/login', 'SUCCESS', '192.168.10.109', DATE_SUB(NOW(), INTERVAL 219 HOUR), NULL),
(100, 8, '陈思远', '预约管理', '新增预约', 'POST', '/api/workflow/apply', 'SUCCESS', '192.168.10.110', DATE_SUB(NOW(), INTERVAL 244 HOUR), NULL);
INSERT INTO operation_log (id, operator_user_id, operator_name, module_name, operation_type, request_method, request_url, operation_result, ip_address, operation_time, error_message) VALUES
(101, 9, '刘若琳', '审批管理', '审批', 'POST', '/api/workflow/approve', 'SUCCESS', '192.168.10.111', DATE_SUB(NOW(), INTERVAL 269 HOUR), NULL),
(102, 10, '杨嘉宁', '门岗核验', '核验', 'POST', '/api/workflow/gate/verify', 'SUCCESS', '192.168.10.112', DATE_SUB(NOW(), INTERVAL 294 HOUR), NULL),
(103, 11, '黄子涵', '入校登记', '登记入校', 'POST', '/api/workflow/access/entry', 'SUCCESS', '192.168.10.113', DATE_SUB(NOW(), INTERVAL 319 HOUR), NULL),
(104, 12, '周安琪', '离校登记', '登记离校', 'POST', '/api/workflow/access/leave', 'SUCCESS', '192.168.10.114', DATE_SUB(NOW(), INTERVAL 344 HOUR), NULL),
(105, 13, '吴泽宇', '黑名单管理', '黑名单维护', 'POST', '/api/blacklist', 'SUCCESS', '192.168.10.115', DATE_SUB(NOW(), INTERVAL 369 HOUR), NULL),
(106, 14, '徐欣然', '用户管理', '用户维护', 'PUT', '/api/system/users', 'SUCCESS', '192.168.10.116', DATE_SUB(NOW(), INTERVAL 394 HOUR), NULL),
(107, 15, '孙博文', '统计报表', '报表查询', 'GET', '/api/statistics/dashboard', 'SUCCESS', '192.168.10.117', DATE_SUB(NOW(), INTERVAL 419 HOUR), NULL),
(108, 16, '何佳怡', '认证中心', '登录', 'POST', '/api/auth/login', 'SUCCESS', '192.168.10.118', DATE_SUB(NOW(), INTERVAL 444 HOUR), NULL),
(109, 17, '高宇航', '预约管理', '新增预约', 'POST', '/api/workflow/apply', 'SUCCESS', '192.168.10.119', DATE_SUB(NOW(), INTERVAL 469 HOUR), NULL),
(110, 18, '郭晨曦', '审批管理', '审批', 'POST', '/api/workflow/approve', 'SUCCESS', '192.168.10.120', DATE_SUB(NOW(), INTERVAL 494 HOUR), NULL),
(111, 19, '冯立国', '门岗核验', '核验', 'POST', '/api/workflow/gate/verify', 'SUCCESS', '192.168.10.121', DATE_SUB(NOW(), INTERVAL 519 HOUR), NULL),
(112, 20, '唐雅雯', '入校登记', '登记入校', 'POST', '/api/workflow/access/entry', 'SUCCESS', '192.168.10.122', DATE_SUB(NOW(), INTERVAL 544 HOUR), NULL),
(113, 21, '蒋明辉', '离校登记', '登记离校', 'POST', '/api/workflow/access/leave', 'SUCCESS', '192.168.10.123', DATE_SUB(NOW(), INTERVAL 569 HOUR), NULL),
(114, 22, '袁晓峰', '黑名单管理', '黑名单维护', 'POST', '/api/blacklist', 'SUCCESS', '192.168.10.124', DATE_SUB(NOW(), INTERVAL 594 HOUR), NULL),
(115, 23, '程丽娜', '用户管理', '用户维护', 'PUT', '/api/system/users', 'SUCCESS', '192.168.10.125', DATE_SUB(NOW(), INTERVAL 619 HOUR), NULL),
(116, 24, '邓志强', '统计报表', '报表查询', 'GET', '/api/statistics/dashboard', 'SUCCESS', '192.168.10.126', DATE_SUB(NOW(), INTERVAL 644 HOUR), NULL),
(117, 25, '罗建军', '认证中心', '登录', 'POST', '/api/auth/login', 'SUCCESS', '192.168.10.127', DATE_SUB(NOW(), INTERVAL 669 HOUR), NULL),
(118, 26, '谢鹏飞', '预约管理', '新增预约', 'POST', '/api/workflow/apply', 'SUCCESS', '192.168.10.128', DATE_SUB(NOW(), INTERVAL 694 HOUR), NULL),
(119, 27, '马国强', '审批管理', '审批', 'POST', '/api/workflow/approve', 'SUCCESS', '192.168.10.129', DATE_SUB(NOW(), INTERVAL 719 HOUR), NULL),
(120, 28, '韩志勇', '门岗核验', '核验', 'POST', '/api/workflow/gate/verify', 'SUCCESS', '192.168.10.130', DATE_SUB(NOW(), INTERVAL 0 HOUR), NULL),
(121, 29, '彭涛', '入校登记', '登记入校', 'POST', '/api/workflow/access/entry', 'SUCCESS', '192.168.10.131', DATE_SUB(NOW(), INTERVAL 25 HOUR), NULL),
(122, 30, '许文博', '离校登记', '登记离校', 'POST', '/api/workflow/access/leave', 'SUCCESS', '192.168.10.132', DATE_SUB(NOW(), INTERVAL 50 HOUR), NULL),
(123, 31, '秦晓岚', '黑名单管理', '黑名单维护', 'POST', '/api/blacklist', 'SUCCESS', '192.168.10.133', DATE_SUB(NOW(), INTERVAL 75 HOUR), NULL),
(124, 1, '系统管理员', '用户管理', '用户维护', 'PUT', '/api/system/users', 'SUCCESS', '192.168.10.134', DATE_SUB(NOW(), INTERVAL 100 HOUR), NULL),
(125, 2, '平台管理员', '统计报表', '报表查询', 'GET', '/api/statistics/dashboard', 'SUCCESS', '192.168.10.135', DATE_SUB(NOW(), INTERVAL 125 HOUR), NULL),
(126, 3, '访客演示账号', '认证中心', '登录', 'POST', '/api/auth/login', 'SUCCESS', '192.168.10.136', DATE_SUB(NOW(), INTERVAL 150 HOUR), NULL),
(127, 4, '张启航', '预约管理', '新增预约', 'POST', '/api/workflow/apply', 'SUCCESS', '192.168.10.137', DATE_SUB(NOW(), INTERVAL 175 HOUR), NULL),
(128, 5, '李静怡', '审批管理', '审批', 'POST', '/api/workflow/approve', 'SUCCESS', '192.168.10.138', DATE_SUB(NOW(), INTERVAL 200 HOUR), NULL),
(129, 6, '王明远', '门岗核验', '核验', 'POST', '/api/workflow/gate/verify', 'SUCCESS', '192.168.10.139', DATE_SUB(NOW(), INTERVAL 225 HOUR), NULL),
(130, 7, '赵雨晴', '入校登记', '登记入校', 'POST', '/api/workflow/access/entry', 'SUCCESS', '192.168.10.140', DATE_SUB(NOW(), INTERVAL 250 HOUR), NULL),
(131, 8, '陈思远', '离校登记', '登记离校', 'POST', '/api/workflow/access/leave', 'SUCCESS', '192.168.10.141', DATE_SUB(NOW(), INTERVAL 275 HOUR), NULL),
(132, 9, '刘若琳', '黑名单管理', '黑名单维护', 'POST', '/api/blacklist', 'SUCCESS', '192.168.10.142', DATE_SUB(NOW(), INTERVAL 300 HOUR), NULL),
(133, 10, '杨嘉宁', '用户管理', '用户维护', 'PUT', '/api/system/users', 'SUCCESS', '192.168.10.143', DATE_SUB(NOW(), INTERVAL 325 HOUR), NULL),
(134, 11, '黄子涵', '统计报表', '报表查询', 'GET', '/api/statistics/dashboard', 'SUCCESS', '192.168.10.144', DATE_SUB(NOW(), INTERVAL 350 HOUR), NULL),
(135, 12, '周安琪', '认证中心', '登录', 'POST', '/api/auth/login', 'SUCCESS', '192.168.10.145', DATE_SUB(NOW(), INTERVAL 375 HOUR), NULL),
(136, 13, '吴泽宇', '预约管理', '新增预约', 'POST', '/api/workflow/apply', 'SUCCESS', '192.168.10.146', DATE_SUB(NOW(), INTERVAL 400 HOUR), NULL),
(137, 14, '徐欣然', '审批管理', '审批', 'POST', '/api/workflow/approve', 'SUCCESS', '192.168.10.147', DATE_SUB(NOW(), INTERVAL 425 HOUR), NULL),
(138, 15, '孙博文', '门岗核验', '核验', 'POST', '/api/workflow/gate/verify', 'SUCCESS', '192.168.10.148', DATE_SUB(NOW(), INTERVAL 450 HOUR), NULL),
(139, 16, '何佳怡', '入校登记', '登记入校', 'POST', '/api/workflow/access/entry', 'SUCCESS', '192.168.10.149', DATE_SUB(NOW(), INTERVAL 475 HOUR), NULL),
(140, 17, '高宇航', '离校登记', '登记离校', 'POST', '/api/workflow/access/leave', 'SUCCESS', '192.168.10.150', DATE_SUB(NOW(), INTERVAL 500 HOUR), NULL),
(141, 18, '郭晨曦', '黑名单管理', '黑名单维护', 'POST', '/api/blacklist', 'FAIL', '192.168.10.151', DATE_SUB(NOW(), INTERVAL 525 HOUR), '演示异常：权限不足或参数校验未通过'),
(142, 19, '冯立国', '用户管理', '用户维护', 'PUT', '/api/system/users', 'SUCCESS', '192.168.10.152', DATE_SUB(NOW(), INTERVAL 550 HOUR), NULL),
(143, 20, '唐雅雯', '统计报表', '报表查询', 'GET', '/api/statistics/dashboard', 'SUCCESS', '192.168.10.153', DATE_SUB(NOW(), INTERVAL 575 HOUR), NULL),
(144, 21, '蒋明辉', '认证中心', '登录', 'POST', '/api/auth/login', 'SUCCESS', '192.168.10.154', DATE_SUB(NOW(), INTERVAL 576 HOUR), NULL),
(145, 22, '袁晓峰', '预约管理', '新增预约', 'POST', '/api/workflow/apply', 'SUCCESS', '192.168.10.155', DATE_SUB(NOW(), INTERVAL 601 HOUR), NULL),
(146, 23, '程丽娜', '审批管理', '审批', 'POST', '/api/workflow/approve', 'SUCCESS', '192.168.10.156', DATE_SUB(NOW(), INTERVAL 626 HOUR), NULL),
(147, 24, '邓志强', '门岗核验', '核验', 'POST', '/api/workflow/gate/verify', 'SUCCESS', '192.168.10.157', DATE_SUB(NOW(), INTERVAL 651 HOUR), NULL),
(148, 25, '罗建军', '入校登记', '登记入校', 'POST', '/api/workflow/access/entry', 'SUCCESS', '192.168.10.158', DATE_SUB(NOW(), INTERVAL 676 HOUR), NULL),
(149, 26, '谢鹏飞', '离校登记', '登记离校', 'POST', '/api/workflow/access/leave', 'SUCCESS', '192.168.10.159', DATE_SUB(NOW(), INTERVAL 701 HOUR), NULL),
(150, 27, '马国强', '黑名单管理', '黑名单维护', 'POST', '/api/blacklist', 'SUCCESS', '192.168.10.160', DATE_SUB(NOW(), INTERVAL 6 HOUR), NULL),
(151, 28, '韩志勇', '用户管理', '用户维护', 'PUT', '/api/system/users', 'SUCCESS', '192.168.10.161', DATE_SUB(NOW(), INTERVAL 31 HOUR), NULL),
(152, 29, '彭涛', '统计报表', '报表查询', 'GET', '/api/statistics/dashboard', 'SUCCESS', '192.168.10.162', DATE_SUB(NOW(), INTERVAL 56 HOUR), NULL),
(153, 30, '许文博', '认证中心', '登录', 'POST', '/api/auth/login', 'SUCCESS', '192.168.10.163', DATE_SUB(NOW(), INTERVAL 81 HOUR), NULL),
(154, 31, '秦晓岚', '预约管理', '新增预约', 'POST', '/api/workflow/apply', 'SUCCESS', '192.168.10.164', DATE_SUB(NOW(), INTERVAL 106 HOUR), NULL),
(155, 1, '系统管理员', '审批管理', '审批', 'POST', '/api/workflow/approve', 'SUCCESS', '192.168.10.165', DATE_SUB(NOW(), INTERVAL 131 HOUR), NULL),
(156, 2, '平台管理员', '门岗核验', '核验', 'POST', '/api/workflow/gate/verify', 'SUCCESS', '192.168.10.166', DATE_SUB(NOW(), INTERVAL 156 HOUR), NULL),
(157, 3, '访客演示账号', '入校登记', '登记入校', 'POST', '/api/workflow/access/entry', 'SUCCESS', '192.168.10.167', DATE_SUB(NOW(), INTERVAL 181 HOUR), NULL),
(158, 4, '张启航', '离校登记', '登记离校', 'POST', '/api/workflow/access/leave', 'SUCCESS', '192.168.10.168', DATE_SUB(NOW(), INTERVAL 206 HOUR), NULL),
(159, 5, '李静怡', '黑名单管理', '黑名单维护', 'POST', '/api/blacklist', 'SUCCESS', '192.168.10.169', DATE_SUB(NOW(), INTERVAL 231 HOUR), NULL),
(160, 6, '王明远', '用户管理', '用户维护', 'PUT', '/api/system/users', 'SUCCESS', '192.168.10.170', DATE_SUB(NOW(), INTERVAL 256 HOUR), NULL),
(161, 7, '赵雨晴', '统计报表', '报表查询', 'GET', '/api/statistics/dashboard', 'SUCCESS', '192.168.10.171', DATE_SUB(NOW(), INTERVAL 281 HOUR), NULL),
(162, 8, '陈思远', '认证中心', '登录', 'POST', '/api/auth/login', 'SUCCESS', '192.168.10.172', DATE_SUB(NOW(), INTERVAL 306 HOUR), NULL),
(163, 9, '刘若琳', '预约管理', '新增预约', 'POST', '/api/workflow/apply', 'SUCCESS', '192.168.10.173', DATE_SUB(NOW(), INTERVAL 331 HOUR), NULL),
(164, 10, '杨嘉宁', '审批管理', '审批', 'POST', '/api/workflow/approve', 'SUCCESS', '192.168.10.174', DATE_SUB(NOW(), INTERVAL 356 HOUR), NULL),
(165, 11, '黄子涵', '门岗核验', '核验', 'POST', '/api/workflow/gate/verify', 'SUCCESS', '192.168.10.175', DATE_SUB(NOW(), INTERVAL 381 HOUR), NULL),
(166, 12, '周安琪', '入校登记', '登记入校', 'POST', '/api/workflow/access/entry', 'SUCCESS', '192.168.10.176', DATE_SUB(NOW(), INTERVAL 406 HOUR), NULL),
(167, 13, '吴泽宇', '离校登记', '登记离校', 'POST', '/api/workflow/access/leave', 'SUCCESS', '192.168.10.177', DATE_SUB(NOW(), INTERVAL 431 HOUR), NULL),
(168, 14, '徐欣然', '黑名单管理', '黑名单维护', 'POST', '/api/blacklist', 'SUCCESS', '192.168.10.178', DATE_SUB(NOW(), INTERVAL 432 HOUR), NULL),
(169, 15, '孙博文', '用户管理', '用户维护', 'PUT', '/api/system/users', 'SUCCESS', '192.168.10.179', DATE_SUB(NOW(), INTERVAL 457 HOUR), NULL),
(170, 16, '何佳怡', '统计报表', '报表查询', 'GET', '/api/statistics/dashboard', 'SUCCESS', '192.168.10.180', DATE_SUB(NOW(), INTERVAL 482 HOUR), NULL),
(171, 17, '高宇航', '认证中心', '登录', 'POST', '/api/auth/login', 'SUCCESS', '192.168.10.181', DATE_SUB(NOW(), INTERVAL 507 HOUR), NULL),
(172, 18, '郭晨曦', '预约管理', '新增预约', 'POST', '/api/workflow/apply', 'SUCCESS', '192.168.10.182', DATE_SUB(NOW(), INTERVAL 532 HOUR), NULL),
(173, 19, '冯立国', '审批管理', '审批', 'POST', '/api/workflow/approve', 'SUCCESS', '192.168.10.183', DATE_SUB(NOW(), INTERVAL 557 HOUR), NULL),
(174, 20, '唐雅雯', '门岗核验', '核验', 'POST', '/api/workflow/gate/verify', 'SUCCESS', '192.168.10.184', DATE_SUB(NOW(), INTERVAL 582 HOUR), NULL),
(175, 21, '蒋明辉', '入校登记', '登记入校', 'POST', '/api/workflow/access/entry', 'SUCCESS', '192.168.10.185', DATE_SUB(NOW(), INTERVAL 607 HOUR), NULL),
(176, 22, '袁晓峰', '离校登记', '登记离校', 'POST', '/api/workflow/access/leave', 'SUCCESS', '192.168.10.186', DATE_SUB(NOW(), INTERVAL 632 HOUR), NULL),
(177, 23, '程丽娜', '黑名单管理', '黑名单维护', 'POST', '/api/blacklist', 'SUCCESS', '192.168.10.187', DATE_SUB(NOW(), INTERVAL 657 HOUR), NULL),
(178, 24, '邓志强', '用户管理', '用户维护', 'PUT', '/api/system/users', 'SUCCESS', '192.168.10.188', DATE_SUB(NOW(), INTERVAL 682 HOUR), NULL),
(179, 25, '罗建军', '统计报表', '报表查询', 'GET', '/api/statistics/dashboard', 'SUCCESS', '192.168.10.189', DATE_SUB(NOW(), INTERVAL 707 HOUR), NULL),
(180, 26, '谢鹏飞', '认证中心', '登录', 'POST', '/api/auth/login', 'SUCCESS', '192.168.10.190', DATE_SUB(NOW(), INTERVAL 12 HOUR), NULL),
(181, 27, '马国强', '预约管理', '新增预约', 'POST', '/api/workflow/apply', 'SUCCESS', '192.168.10.191', DATE_SUB(NOW(), INTERVAL 37 HOUR), NULL),
(182, 28, '韩志勇', '审批管理', '审批', 'POST', '/api/workflow/approve', 'SUCCESS', '192.168.10.192', DATE_SUB(NOW(), INTERVAL 62 HOUR), NULL),
(183, 29, '彭涛', '门岗核验', '核验', 'POST', '/api/workflow/gate/verify', 'SUCCESS', '192.168.10.193', DATE_SUB(NOW(), INTERVAL 87 HOUR), NULL),
(184, 30, '许文博', '入校登记', '登记入校', 'POST', '/api/workflow/access/entry', 'SUCCESS', '192.168.10.194', DATE_SUB(NOW(), INTERVAL 112 HOUR), NULL),
(185, 31, '秦晓岚', '离校登记', '登记离校', 'POST', '/api/workflow/access/leave', 'SUCCESS', '192.168.10.195', DATE_SUB(NOW(), INTERVAL 137 HOUR), NULL),
(186, 1, '系统管理员', '黑名单管理', '黑名单维护', 'POST', '/api/blacklist', 'SUCCESS', '192.168.10.196', DATE_SUB(NOW(), INTERVAL 162 HOUR), NULL),
(187, 2, '平台管理员', '用户管理', '用户维护', 'PUT', '/api/system/users', 'SUCCESS', '192.168.10.197', DATE_SUB(NOW(), INTERVAL 187 HOUR), NULL),
(188, 3, '访客演示账号', '统计报表', '报表查询', 'GET', '/api/statistics/dashboard', 'FAIL', '192.168.10.198', DATE_SUB(NOW(), INTERVAL 212 HOUR), '演示异常：权限不足或参数校验未通过'),
(189, 4, '张启航', '认证中心', '登录', 'POST', '/api/auth/login', 'SUCCESS', '192.168.10.199', DATE_SUB(NOW(), INTERVAL 237 HOUR), NULL),
(190, 5, '李静怡', '预约管理', '新增预约', 'POST', '/api/workflow/apply', 'SUCCESS', '192.168.10.200', DATE_SUB(NOW(), INTERVAL 262 HOUR), NULL),
(191, 6, '王明远', '审批管理', '审批', 'POST', '/api/workflow/approve', 'SUCCESS', '192.168.10.201', DATE_SUB(NOW(), INTERVAL 287 HOUR), NULL),
(192, 7, '赵雨晴', '门岗核验', '核验', 'POST', '/api/workflow/gate/verify', 'SUCCESS', '192.168.10.202', DATE_SUB(NOW(), INTERVAL 288 HOUR), NULL),
(193, 8, '陈思远', '入校登记', '登记入校', 'POST', '/api/workflow/access/entry', 'SUCCESS', '192.168.10.203', DATE_SUB(NOW(), INTERVAL 313 HOUR), NULL),
(194, 9, '刘若琳', '离校登记', '登记离校', 'POST', '/api/workflow/access/leave', 'SUCCESS', '192.168.10.204', DATE_SUB(NOW(), INTERVAL 338 HOUR), NULL),
(195, 10, '杨嘉宁', '黑名单管理', '黑名单维护', 'POST', '/api/blacklist', 'SUCCESS', '192.168.10.205', DATE_SUB(NOW(), INTERVAL 363 HOUR), NULL),
(196, 11, '黄子涵', '用户管理', '用户维护', 'PUT', '/api/system/users', 'SUCCESS', '192.168.10.206', DATE_SUB(NOW(), INTERVAL 388 HOUR), NULL),
(197, 12, '周安琪', '统计报表', '报表查询', 'GET', '/api/statistics/dashboard', 'SUCCESS', '192.168.10.207', DATE_SUB(NOW(), INTERVAL 413 HOUR), NULL),
(198, 13, '吴泽宇', '认证中心', '登录', 'POST', '/api/auth/login', 'SUCCESS', '192.168.10.208', DATE_SUB(NOW(), INTERVAL 438 HOUR), NULL),
(199, 14, '徐欣然', '预约管理', '新增预约', 'POST', '/api/workflow/apply', 'SUCCESS', '192.168.10.209', DATE_SUB(NOW(), INTERVAL 463 HOUR), NULL),
(200, 15, '孙博文', '审批管理', '审批', 'POST', '/api/workflow/approve', 'SUCCESS', '192.168.10.210', DATE_SUB(NOW(), INTERVAL 488 HOUR), NULL);
INSERT INTO operation_log (id, operator_user_id, operator_name, module_name, operation_type, request_method, request_url, operation_result, ip_address, operation_time, error_message) VALUES
(201, 16, '何佳怡', '门岗核验', '核验', 'POST', '/api/workflow/gate/verify', 'SUCCESS', '192.168.10.211', DATE_SUB(NOW(), INTERVAL 513 HOUR), NULL),
(202, 17, '高宇航', '入校登记', '登记入校', 'POST', '/api/workflow/access/entry', 'SUCCESS', '192.168.10.212', DATE_SUB(NOW(), INTERVAL 538 HOUR), NULL),
(203, 18, '郭晨曦', '离校登记', '登记离校', 'POST', '/api/workflow/access/leave', 'SUCCESS', '192.168.10.213', DATE_SUB(NOW(), INTERVAL 563 HOUR), NULL),
(204, 19, '冯立国', '黑名单管理', '黑名单维护', 'POST', '/api/blacklist', 'SUCCESS', '192.168.10.214', DATE_SUB(NOW(), INTERVAL 588 HOUR), NULL),
(205, 20, '唐雅雯', '用户管理', '用户维护', 'PUT', '/api/system/users', 'SUCCESS', '192.168.10.215', DATE_SUB(NOW(), INTERVAL 613 HOUR), NULL),
(206, 21, '蒋明辉', '统计报表', '报表查询', 'GET', '/api/statistics/dashboard', 'SUCCESS', '192.168.10.216', DATE_SUB(NOW(), INTERVAL 638 HOUR), NULL),
(207, 22, '袁晓峰', '认证中心', '登录', 'POST', '/api/auth/login', 'SUCCESS', '192.168.10.217', DATE_SUB(NOW(), INTERVAL 663 HOUR), NULL),
(208, 23, '程丽娜', '预约管理', '新增预约', 'POST', '/api/workflow/apply', 'SUCCESS', '192.168.10.218', DATE_SUB(NOW(), INTERVAL 688 HOUR), NULL),
(209, 24, '邓志强', '审批管理', '审批', 'POST', '/api/workflow/approve', 'SUCCESS', '192.168.10.219', DATE_SUB(NOW(), INTERVAL 713 HOUR), NULL),
(210, 25, '罗建军', '门岗核验', '核验', 'POST', '/api/workflow/gate/verify', 'SUCCESS', '192.168.10.220', DATE_SUB(NOW(), INTERVAL 18 HOUR), NULL),
(211, 26, '谢鹏飞', '入校登记', '登记入校', 'POST', '/api/workflow/access/entry', 'SUCCESS', '192.168.10.221', DATE_SUB(NOW(), INTERVAL 43 HOUR), NULL),
(212, 27, '马国强', '离校登记', '登记离校', 'POST', '/api/workflow/access/leave', 'SUCCESS', '192.168.10.222', DATE_SUB(NOW(), INTERVAL 68 HOUR), NULL),
(213, 28, '韩志勇', '黑名单管理', '黑名单维护', 'POST', '/api/blacklist', 'SUCCESS', '192.168.10.223', DATE_SUB(NOW(), INTERVAL 93 HOUR), NULL),
(214, 29, '彭涛', '用户管理', '用户维护', 'PUT', '/api/system/users', 'SUCCESS', '192.168.10.224', DATE_SUB(NOW(), INTERVAL 118 HOUR), NULL),
(215, 30, '许文博', '统计报表', '报表查询', 'GET', '/api/statistics/dashboard', 'SUCCESS', '192.168.10.225', DATE_SUB(NOW(), INTERVAL 143 HOUR), NULL),
(216, 31, '秦晓岚', '认证中心', '登录', 'POST', '/api/auth/login', 'SUCCESS', '192.168.10.226', DATE_SUB(NOW(), INTERVAL 144 HOUR), NULL),
(217, 1, '系统管理员', '预约管理', '新增预约', 'POST', '/api/workflow/apply', 'SUCCESS', '192.168.10.227', DATE_SUB(NOW(), INTERVAL 169 HOUR), NULL),
(218, 2, '平台管理员', '审批管理', '审批', 'POST', '/api/workflow/approve', 'SUCCESS', '192.168.10.228', DATE_SUB(NOW(), INTERVAL 194 HOUR), NULL),
(219, 3, '访客演示账号', '门岗核验', '核验', 'POST', '/api/workflow/gate/verify', 'SUCCESS', '192.168.10.229', DATE_SUB(NOW(), INTERVAL 219 HOUR), NULL),
(220, 4, '张启航', '入校登记', '登记入校', 'POST', '/api/workflow/access/entry', 'SUCCESS', '192.168.10.10', DATE_SUB(NOW(), INTERVAL 244 HOUR), NULL),
(221, 5, '李静怡', '离校登记', '登记离校', 'POST', '/api/workflow/access/leave', 'SUCCESS', '192.168.10.11', DATE_SUB(NOW(), INTERVAL 269 HOUR), NULL),
(222, 6, '王明远', '黑名单管理', '黑名单维护', 'POST', '/api/blacklist', 'SUCCESS', '192.168.10.12', DATE_SUB(NOW(), INTERVAL 294 HOUR), NULL),
(223, 7, '赵雨晴', '用户管理', '用户维护', 'PUT', '/api/system/users', 'SUCCESS', '192.168.10.13', DATE_SUB(NOW(), INTERVAL 319 HOUR), NULL),
(224, 8, '陈思远', '统计报表', '报表查询', 'GET', '/api/statistics/dashboard', 'SUCCESS', '192.168.10.14', DATE_SUB(NOW(), INTERVAL 344 HOUR), NULL),
(225, 9, '刘若琳', '认证中心', '登录', 'POST', '/api/auth/login', 'SUCCESS', '192.168.10.15', DATE_SUB(NOW(), INTERVAL 369 HOUR), NULL),
(226, 10, '杨嘉宁', '预约管理', '新增预约', 'POST', '/api/workflow/apply', 'SUCCESS', '192.168.10.16', DATE_SUB(NOW(), INTERVAL 394 HOUR), NULL),
(227, 11, '黄子涵', '审批管理', '审批', 'POST', '/api/workflow/approve', 'SUCCESS', '192.168.10.17', DATE_SUB(NOW(), INTERVAL 419 HOUR), NULL),
(228, 12, '周安琪', '门岗核验', '核验', 'POST', '/api/workflow/gate/verify', 'SUCCESS', '192.168.10.18', DATE_SUB(NOW(), INTERVAL 444 HOUR), NULL),
(229, 13, '吴泽宇', '入校登记', '登记入校', 'POST', '/api/workflow/access/entry', 'SUCCESS', '192.168.10.19', DATE_SUB(NOW(), INTERVAL 469 HOUR), NULL),
(230, 14, '徐欣然', '离校登记', '登记离校', 'POST', '/api/workflow/access/leave', 'SUCCESS', '192.168.10.20', DATE_SUB(NOW(), INTERVAL 494 HOUR), NULL),
(231, 15, '孙博文', '黑名单管理', '黑名单维护', 'POST', '/api/blacklist', 'SUCCESS', '192.168.10.21', DATE_SUB(NOW(), INTERVAL 519 HOUR), NULL),
(232, 16, '何佳怡', '用户管理', '用户维护', 'PUT', '/api/system/users', 'SUCCESS', '192.168.10.22', DATE_SUB(NOW(), INTERVAL 544 HOUR), NULL),
(233, 17, '高宇航', '统计报表', '报表查询', 'GET', '/api/statistics/dashboard', 'SUCCESS', '192.168.10.23', DATE_SUB(NOW(), INTERVAL 569 HOUR), NULL),
(234, 18, '郭晨曦', '认证中心', '登录', 'POST', '/api/auth/login', 'SUCCESS', '192.168.10.24', DATE_SUB(NOW(), INTERVAL 594 HOUR), NULL),
(235, 19, '冯立国', '预约管理', '新增预约', 'POST', '/api/workflow/apply', 'FAIL', '192.168.10.25', DATE_SUB(NOW(), INTERVAL 619 HOUR), '演示异常：权限不足或参数校验未通过'),
(236, 20, '唐雅雯', '审批管理', '审批', 'POST', '/api/workflow/approve', 'SUCCESS', '192.168.10.26', DATE_SUB(NOW(), INTERVAL 644 HOUR), NULL),
(237, 21, '蒋明辉', '门岗核验', '核验', 'POST', '/api/workflow/gate/verify', 'SUCCESS', '192.168.10.27', DATE_SUB(NOW(), INTERVAL 669 HOUR), NULL),
(238, 22, '袁晓峰', '入校登记', '登记入校', 'POST', '/api/workflow/access/entry', 'SUCCESS', '192.168.10.28', DATE_SUB(NOW(), INTERVAL 694 HOUR), NULL),
(239, 23, '程丽娜', '离校登记', '登记离校', 'POST', '/api/workflow/access/leave', 'SUCCESS', '192.168.10.29', DATE_SUB(NOW(), INTERVAL 719 HOUR), NULL),
(240, 24, '邓志强', '黑名单管理', '黑名单维护', 'POST', '/api/blacklist', 'SUCCESS', '192.168.10.30', DATE_SUB(NOW(), INTERVAL 0 HOUR), NULL),
(241, 25, '罗建军', '用户管理', '用户维护', 'PUT', '/api/system/users', 'SUCCESS', '192.168.10.31', DATE_SUB(NOW(), INTERVAL 25 HOUR), NULL),
(242, 26, '谢鹏飞', '统计报表', '报表查询', 'GET', '/api/statistics/dashboard', 'SUCCESS', '192.168.10.32', DATE_SUB(NOW(), INTERVAL 50 HOUR), NULL),
(243, 27, '马国强', '认证中心', '登录', 'POST', '/api/auth/login', 'SUCCESS', '192.168.10.33', DATE_SUB(NOW(), INTERVAL 75 HOUR), NULL),
(244, 28, '韩志勇', '预约管理', '新增预约', 'POST', '/api/workflow/apply', 'SUCCESS', '192.168.10.34', DATE_SUB(NOW(), INTERVAL 100 HOUR), NULL),
(245, 29, '彭涛', '审批管理', '审批', 'POST', '/api/workflow/approve', 'SUCCESS', '192.168.10.35', DATE_SUB(NOW(), INTERVAL 125 HOUR), NULL),
(246, 30, '许文博', '门岗核验', '核验', 'POST', '/api/workflow/gate/verify', 'SUCCESS', '192.168.10.36', DATE_SUB(NOW(), INTERVAL 150 HOUR), NULL),
(247, 31, '秦晓岚', '入校登记', '登记入校', 'POST', '/api/workflow/access/entry', 'SUCCESS', '192.168.10.37', DATE_SUB(NOW(), INTERVAL 175 HOUR), NULL),
(248, 1, '系统管理员', '离校登记', '登记离校', 'POST', '/api/workflow/access/leave', 'SUCCESS', '192.168.10.38', DATE_SUB(NOW(), INTERVAL 200 HOUR), NULL),
(249, 2, '平台管理员', '黑名单管理', '黑名单维护', 'POST', '/api/blacklist', 'SUCCESS', '192.168.10.39', DATE_SUB(NOW(), INTERVAL 225 HOUR), NULL),
(250, 3, '访客演示账号', '用户管理', '用户维护', 'PUT', '/api/system/users', 'SUCCESS', '192.168.10.40', DATE_SUB(NOW(), INTERVAL 250 HOUR), NULL),
(251, 4, '张启航', '统计报表', '报表查询', 'GET', '/api/statistics/dashboard', 'SUCCESS', '192.168.10.41', DATE_SUB(NOW(), INTERVAL 275 HOUR), NULL),
(252, 5, '李静怡', '认证中心', '登录', 'POST', '/api/auth/login', 'SUCCESS', '192.168.10.42', DATE_SUB(NOW(), INTERVAL 300 HOUR), NULL),
(253, 6, '王明远', '预约管理', '新增预约', 'POST', '/api/workflow/apply', 'SUCCESS', '192.168.10.43', DATE_SUB(NOW(), INTERVAL 325 HOUR), NULL),
(254, 7, '赵雨晴', '审批管理', '审批', 'POST', '/api/workflow/approve', 'SUCCESS', '192.168.10.44', DATE_SUB(NOW(), INTERVAL 350 HOUR), NULL),
(255, 8, '陈思远', '门岗核验', '核验', 'POST', '/api/workflow/gate/verify', 'SUCCESS', '192.168.10.45', DATE_SUB(NOW(), INTERVAL 375 HOUR), NULL),
(256, 9, '刘若琳', '入校登记', '登记入校', 'POST', '/api/workflow/access/entry', 'SUCCESS', '192.168.10.46', DATE_SUB(NOW(), INTERVAL 400 HOUR), NULL),
(257, 10, '杨嘉宁', '离校登记', '登记离校', 'POST', '/api/workflow/access/leave', 'SUCCESS', '192.168.10.47', DATE_SUB(NOW(), INTERVAL 425 HOUR), NULL),
(258, 11, '黄子涵', '黑名单管理', '黑名单维护', 'POST', '/api/blacklist', 'SUCCESS', '192.168.10.48', DATE_SUB(NOW(), INTERVAL 450 HOUR), NULL),
(259, 12, '周安琪', '用户管理', '用户维护', 'PUT', '/api/system/users', 'SUCCESS', '192.168.10.49', DATE_SUB(NOW(), INTERVAL 475 HOUR), NULL),
(260, 13, '吴泽宇', '统计报表', '报表查询', 'GET', '/api/statistics/dashboard', 'SUCCESS', '192.168.10.50', DATE_SUB(NOW(), INTERVAL 500 HOUR), NULL),
(261, 14, '徐欣然', '认证中心', '登录', 'POST', '/api/auth/login', 'SUCCESS', '192.168.10.51', DATE_SUB(NOW(), INTERVAL 525 HOUR), NULL),
(262, 15, '孙博文', '预约管理', '新增预约', 'POST', '/api/workflow/apply', 'SUCCESS', '192.168.10.52', DATE_SUB(NOW(), INTERVAL 550 HOUR), NULL),
(263, 16, '何佳怡', '审批管理', '审批', 'POST', '/api/workflow/approve', 'SUCCESS', '192.168.10.53', DATE_SUB(NOW(), INTERVAL 575 HOUR), NULL),
(264, 17, '高宇航', '门岗核验', '核验', 'POST', '/api/workflow/gate/verify', 'SUCCESS', '192.168.10.54', DATE_SUB(NOW(), INTERVAL 576 HOUR), NULL),
(265, 18, '郭晨曦', '入校登记', '登记入校', 'POST', '/api/workflow/access/entry', 'SUCCESS', '192.168.10.55', DATE_SUB(NOW(), INTERVAL 601 HOUR), NULL),
(266, 19, '冯立国', '离校登记', '登记离校', 'POST', '/api/workflow/access/leave', 'SUCCESS', '192.168.10.56', DATE_SUB(NOW(), INTERVAL 626 HOUR), NULL),
(267, 20, '唐雅雯', '黑名单管理', '黑名单维护', 'POST', '/api/blacklist', 'SUCCESS', '192.168.10.57', DATE_SUB(NOW(), INTERVAL 651 HOUR), NULL),
(268, 21, '蒋明辉', '用户管理', '用户维护', 'PUT', '/api/system/users', 'SUCCESS', '192.168.10.58', DATE_SUB(NOW(), INTERVAL 676 HOUR), NULL),
(269, 22, '袁晓峰', '统计报表', '报表查询', 'GET', '/api/statistics/dashboard', 'SUCCESS', '192.168.10.59', DATE_SUB(NOW(), INTERVAL 701 HOUR), NULL),
(270, 23, '程丽娜', '认证中心', '登录', 'POST', '/api/auth/login', 'SUCCESS', '192.168.10.60', DATE_SUB(NOW(), INTERVAL 6 HOUR), NULL),
(271, 24, '邓志强', '预约管理', '新增预约', 'POST', '/api/workflow/apply', 'SUCCESS', '192.168.10.61', DATE_SUB(NOW(), INTERVAL 31 HOUR), NULL),
(272, 25, '罗建军', '审批管理', '审批', 'POST', '/api/workflow/approve', 'SUCCESS', '192.168.10.62', DATE_SUB(NOW(), INTERVAL 56 HOUR), NULL),
(273, 26, '谢鹏飞', '门岗核验', '核验', 'POST', '/api/workflow/gate/verify', 'SUCCESS', '192.168.10.63', DATE_SUB(NOW(), INTERVAL 81 HOUR), NULL),
(274, 27, '马国强', '入校登记', '登记入校', 'POST', '/api/workflow/access/entry', 'SUCCESS', '192.168.10.64', DATE_SUB(NOW(), INTERVAL 106 HOUR), NULL),
(275, 28, '韩志勇', '离校登记', '登记离校', 'POST', '/api/workflow/access/leave', 'SUCCESS', '192.168.10.65', DATE_SUB(NOW(), INTERVAL 131 HOUR), NULL),
(276, 29, '彭涛', '黑名单管理', '黑名单维护', 'POST', '/api/blacklist', 'SUCCESS', '192.168.10.66', DATE_SUB(NOW(), INTERVAL 156 HOUR), NULL),
(277, 30, '许文博', '用户管理', '用户维护', 'PUT', '/api/system/users', 'SUCCESS', '192.168.10.67', DATE_SUB(NOW(), INTERVAL 181 HOUR), NULL),
(278, 31, '秦晓岚', '统计报表', '报表查询', 'GET', '/api/statistics/dashboard', 'SUCCESS', '192.168.10.68', DATE_SUB(NOW(), INTERVAL 206 HOUR), NULL),
(279, 1, '系统管理员', '认证中心', '登录', 'POST', '/api/auth/login', 'SUCCESS', '192.168.10.69', DATE_SUB(NOW(), INTERVAL 231 HOUR), NULL),
(280, 2, '平台管理员', '预约管理', '新增预约', 'POST', '/api/workflow/apply', 'SUCCESS', '192.168.10.70', DATE_SUB(NOW(), INTERVAL 256 HOUR), NULL),
(281, 3, '访客演示账号', '审批管理', '审批', 'POST', '/api/workflow/approve', 'SUCCESS', '192.168.10.71', DATE_SUB(NOW(), INTERVAL 281 HOUR), NULL),
(282, 4, '张启航', '门岗核验', '核验', 'POST', '/api/workflow/gate/verify', 'FAIL', '192.168.10.72', DATE_SUB(NOW(), INTERVAL 306 HOUR), '演示异常：权限不足或参数校验未通过'),
(283, 5, '李静怡', '入校登记', '登记入校', 'POST', '/api/workflow/access/entry', 'SUCCESS', '192.168.10.73', DATE_SUB(NOW(), INTERVAL 331 HOUR), NULL),
(284, 6, '王明远', '离校登记', '登记离校', 'POST', '/api/workflow/access/leave', 'SUCCESS', '192.168.10.74', DATE_SUB(NOW(), INTERVAL 356 HOUR), NULL),
(285, 7, '赵雨晴', '黑名单管理', '黑名单维护', 'POST', '/api/blacklist', 'SUCCESS', '192.168.10.75', DATE_SUB(NOW(), INTERVAL 381 HOUR), NULL),
(286, 8, '陈思远', '用户管理', '用户维护', 'PUT', '/api/system/users', 'SUCCESS', '192.168.10.76', DATE_SUB(NOW(), INTERVAL 406 HOUR), NULL),
(287, 9, '刘若琳', '统计报表', '报表查询', 'GET', '/api/statistics/dashboard', 'SUCCESS', '192.168.10.77', DATE_SUB(NOW(), INTERVAL 431 HOUR), NULL),
(288, 10, '杨嘉宁', '认证中心', '登录', 'POST', '/api/auth/login', 'SUCCESS', '192.168.10.78', DATE_SUB(NOW(), INTERVAL 432 HOUR), NULL),
(289, 11, '黄子涵', '预约管理', '新增预约', 'POST', '/api/workflow/apply', 'SUCCESS', '192.168.10.79', DATE_SUB(NOW(), INTERVAL 457 HOUR), NULL),
(290, 12, '周安琪', '审批管理', '审批', 'POST', '/api/workflow/approve', 'SUCCESS', '192.168.10.80', DATE_SUB(NOW(), INTERVAL 482 HOUR), NULL),
(291, 13, '吴泽宇', '门岗核验', '核验', 'POST', '/api/workflow/gate/verify', 'SUCCESS', '192.168.10.81', DATE_SUB(NOW(), INTERVAL 507 HOUR), NULL),
(292, 14, '徐欣然', '入校登记', '登记入校', 'POST', '/api/workflow/access/entry', 'SUCCESS', '192.168.10.82', DATE_SUB(NOW(), INTERVAL 532 HOUR), NULL),
(293, 15, '孙博文', '离校登记', '登记离校', 'POST', '/api/workflow/access/leave', 'SUCCESS', '192.168.10.83', DATE_SUB(NOW(), INTERVAL 557 HOUR), NULL),
(294, 16, '何佳怡', '黑名单管理', '黑名单维护', 'POST', '/api/blacklist', 'SUCCESS', '192.168.10.84', DATE_SUB(NOW(), INTERVAL 582 HOUR), NULL),
(295, 17, '高宇航', '用户管理', '用户维护', 'PUT', '/api/system/users', 'SUCCESS', '192.168.10.85', DATE_SUB(NOW(), INTERVAL 607 HOUR), NULL),
(296, 18, '郭晨曦', '统计报表', '报表查询', 'GET', '/api/statistics/dashboard', 'SUCCESS', '192.168.10.86', DATE_SUB(NOW(), INTERVAL 632 HOUR), NULL),
(297, 19, '冯立国', '认证中心', '登录', 'POST', '/api/auth/login', 'SUCCESS', '192.168.10.87', DATE_SUB(NOW(), INTERVAL 657 HOUR), NULL),
(298, 20, '唐雅雯', '预约管理', '新增预约', 'POST', '/api/workflow/apply', 'SUCCESS', '192.168.10.88', DATE_SUB(NOW(), INTERVAL 682 HOUR), NULL),
(299, 21, '蒋明辉', '审批管理', '审批', 'POST', '/api/workflow/approve', 'SUCCESS', '192.168.10.89', DATE_SUB(NOW(), INTERVAL 707 HOUR), NULL),
(300, 22, '袁晓峰', '门岗核验', '核验', 'POST', '/api/workflow/gate/verify', 'SUCCESS', '192.168.10.90', DATE_SUB(NOW(), INTERVAL 12 HOUR), NULL);
INSERT INTO operation_log (id, operator_user_id, operator_name, module_name, operation_type, request_method, request_url, operation_result, ip_address, operation_time, error_message) VALUES
(301, 23, '程丽娜', '入校登记', '登记入校', 'POST', '/api/workflow/access/entry', 'SUCCESS', '192.168.10.91', DATE_SUB(NOW(), INTERVAL 37 HOUR), NULL),
(302, 24, '邓志强', '离校登记', '登记离校', 'POST', '/api/workflow/access/leave', 'SUCCESS', '192.168.10.92', DATE_SUB(NOW(), INTERVAL 62 HOUR), NULL),
(303, 25, '罗建军', '黑名单管理', '黑名单维护', 'POST', '/api/blacklist', 'SUCCESS', '192.168.10.93', DATE_SUB(NOW(), INTERVAL 87 HOUR), NULL),
(304, 26, '谢鹏飞', '用户管理', '用户维护', 'PUT', '/api/system/users', 'SUCCESS', '192.168.10.94', DATE_SUB(NOW(), INTERVAL 112 HOUR), NULL),
(305, 27, '马国强', '统计报表', '报表查询', 'GET', '/api/statistics/dashboard', 'SUCCESS', '192.168.10.95', DATE_SUB(NOW(), INTERVAL 137 HOUR), NULL),
(306, 28, '韩志勇', '认证中心', '登录', 'POST', '/api/auth/login', 'SUCCESS', '192.168.10.96', DATE_SUB(NOW(), INTERVAL 162 HOUR), NULL),
(307, 29, '彭涛', '预约管理', '新增预约', 'POST', '/api/workflow/apply', 'SUCCESS', '192.168.10.97', DATE_SUB(NOW(), INTERVAL 187 HOUR), NULL),
(308, 30, '许文博', '审批管理', '审批', 'POST', '/api/workflow/approve', 'SUCCESS', '192.168.10.98', DATE_SUB(NOW(), INTERVAL 212 HOUR), NULL),
(309, 31, '秦晓岚', '门岗核验', '核验', 'POST', '/api/workflow/gate/verify', 'SUCCESS', '192.168.10.99', DATE_SUB(NOW(), INTERVAL 237 HOUR), NULL),
(310, 1, '系统管理员', '入校登记', '登记入校', 'POST', '/api/workflow/access/entry', 'SUCCESS', '192.168.10.100', DATE_SUB(NOW(), INTERVAL 262 HOUR), NULL),
(311, 2, '平台管理员', '离校登记', '登记离校', 'POST', '/api/workflow/access/leave', 'SUCCESS', '192.168.10.101', DATE_SUB(NOW(), INTERVAL 287 HOUR), NULL),
(312, 3, '访客演示账号', '黑名单管理', '黑名单维护', 'POST', '/api/blacklist', 'SUCCESS', '192.168.10.102', DATE_SUB(NOW(), INTERVAL 288 HOUR), NULL),
(313, 4, '张启航', '用户管理', '用户维护', 'PUT', '/api/system/users', 'SUCCESS', '192.168.10.103', DATE_SUB(NOW(), INTERVAL 313 HOUR), NULL),
(314, 5, '李静怡', '统计报表', '报表查询', 'GET', '/api/statistics/dashboard', 'SUCCESS', '192.168.10.104', DATE_SUB(NOW(), INTERVAL 338 HOUR), NULL),
(315, 6, '王明远', '认证中心', '登录', 'POST', '/api/auth/login', 'SUCCESS', '192.168.10.105', DATE_SUB(NOW(), INTERVAL 363 HOUR), NULL),
(316, 7, '赵雨晴', '预约管理', '新增预约', 'POST', '/api/workflow/apply', 'SUCCESS', '192.168.10.106', DATE_SUB(NOW(), INTERVAL 388 HOUR), NULL),
(317, 8, '陈思远', '审批管理', '审批', 'POST', '/api/workflow/approve', 'SUCCESS', '192.168.10.107', DATE_SUB(NOW(), INTERVAL 413 HOUR), NULL),
(318, 9, '刘若琳', '门岗核验', '核验', 'POST', '/api/workflow/gate/verify', 'SUCCESS', '192.168.10.108', DATE_SUB(NOW(), INTERVAL 438 HOUR), NULL),
(319, 10, '杨嘉宁', '入校登记', '登记入校', 'POST', '/api/workflow/access/entry', 'SUCCESS', '192.168.10.109', DATE_SUB(NOW(), INTERVAL 463 HOUR), NULL),
(320, 11, '黄子涵', '离校登记', '登记离校', 'POST', '/api/workflow/access/leave', 'SUCCESS', '192.168.10.110', DATE_SUB(NOW(), INTERVAL 488 HOUR), NULL),
(321, 12, '周安琪', '黑名单管理', '黑名单维护', 'POST', '/api/blacklist', 'SUCCESS', '192.168.10.111', DATE_SUB(NOW(), INTERVAL 513 HOUR), NULL),
(322, 13, '吴泽宇', '用户管理', '用户维护', 'PUT', '/api/system/users', 'SUCCESS', '192.168.10.112', DATE_SUB(NOW(), INTERVAL 538 HOUR), NULL),
(323, 14, '徐欣然', '统计报表', '报表查询', 'GET', '/api/statistics/dashboard', 'SUCCESS', '192.168.10.113', DATE_SUB(NOW(), INTERVAL 563 HOUR), NULL),
(324, 15, '孙博文', '认证中心', '登录', 'POST', '/api/auth/login', 'SUCCESS', '192.168.10.114', DATE_SUB(NOW(), INTERVAL 588 HOUR), NULL),
(325, 16, '何佳怡', '预约管理', '新增预约', 'POST', '/api/workflow/apply', 'SUCCESS', '192.168.10.115', DATE_SUB(NOW(), INTERVAL 613 HOUR), NULL),
(326, 17, '高宇航', '审批管理', '审批', 'POST', '/api/workflow/approve', 'SUCCESS', '192.168.10.116', DATE_SUB(NOW(), INTERVAL 638 HOUR), NULL),
(327, 18, '郭晨曦', '门岗核验', '核验', 'POST', '/api/workflow/gate/verify', 'SUCCESS', '192.168.10.117', DATE_SUB(NOW(), INTERVAL 663 HOUR), NULL),
(328, 19, '冯立国', '入校登记', '登记入校', 'POST', '/api/workflow/access/entry', 'SUCCESS', '192.168.10.118', DATE_SUB(NOW(), INTERVAL 688 HOUR), NULL),
(329, 20, '唐雅雯', '离校登记', '登记离校', 'POST', '/api/workflow/access/leave', 'FAIL', '192.168.10.119', DATE_SUB(NOW(), INTERVAL 713 HOUR), '演示异常：权限不足或参数校验未通过'),
(330, 21, '蒋明辉', '黑名单管理', '黑名单维护', 'POST', '/api/blacklist', 'SUCCESS', '192.168.10.120', DATE_SUB(NOW(), INTERVAL 18 HOUR), NULL),
(331, 22, '袁晓峰', '用户管理', '用户维护', 'PUT', '/api/system/users', 'SUCCESS', '192.168.10.121', DATE_SUB(NOW(), INTERVAL 43 HOUR), NULL),
(332, 23, '程丽娜', '统计报表', '报表查询', 'GET', '/api/statistics/dashboard', 'SUCCESS', '192.168.10.122', DATE_SUB(NOW(), INTERVAL 68 HOUR), NULL),
(333, 24, '邓志强', '认证中心', '登录', 'POST', '/api/auth/login', 'SUCCESS', '192.168.10.123', DATE_SUB(NOW(), INTERVAL 93 HOUR), NULL),
(334, 25, '罗建军', '预约管理', '新增预约', 'POST', '/api/workflow/apply', 'SUCCESS', '192.168.10.124', DATE_SUB(NOW(), INTERVAL 118 HOUR), NULL),
(335, 26, '谢鹏飞', '审批管理', '审批', 'POST', '/api/workflow/approve', 'SUCCESS', '192.168.10.125', DATE_SUB(NOW(), INTERVAL 143 HOUR), NULL),
(336, 27, '马国强', '门岗核验', '核验', 'POST', '/api/workflow/gate/verify', 'SUCCESS', '192.168.10.126', DATE_SUB(NOW(), INTERVAL 144 HOUR), NULL),
(337, 28, '韩志勇', '入校登记', '登记入校', 'POST', '/api/workflow/access/entry', 'SUCCESS', '192.168.10.127', DATE_SUB(NOW(), INTERVAL 169 HOUR), NULL),
(338, 29, '彭涛', '离校登记', '登记离校', 'POST', '/api/workflow/access/leave', 'SUCCESS', '192.168.10.128', DATE_SUB(NOW(), INTERVAL 194 HOUR), NULL),
(339, 30, '许文博', '黑名单管理', '黑名单维护', 'POST', '/api/blacklist', 'SUCCESS', '192.168.10.129', DATE_SUB(NOW(), INTERVAL 219 HOUR), NULL),
(340, 31, '秦晓岚', '用户管理', '用户维护', 'PUT', '/api/system/users', 'SUCCESS', '192.168.10.130', DATE_SUB(NOW(), INTERVAL 244 HOUR), NULL),
(341, 1, '系统管理员', '统计报表', '报表查询', 'GET', '/api/statistics/dashboard', 'SUCCESS', '192.168.10.131', DATE_SUB(NOW(), INTERVAL 269 HOUR), NULL),
(342, 2, '平台管理员', '认证中心', '登录', 'POST', '/api/auth/login', 'SUCCESS', '192.168.10.132', DATE_SUB(NOW(), INTERVAL 294 HOUR), NULL),
(343, 3, '访客演示账号', '预约管理', '新增预约', 'POST', '/api/workflow/apply', 'SUCCESS', '192.168.10.133', DATE_SUB(NOW(), INTERVAL 319 HOUR), NULL),
(344, 4, '张启航', '审批管理', '审批', 'POST', '/api/workflow/approve', 'SUCCESS', '192.168.10.134', DATE_SUB(NOW(), INTERVAL 344 HOUR), NULL),
(345, 5, '李静怡', '门岗核验', '核验', 'POST', '/api/workflow/gate/verify', 'SUCCESS', '192.168.10.135', DATE_SUB(NOW(), INTERVAL 369 HOUR), NULL),
(346, 6, '王明远', '入校登记', '登记入校', 'POST', '/api/workflow/access/entry', 'SUCCESS', '192.168.10.136', DATE_SUB(NOW(), INTERVAL 394 HOUR), NULL),
(347, 7, '赵雨晴', '离校登记', '登记离校', 'POST', '/api/workflow/access/leave', 'SUCCESS', '192.168.10.137', DATE_SUB(NOW(), INTERVAL 419 HOUR), NULL),
(348, 8, '陈思远', '黑名单管理', '黑名单维护', 'POST', '/api/blacklist', 'SUCCESS', '192.168.10.138', DATE_SUB(NOW(), INTERVAL 444 HOUR), NULL),
(349, 9, '刘若琳', '用户管理', '用户维护', 'PUT', '/api/system/users', 'SUCCESS', '192.168.10.139', DATE_SUB(NOW(), INTERVAL 469 HOUR), NULL),
(350, 10, '杨嘉宁', '统计报表', '报表查询', 'GET', '/api/statistics/dashboard', 'SUCCESS', '192.168.10.140', DATE_SUB(NOW(), INTERVAL 494 HOUR), NULL),
(351, 11, '黄子涵', '认证中心', '登录', 'POST', '/api/auth/login', 'SUCCESS', '192.168.10.141', DATE_SUB(NOW(), INTERVAL 519 HOUR), NULL),
(352, 12, '周安琪', '预约管理', '新增预约', 'POST', '/api/workflow/apply', 'SUCCESS', '192.168.10.142', DATE_SUB(NOW(), INTERVAL 544 HOUR), NULL),
(353, 13, '吴泽宇', '审批管理', '审批', 'POST', '/api/workflow/approve', 'SUCCESS', '192.168.10.143', DATE_SUB(NOW(), INTERVAL 569 HOUR), NULL),
(354, 14, '徐欣然', '门岗核验', '核验', 'POST', '/api/workflow/gate/verify', 'SUCCESS', '192.168.10.144', DATE_SUB(NOW(), INTERVAL 594 HOUR), NULL),
(355, 15, '孙博文', '入校登记', '登记入校', 'POST', '/api/workflow/access/entry', 'SUCCESS', '192.168.10.145', DATE_SUB(NOW(), INTERVAL 619 HOUR), NULL),
(356, 16, '何佳怡', '离校登记', '登记离校', 'POST', '/api/workflow/access/leave', 'SUCCESS', '192.168.10.146', DATE_SUB(NOW(), INTERVAL 644 HOUR), NULL),
(357, 17, '高宇航', '黑名单管理', '黑名单维护', 'POST', '/api/blacklist', 'SUCCESS', '192.168.10.147', DATE_SUB(NOW(), INTERVAL 669 HOUR), NULL),
(358, 18, '郭晨曦', '用户管理', '用户维护', 'PUT', '/api/system/users', 'SUCCESS', '192.168.10.148', DATE_SUB(NOW(), INTERVAL 694 HOUR), NULL),
(359, 19, '冯立国', '统计报表', '报表查询', 'GET', '/api/statistics/dashboard', 'SUCCESS', '192.168.10.149', DATE_SUB(NOW(), INTERVAL 719 HOUR), NULL),
(360, 20, '唐雅雯', '认证中心', '登录', 'POST', '/api/auth/login', 'SUCCESS', '192.168.10.150', DATE_SUB(NOW(), INTERVAL 0 HOUR), NULL);

INSERT INTO screenshot_record (id, screenshot_code, page_name, route_path, role_code, file_path, description, capture_time, status, created_by) VALUES
(1, 'SHOT01', '登录页', '/login', 'ADMIN', 'screenshots/01_login.png', '系统登录与测试账号提示', DATE_SUB(NOW(), INTERVAL 1 HOUR), 'SUCCESS', 1),
(2, 'SHOT02', '首页驾驶舱', '/dashboard', 'ADMIN', 'screenshots/02_dashboard.png', '今日访客、趋势和排行', DATE_SUB(NOW(), INTERVAL 2 HOUR), 'SUCCESS', 1),
(3, 'SHOT03', '访客预约申请页', '/visit/apply', 'ADMIN', 'screenshots/03_visitor_apply.png', '访客填写预约信息', DATE_SUB(NOW(), INTERVAL 3 HOUR), 'SUCCESS', 1),
(4, 'SHOT04', '我的预约页', '/visit/mine', 'ADMIN', 'screenshots/04_my_apply.png', '查看预约状态和通行凭证', DATE_SUB(NOW(), INTERVAL 0 HOUR), 'SUCCESS', 1),
(5, 'SHOT05', '待确认预约页', '/approval/host', 'ADMIN', 'screenshots/05_host_confirm.png', '被访人确认或拒绝', DATE_SUB(NOW(), INTERVAL 1 HOUR), 'SUCCESS', 1),
(6, 'SHOT06', '部门审批页', '/approval/department', 'ADMIN', 'screenshots/06_department_approval.png', '部门审批人员处理申请', DATE_SUB(NOW(), INTERVAL 2 HOUR), 'SUCCESS', 1),
(7, 'SHOT07', '门岗核验页', '/gate/verify', 'ADMIN', 'screenshots/07_gate_check.png', '按通行码或证件核验', DATE_SUB(NOW(), INTERVAL 3 HOUR), 'SUCCESS', 1),
(8, 'SHOT08', '入校登记页', '/access/entry', 'ADMIN', 'screenshots/08_enter_register.png', '核验通过后登记入校', DATE_SUB(NOW(), INTERVAL 0 HOUR), 'SUCCESS', 1),
(9, 'SHOT09', '离校登记页', '/access/leave', 'ADMIN', 'screenshots/09_leave_register.png', '访客离校登记', DATE_SUB(NOW(), INTERVAL 1 HOUR), 'SUCCESS', 1),
(10, 'SHOT10', '当前在校访客页', '/access/current', 'ADMIN', 'screenshots/10_current_visitor.png', '实时展示在校访客', DATE_SUB(NOW(), INTERVAL 2 HOUR), 'SUCCESS', 1),
(11, 'SHOT11', '超时未离校访客页', '/access/overtime', 'ADMIN', 'screenshots/11_overtime_visitor.png', '展示超时风险人员', DATE_SUB(NOW(), INTERVAL 3 HOUR), 'SUCCESS', 1),
(12, 'SHOT12', '黑名单页', '/blacklist', 'ADMIN', 'screenshots/12_blacklist.png', '维护风险访客', DATE_SUB(NOW(), INTERVAL 0 HOUR), 'SUCCESS', 1),
(13, 'SHOT13', '访客记录查询页', '/records', 'ADMIN', 'screenshots/13_visit_record.png', '按条件查询历史记录', DATE_SUB(NOW(), INTERVAL 1 HOUR), 'SUCCESS', 1),
(14, 'SHOT14', '统计报表页', '/reports', 'ADMIN', 'screenshots/14_statistics.png', '趋势、排行和状态分布', DATE_SUB(NOW(), INTERVAL 2 HOUR), 'SUCCESS', 1),
(15, 'SHOT15', '用户管理页', '/system/users', 'ADMIN', 'screenshots/15_user_manage.png', '系统用户维护', DATE_SUB(NOW(), INTERVAL 3 HOUR), 'SUCCESS', 1),
(16, 'SHOT16', '角色权限页', '/system/roles', 'ADMIN', 'screenshots/16_role_permission.png', '角色权限配置', DATE_SUB(NOW(), INTERVAL 0 HOUR), 'SUCCESS', 1),
(17, 'SHOT17', '部门管理页', '/system/departments', 'ADMIN', 'screenshots/17_department_manage.png', '部门基础数据维护', DATE_SUB(NOW(), INTERVAL 1 HOUR), 'SUCCESS', 1),
(18, 'SHOT18', '校门管理页', '/system/gates', 'ADMIN', 'screenshots/18_gate_manage.png', '校门基础数据维护', DATE_SUB(NOW(), INTERVAL 2 HOUR), 'SUCCESS', 1),
(19, 'SHOT19', '系统日志页', '/system/logs', 'ADMIN', 'screenshots/19_system_log.png', '查看关键操作日志', DATE_SUB(NOW(), INTERVAL 3 HOUR), 'SUCCESS', 1);
INSERT INTO report_record (id, report_code, report_name, markdown_path, word_path, generate_status, generate_time, generated_by, error_message) VALUES
(1, 'RPT001', '重庆邮电大学访客管理系统设计报告', 'docs/重庆邮电大学访客管理系统设计报告.md', 'docs/重庆邮电大学访客管理系统设计报告.docx', 'SUCCESS', DATE_SUB(NOW(), INTERVAL 25 HOUR), 1, NULL),
(2, 'RPT002', '重庆邮电大学访客管理系统截图清单', 'docs/截图说明.md', NULL, 'SUCCESS', DATE_SUB(NOW(), INTERVAL 2 HOUR), 1, NULL),
(3, 'RPT003', '重庆邮电大学访客管理系统演示数据说明', 'docs/演示数据说明.md', NULL, 'SUCCESS', DATE_SUB(NOW(), INTERVAL 27 HOUR), 1, NULL);

-- 数据规模静态校验参考：
SELECT 'department' AS table_name, COUNT(*) AS total_count FROM department;
SELECT 'campus_gate' AS table_name, COUNT(*) AS total_count FROM campus_gate;
SELECT 'sys_user' AS table_name, COUNT(*) AS total_count FROM sys_user;
SELECT 'visitor' AS table_name, COUNT(*) AS total_count FROM visitor;
SELECT 'visit_apply' AS table_name, COUNT(*) AS total_count FROM visit_apply;
SELECT 'approval_record' AS table_name, COUNT(*) AS total_count FROM approval_record;
SELECT 'access_record' AS table_name, COUNT(*) AS total_count FROM access_record;
SELECT 'pass_code' AS table_name, COUNT(*) AS total_count FROM pass_code;
SELECT 'blacklist' AS table_name, COUNT(*) AS total_count FROM blacklist;
SELECT 'visitor_vehicle' AS table_name, COUNT(*) AS total_count FROM visitor_vehicle;
SELECT 'visitor_companion' AS table_name, COUNT(*) AS total_count FROM visitor_companion;
SELECT 'operation_log' AS table_name, COUNT(*) AS total_count FROM operation_log;
SELECT 'notice' AS table_name, COUNT(*) AS total_count FROM notice;

